Lead ID,Index,Account Id,Lead Owner,First Name,Last Name,Company,Phone 1,Phone 2,Email 1,Email 2,Website,Source,Deal Stage,Notes,Email 1 Valid,Email 2 Valid,Email,Email Domain,Phone 1 Valid,Phone 2 Valid,Phone,Website Domain,Company Lead Count,Data Completeness Score,Lead Quality,AI Industry,AI Company Type,AI Summary
1,1,862d63fBE445C3B,Antonio Savage,Cameron,Price,"Dean, Daniels and Charles",9998268118,19427046437 ext 07516,jermaine42@bush.info,howardtamara@malone-zamora.com,moody-colon.com,Facebook Ads,Qualified,Be mind picture to.,True,True,jermaine42@bush.info,bush.info,True,False,9998268118,moody-colon.com,1,100.0,High,Unknown,Unknown,There is insufficient information available regarding the company's industry or business type.
2,2,B1B9fa4B9A41f10,Alexander Mccall,Phyllis,Wade,"Woodward, Everett and Doyle",8218576254,5835180548,dorothy36@shannon-dunn.info,qrangel@maxwell.org,nash.com,Other,Closed Lost,Affect activity everybody cause sense close anything.,True,True,dorothy36@shannon-dunn.info,shannon-dunn.info,True,True,8218576254,nash.com,1,100.0,High,Unknown,Unknown,"The provided information for Woodward, Everett and Doyle does not contain sufficient details to determine their industry or business operations."
3,3,1c2a1d1Ef8dDEFa,Nancy Grant,Matthew,Villegas,Mcfarland-Moore,0014495239318 ext 9353,6525052127,gregorybrenda@forbes.biz,fitzpatrickcole@jordan-massey.com,bradley-stanley.com,Organic Search (Seo),Closed Lost,Strong cost together thought.,True,True,gregorybrenda@forbes.biz,forbes.biz,False,True,0014495239318 ext 9353,bradley-stanley.com,1,100.0,Medium,Unknown,Unknown,There is insufficient information provided to determine the industry or company type for Mcfarland-Moore.
4,4,aEAFcec4C129DDE,Yesenia Short,Haley,Chapman,"Potts, Jimenez and Sweeney",4727442240 ext 57147,2413900856 ext 043,shelley22@villarreal.com,pvelazquez@thornton.com,day-hawkins.org,Chatbot,Proposal Sent,Treatment opportunity drop.,True,True,shelley22@villarreal.com,villarreal.com,True,True,4727442240 ext 57147,day-hawkins.org,1,100.0,High,Unknown,Unknown,"Potts, Jimenez and Sweeney is a business entity currently in the proposal stage of a deal involving a treatment opportunity."
5,5,6eA1Ab9d8d03966,Joan Meyers,Priscilla,Tran,Meza-Bolton,3645691151 ext 738,17884881036,kgutierrez@lyons.com,zlogan@andrade.com,nichols-hanson.com,Linkedin Outreach,Proposal Sent,Local throw as soldier finally house always.,True,True,kgutierrez@lyons.com,lyons.com,True,True,3645691151 ext 738,nichols-hanson.com,1,100.0,High,Unknown,Unknown,There is insufficient evidence provided to determine the industry or company type of Meza-Bolton.
6,6,76da550015f55AA,Hector Yates,Javier,King,Riddle Inc,4323860345 ext 1453,15709493166 ext 5753,klarsen@mcneil.com,annette98@reese.biz,paul.com,Facebook Ads,On Hold,Blue available central.,True,True,klarsen@mcneil.com,mcneil.com,True,True,4323860345 ext 1453,paul.com,1,100.0,High,Unknown,Unknown,There is insufficient information available to determine the industry or company type of Riddle Inc based on the provided data.
7,7,c794AD13aafFCb4,Glen Horne,Sophia,Mcmahon,Frederick-Pineda,0012277393685 ext 6276,9046966905 ext 10762,biancagallegos@ryan.info,sallyhawkins@pope-blackwell.org,shepherd-glover.com,Direct Traffic,Proposal Sent,Condition figure view.,True,True,biancagallegos@ryan.info,ryan.info,False,True,0012277393685 ext 6276,shepherd-glover.com,1,100.0,Medium,Unknown,Unknown,"There is insufficient information to determine the industry, company type, or business operations for Frederick-Pineda based on the provided data."
8,8,DAa70C83DB217ef,Oscar Ware,Steven,Riley,Cardenas and Sons,6213595298,6419651272 ext 87983,hillandre@hensley.org,velazquezellen@richards-brady.com,middleton.org,Purchased List,Qualified,Pick fill these research.,True,True,hillandre@hensley.org,hensley.org,True,True,6213595298,middleton.org,1,100.0,High,Unknown,Unknown,There is insufficient information provided to determine the industry or company type for Cardenas and Sons.
9,9,A7d8ABCB42772E9,Cory Garza,Suzanne,Suarez,Roth and Sons,0014893188021 ext 03052,9156009701 ext 379,masonjoann@johnson.com,zmadden@guzman-hodges.com,burgess.org,Webinars,Re-Engagement,Raise ability star light may.,True,True,masonjoann@johnson.com,johnson.com,False,True,0014893188021 ext 03052,burgess.org,1,100.0,Medium,Unknown,Unknown,"The company Roth and Sons is identified through webinar lead sources, though no specific information is available regarding their industry or operational activities."
10,10,2730Ed0d5fAC1c9,Cristian Brady,Jerry,Parker,English Ltd,7866949727,7258439297 ext 2704,robin37@reed.net,jacobcuevas@klein.com,ibarra.biz,Direct Traffic,Contacted,Animal effect suffer international over security.,True,True,robin37@reed.net,reed.net,True,True,7866949727,ibarra.biz,1,100.0,High,Unknown,Unknown,English Ltd is a business contact with insufficient information available to determine its industry or company type.
11,11,FEccF62aAbE6eD7,Eric Quinn,Mckenzie,Barajas,Kent and Sons,5537046803,4409037137,tcosta@montes.com,ndavenport@pacheco.com,randall.net,Webinars,New Lead,See total kid technology.,True,True,tcosta@montes.com,montes.com,True,True,5537046803,randall.net,1,100.0,High,Unknown,Unknown,Kent and Sons is a new lead identified through webinar participation with notes referencing total kid technology.
12,12,F1c65315fF59DCc,Jasmine Brooks,Tina,Banks,"Hernandez, Gould and Tate",19825728198 ext 0142,0018235133542,joluna@huerta.info,jimmychoi@maddox.com,adkins.org,Linkedin Outreach,Closed Lost,Over religious seat I surface world often.,True,True,joluna@huerta.info,huerta.info,True,True,19825728198 ext 0142,adkins.org,1,100.0,High,Unknown,Unknown,"There is insufficient information provided to determine the industry or company type for Hernandez, Gould and Tate."
13,13,EFffF4cA5Ff78f2,Kara Mullins,Deborah,Hurley,Owens and Sons,16398747063 ext 8850,6733249098 ext 74040,nicole50@choi.info,estradajaclyn@goodwin.com,lloyd.info,Linkedin Outreach,Qualified,Cover but remember yes source either run.,True,True,nicole50@choi.info,choi.info,True,True,16398747063 ext 8850,lloyd.info,1,100.0,High,Unknown,Unknown,Owens and Sons is a business identified through LinkedIn outreach with no specific industry or company type information available in the provided notes.
14,14,4fa6cdaAceBca63,Nina Anderson,Tanya,Thomas,Durham-Reilly,16127800112 ext 01770,6986228471,dyercristina@maxwell-mckee.net,cameronwilliamson@malone-archer.info,henson.biz,Direct Traffic,Re-Engagement,Their tend sense game result would set.,True,True,dyercristina@maxwell-mckee.net,maxwell-mckee.net,False,True,16127800112 ext 01770,henson.biz,1,100.0,Medium,Unknown,Unknown,There is insufficient information provided to determine the industry or company type of Durham-Reilly.
15,15,807a2fbC423e818,Barry Whitaker,Tiffany,Bowman,Bray PLC,9237957518,0012472091950 ext 53032,coleparsons@miller-harris.org,holdercassidy@cain.net,larsen.com,Website Form,Proposal Sent,Necessary option receive.,True,True,coleparsons@miller-harris.org,miller-harris.org,True,False,9237957518,larsen.com,1,100.0,High,Unknown,Unknown,Bray PLC submitted a request through a website form and is currently in the proposal stage of the sales pipeline.
16,16,CEA4F32AEB26f33,Melissa Alvarado,Tyrone,Shaffer,Neal PLC,12757483286 ext 412,5282345014 ext 044,jimmywright@mccarty.com,crosbycesar@diaz-bean.info,lin.com,Direct Traffic,Re-Engagement,Sea PM kind check.,True,True,jimmywright@mccarty.com,mccarty.com,True,True,12757483286 ext 412,lin.com,1,100.0,High,Unknown,Unknown,"There is insufficient information provided to determine the industry, company type, or business activities of Neal PLC."
17,17,Ce2A5eb4dC72E18,Lindsay Ashley,Jerome,Hardy,Pena PLC,6184718875,7409962799 ext 16414,franklinfrye@melton.biz,jackiefuentes@lucero.net,hoffman-ray.com,Networking Event,Qualified,Power ability important eye law democratic expect.,True,True,franklinfrye@melton.biz,melton.biz,True,True,6184718875,hoffman-ray.com,1,100.0,High,Unknown,Unknown,Pena PLC is a company identified through a networking event with insufficient information available to determine its specific industry or business type.
18,18,bB2e1aD4A3e0Bd0,Carly Walton,Max,Cox,"Reyes, Simmons and Shields",4715270291 ext 0621,9893875155 ext 64134,erikaingram@leon.biz,mccarthycaroline@steele.com,chung.com,Direct Traffic,Closed Won,Seven statement performance home.,True,True,erikaingram@leon.biz,leon.biz,True,True,4715270291 ext 0621,chung.com,1,100.0,High,Unknown,Unknown,"Reyes, Simmons and Shields is a company with no provided details regarding their industry, operations, or services."
19,19,EC2e54dD29cA5C3,Mackenzie Schaefer,Sophia,Franco,"Nixon, Coleman and Dougherty",5449187798,17574574834,sellersdarrell@keller.org,kochfelicia@sellers.com,hubbard.net,Website Form,Contacted,Out pass tell yeah he eye.,True,True,sellersdarrell@keller.org,keller.org,True,True,5449187798,hubbard.net,1,100.0,High,Unknown,Unknown,"There is insufficient information provided to determine the industry or company type of Nixon, Coleman and Dougherty."
20,20,e1e0d69dFFCFE19,Mathew Bauer,Steven,Bradley,"Kane, Warren and Benton",3668481680 ext 4950,5363095035,stephanie81@valencia.com,glasswhitney@meyer.info,holloway-knox.biz,Facebook Ads,Qualified,Week cause herself always.,True,True,stephanie81@valencia.com,valencia.com,True,True,3668481680 ext 4950,holloway-knox.biz,1,100.0,High,Unknown,Unknown,The company information provided is insufficient to determine the industry or company type.
21,21,E2e4cD87FeC6Fd0,Tiffany Olsen,Andrea,Newton,"Miles, Li and Larsen",2347721962 ext 849,6017199800,courtneyfitzpatrick@little.info,daisy82@rose.com,mclean.info,Social Media,On Hold,Particularly then at real film ground walk usually.,True,True,courtneyfitzpatrick@little.info,little.info,True,True,2347721962 ext 849,mclean.info,1,100.0,High,Unknown,Unknown,"The company Miles, Li and Larsen has no clear business description or industry-related information provided in the available data."
22,22,E8d85DE3A7a356d,Yolanda Gonzalez,Gary,Johns,"Tanner, Case and Ritter",9728522763,12187257495 ext 267,gpace@bridges.com,sheenacarpenter@jensen-ortega.com,moran.com,Cold Call,Qualified,Growth light film book foot star.,True,True,gpace@bridges.com,bridges.com,True,True,9728522763,moran.com,1,100.0,High,Unknown,Unknown,The company information provided is insufficient to determine an industry or company type.
23,23,Fe9C4eFD56EA7BE,Troy Newman,Mckenzie,Vargas,"Hebert, Graves and Duran",2966943546,5953833715 ext 462,moyeralvin@livingston.info,paul92@gallagher.com,patrick.info,Social Media,Re-Engagement,Current technology away well speak act.,True,True,moyeralvin@livingston.info,livingston.info,True,True,2966943546,patrick.info,1,100.0,High,Unknown,Unknown,"Insufficient information is available to determine the industry or company type of Hebert, Graves and Duran based on the provided data."
24,24,D89fbF1cb9bB5C6,Anna Pearson,Dustin,Rosales,Ferguson Inc,4492568860,9789569791,muellermandy@kramer.info,horneallen@shields.net,lucas-kelly.org,Podcast,Closed Won,Break determine speech true.,True,True,muellermandy@kramer.info,kramer.info,True,True,4492568860,lucas-kelly.org,1,100.0,High,Unknown,Unknown,There is insufficient information available to determine the industry or company type for Ferguson Inc.
25,25,87b3AEB2447dA62,Tracy Edwards,Chad,Mata,"Carney, Cantu and Sawyer",6194781204 ext 919,6264329904,tylerjesse@hebert.info,vdowns@sims.com,guerra.info,Partner Program,New Lead,Kind miss believe economic sense play.,True,True,tylerjesse@hebert.info,hebert.info,True,True,6194781204 ext 919,guerra.info,1,100.0,High,Unknown,Unknown,"Carney, Cantu and Sawyer is a new lead from a partner program with no available information regarding its industry or business operations."
26,26,8d8f7cDdefb910e,Adrian Price,Joy,Beltran,Woodward and Sons,16786737748 ext 67647,15096166091,wendydennis@barajas.com,zmays@cherry.com,mayer-dominguez.com,Linkedin Outreach,Contacted,Oil to when product evening strategy American.,True,True,wendydennis@barajas.com,barajas.com,False,True,16786737748 ext 67647,mayer-dominguez.com,1,100.0,Medium,Unknown,Unknown,"Woodward and Sons was contacted via LinkedIn outreach, but there is insufficient information to determine their industry or business model."
27,27,dB6C697D801662B,Clayton Ellis,Lydia,Barron,Schroeder Group,9554536069 ext 659,5498583009 ext 7600,lfoster@moon-hogan.org,jzhang@ruiz-wade.com,barton.com,Organic Search (Seo),Disqualified,Consider ground win.,True,True,lfoster@moon-hogan.org,moon-hogan.org,True,True,9554536069 ext 659,barton.com,1,100.0,High,Unknown,Unknown,Schroeder Group is a company identified through organic search that is currently in a disqualified deal stage.
28,28,2BDCFeECDBB79AB,Blake Lin,Carly,Morton,"Berry, Wyatt and Thompson",7835622282,19186066575 ext 169,alexis37@estrada.info,vholland@butler-sloan.org,decker.com,Retargeting Ads,On Hold,Young southern to soldier foot face trouble especially.,True,True,alexis37@estrada.info,estrada.info,True,True,7835622282,decker.com,1,100.0,High,Unknown,Unknown,"There is insufficient information provided to determine the industry or company type of Berry, Wyatt and Thompson."
29,29,24debf2dEe8eDF3,Jeffrey Hayes,Jason,Herrera,Hinton-Crane,13339707031,12015145822 ext 3446,rcollins@cox-valenzuela.org,alejandrachung@beasley-wolfe.com,tran.com,Podcast,Disqualified,Full artist manager game.,True,True,rcollins@cox-valenzuela.org,cox-valenzuela.org,True,True,13339707031,tran.com,1,100.0,High,Entertainment,Software,Hinton-Crane is involved in the development or management of an artist manager game.
30,30,7E6bB20532EA89b,Roy Phelps,Lucas,Fitzgerald,"Reed, Porter and Garrett",3429325965 ext 89442,7374301091,ehuerta@bond.net,msaunders@gill-keller.com,harper.com,Cold Call,Proposal Sent,Mind quality those the.,True,True,ehuerta@bond.net,bond.net,True,True,3429325965 ext 89442,harper.com,1,100.0,High,Unknown,Unknown,"There is insufficient information provided to determine the industry or company type for Reed, Porter and Garrett."
31,31,ccF8e0d8fBB8Daf,Nicolas Winters,Grace,Potter,"Pollard, Serrano and Hancock",6888860868,9114335304,jhendricks@hansen.info,stephensonkurt@white.net,tran-steele.info,Linkedin Outreach,Negotiation,Recently the be traditional.,True,True,jhendricks@hansen.info,hansen.info,True,True,6888860868,tran-steele.info,1,100.0,High,Unknown,Unknown,"The available information provides no specific details regarding the industry or company type of Pollard, Serrano and Hancock."
32,32,CcDe2e45AfE9313,Jorge Huffman,Gregg,Johnson,Harrington Group,8653546948 ext 31539,7176225758 ext 990,santiagofrancisco@saunders-solis.com,spencerjermaine@garrett.com,hill-cuevas.biz,Direct Traffic,Negotiation,Quickly mind performance subject who pass throughout end.,True,True,santiagofrancisco@saunders-solis.com,saunders-solis.com,True,True,8653546948 ext 31539,hill-cuevas.biz,1,100.0,High,Unknown,Unknown,"Harrington Group is currently in the negotiation stage of a business deal, but there is insufficient information to determine its industry or company type."
33,33,Df3CC92785D5BC8,Herbert Mccormick,Charlotte,Hughes,Velazquez Inc,6296898135,4133931842 ext 9426,alexcarson@rosales.com,gaycassandra@gilmore-riley.com,stewart.com,Linkedin Outreach,Closed Lost,Measure enter hold.,True,True,alexcarson@rosales.com,rosales.com,True,True,6296898135,stewart.com,1,100.0,High,Unknown,Unknown,The provided information regarding Velazquez Inc does not contain sufficient details to determine the company's industry or business model.
34,34,c04bF6a0caCEe8C,Kyle Townsend,Eddie,Shepherd,"Peterson, Mcintosh and Duran",2844247909,9919109131,farleyjake@clark.org,dennissherman@oneal.com,mosley-mcclure.org,Podcast,New Lead,Soon consider only effect candidate agent century bank.,True,True,farleyjake@clark.org,clark.org,True,True,2844247909,mosley-mcclure.org,1,100.0,High,Unknown,Unknown,The available information provides no clear details regarding the company's industry or business activities.
35,35,ae1Df9F26E54D6f,Maria Foster,Alfred,Bolton,Melton PLC,4424545628 ext 4434,9229572221 ext 82407,theodoreholder@sellers.com,robbinsross@sexton-watkins.com,duffy.com,Webinars,Proposal Sent,Watch never management common partner than mother.,True,True,theodoreholder@sellers.com,sellers.com,True,True,4424545628 ext 4434,duffy.com,1,100.0,High,Unknown,Unknown,"Melton PLC is currently in the proposal stage following participation in a webinar, though no specific business activities or industry focus are discernible from the provided notes."
36,36,AeBdC072578242D,Priscilla Mann,Gail,Warner,"Good, Montgomery and Woods",4492201983,16174321751 ext 9756,jakesoto@castaneda-blanchard.com,ncervantes@solis.info,mcgee-stanton.biz,Google Ads,Re-Engagement,Hundred guy woman first.,True,True,jakesoto@castaneda-blanchard.com,castaneda-blanchard.com,True,True,4492201983,mcgee-stanton.biz,1,100.0,High,Unknown,Unknown,"There is insufficient information provided to determine the industry or company type of Good, Montgomery and Woods."
37,37,Ea46ff9A38aF47B,Dwayne Lin,Maria,Archer,Howard-Ballard,4906758269,8868441647,gbrown@gallagher.net,lewisregina@curtis-mcmahon.com,espinoza.com,Linkedin Outreach,Closed Lost,Learn much executive current close include.,True,True,gbrown@gallagher.net,gallagher.net,True,True,4906758269,espinoza.com,1,100.0,High,Unknown,Unknown,The available information is insufficient to determine the company's industry or business model.
38,38,0bAd3ddED336Acb,Sean Swanson,Fernando,Cantu,Rush-Martin,17754701047 ext 621,0017402565581 ext 40856,crossalicia@oneill-decker.info,csimon@massey.com,melton.com,Trade Show,Closed Lost,Memory go full score particularly day direction.,True,True,crossalicia@oneill-decker.info,oneill-decker.info,True,False,17754701047 ext 621,melton.com,1,100.0,High,Unknown,Unknown,"Rush-Martin was identified as a business lead from a trade show and categorized as a closed lost deal, though no specific industry or company details are available."
39,39,AF4EFA79d8dE3eF,Gordon Ruiz,Annette,Ramsey,Lin-Lawson,5959142510,9198186874 ext 4199,jonestami@winters.biz,wongerica@kirk.com,lucas-dillon.com,Direct Traffic,Qualified,Fish clearly moment senior they range.,True,True,jonestami@winters.biz,winters.biz,True,True,5959142510,lucas-dillon.com,1,100.0,High,Unknown,Unknown,There is insufficient information available to determine the industry or company type of Lin-Lawson based on the provided data.
40,40,FE88BE947cF3A74,Betty Ferrell,Nicholas,Knox,Castaneda-Mcpherson,7312845600,16446388164 ext 81688,brycezimmerman@benjamin-thornton.biz,wgrimes@bentley.net,kelly.net,Networking Event,New Lead,Husband level material kid serious store where.,True,True,brycezimmerman@benjamin-thornton.biz,benjamin-thornton.biz,True,False,7312845600,kelly.net,1,100.0,High,Unknown,Unknown,There is insufficient information available to determine the industry or company type of Castaneda-Mcpherson based on the provided notes.
41,41,fD3FdCbb4163bD6,Warren Santos,Jonathon,Rivers,Church-Dunn,6756268100,4153919866 ext 1417,ycoleman@wright.com,kelleybrenda@barron-bowen.com,li.com,Webinars,Disqualified,My question stock.,True,True,ycoleman@wright.com,wright.com,True,True,6756268100,li.com,1,100.0,High,Unknown,Unknown,Church-Dunn is a disqualified lead sourced from a webinar with no clear industry or company type information provided.
42,42,3fEd0Bc91FdC93c,Herbert George,Eileen,Mullen,Williamson-Weiss,7373088613 ext 68510,4282604038,courtney50@farley.com,rwoods@ochoa-beltran.org,livingston.biz,Purchased List,Re-Engagement,Receive society sign keep.,True,True,courtney50@farley.com,farley.com,True,True,7373088613 ext 68510,livingston.biz,1,100.0,High,Unknown,Unknown,"The company is currently categorized as a re-engagement lead, but insufficient information is provided to determine its industry or company type."
43,43,FeCAcDEEeD6A0c4,Jennifer Blevins,Kerry,Hampton,Mclean-Huang,3384285764 ext 2810,16037270592 ext 3524,lonniebradford@gregory.org,connie75@barnett.com,haley.com,Cold Email,Re-Engagement,Too first establish available another prove site.,True,True,lonniebradford@gregory.org,gregory.org,True,True,3384285764 ext 2810,haley.com,1,100.0,High,Unknown,Unknown,The provided information does not contain sufficient details to determine the industry or company type for Mclean-Huang.
44,44,422dcDabc79d4AE,Leroy Daugherty,Veronica,Bird,Hess LLC,4207577936,2543984561,colinlynn@peck.com,tmayer@brennan.com,hanna.info,Retargeting Ads,Negotiation,Including share including open story heavy.,True,True,colinlynn@peck.com,peck.com,True,True,4207577936,hanna.info,1,100.0,High,Unknown,Unknown,"Hess LLC is a company currently in the negotiation phase of a business deal, with no specific industry or business type identified based on the provided data."
45,45,CB10FbDc2824158,Melanie Burns,Beth,Sampson,Terrell PLC,9287871632 ext 270,4913569843 ext 8345,gilbertclayton@stone.com,eduardoarmstrong@pittman-holloway.biz,cook-ellison.info,Chatbot,Closed Won,Mouth car Republican compare responsibility miss.,True,True,gilbertclayton@stone.com,stone.com,True,True,9287871632 ext 270,cook-ellison.info,1,100.0,High,Unknown,Unknown,Terrell PLC is an entity with insufficient public information to determine its specific industry or company type.
46,46,699BCBDF5ABc6E8,Mackenzie Lee,Chelsey,Walsh,"Davidson, Odonnell and Short",3453997387 ext 26399,4789076521,russell57@vaughn.com,valerie44@odom.com,welch.biz,Cold Call,Closed Won,Daughter let draw statement especially.,True,True,russell57@vaughn.com,vaughn.com,True,True,3453997387 ext 26399,welch.biz,1,100.0,High,Unknown,Unknown,"The company Davidson, Odonnell and Short was identified through a cold call and reached a closed won deal stage, but no further business information is available."
47,47,c2B7a4cDe2b4cBC,Brittany Taylor,Tom,Santana,Rollins-Stanton,0017405144271 ext 34158,7315830166 ext 345,brent06@shepard.com,cjenkins@cisneros-espinoza.com,paul.com,Other,Re-Engagement,Mother what agree maybe above.,True,True,brent06@shepard.com,shepard.com,False,True,0017405144271 ext 34158,paul.com,1,100.0,Medium,Unknown,Unknown,There is insufficient information available to determine the industry or company type for Rollins-Stanton based on the provided data.
48,48,444Dd84e7ECEC77,Bob Cunningham,Cristian,Mcclure,King-Lee,13739947902 ext 8449,13287463283 ext 687,prich@chavez.net,jason61@holmes.net,mullen.net,Referral,On Hold,Process form identify course.,True,True,prich@chavez.net,chavez.net,True,True,13739947902 ext 8449,mullen.net,1,100.0,High,Unknown,Unknown,"King-Lee is a company currently in an on-hold deal stage, with notes referencing process forms and identifying courses."
49,49,69c947a73d64ebA,Jesus Nelson,Rita,Schultz,Levy PLC,8433313124 ext 233,8927335497,chelsey56@cisneros-cowan.com,briannamcfarland@gomez.biz,castaneda.com,Google Ads,Contacted,Look admit source threat degree building author.,True,True,chelsey56@cisneros-cowan.com,cisneros-cowan.com,True,True,8433313124 ext 233,castaneda.com,1,100.0,High,Unknown,Unknown,There is insufficient information available to determine the industry or company type for Levy PLC based on the provided notes and data.
50,50,29Db24dCDfEdBCC,Latoya Beck,Eugene,May,Saunders-Mcdowell,4587048204 ext 9179,4308141446,curtis83@mendez.com,dhooper@ramsey.com,guerra.com,Referral,Disqualified,Various trouble how plant future.,True,True,curtis83@mendez.com,mendez.com,True,True,4587048204 ext 9179,guerra.com,1,100.0,High,Unknown,Unknown,There is insufficient information to determine the industry or company type for Saunders-Mcdowell based on the provided notes.
51,51,e35Ac13a9eAA8f2,Ross Hood,Peter,Obrien,"Martin, Cooley and Conway",3414961894 ext 567,7954654854 ext 361,mpaul@boyle.com,andresbutler@arroyo.net,pacheco.org,Google Ads,Qualified,These yeah attack wrong all box than.,True,True,mpaul@boyle.com,boyle.com,True,True,3414961894 ext 567,pacheco.org,1,100.0,High,Unknown,Unknown,"There is insufficient information provided to determine the industry or company type for Martin, Cooley and Conway."
52,52,0549BeaA2313498,Paul Lara,Craig,Clarke,"Hanna, Briggs and Barnes",6082612182 ext 9687,18108862810 ext 34324,dawnblake@pugh.com,obrooks@nash.com,cuevas.info,Podcast,Qualified,At accept trial send.,True,True,dawnblake@pugh.com,pugh.com,True,False,6082612182 ext 9687,cuevas.info,1,100.0,High,Unknown,Unknown,"Hanna, Briggs and Barnes is a prospective lead currently at the trial stage based on internal notes."
53,53,fA4ECd15eb281F8,Juan Lowery,Rachel,Eaton,Daniels-Moon,3588138423,2302770123 ext 09169,simpsonsheila@gentry-hawkins.biz,amoore@walls.com,bradley.com,Content Marketing,Closed Lost,Race amount both kid last.,True,True,simpsonsheila@gentry-hawkins.biz,gentry-hawkins.biz,True,True,3588138423,bradley.com,1,100.0,High,Unknown,Unknown,"Daniels-Moon is a company identified through content marketing with a deal stage of closed lost, though no specific business activities or industry details are available."
54,54,C03491Db1c7BeF3,Vanessa Boyle,Sarah,Barrera,"Tran, Haney and Torres",18319831785 ext 689,14672551894 ext 21709,claudia35@ortiz.net,ricky59@dean.com,wolfe.com,Cold Email,Negotiation,Site beautiful choose government go.,True,True,claudia35@ortiz.net,ortiz.net,True,False,18319831785 ext 689,wolfe.com,1,100.0,High,Unknown,Unknown,"There is insufficient evidence provided to determine the industry or company type of Tran, Haney and Torres."
55,55,7AaCddcfeEFC467,Steve Munoz,Devin,Hess,"Cortez, Coffey and Martin",5914294983,0017527539075,jim74@rich.com,oscarrollins@holland-larson.net,rios.com,Organic Search (Seo),New Lead,Operation total end space.,True,True,jim74@rich.com,rich.com,True,True,5914294983,rios.com,1,100.0,High,Unknown,Unknown,"There is insufficient information provided to determine the industry or company type of Cortez, Coffey and Martin."
56,56,6D67a25aAAab7C0,Connie Cervantes,Hector,Rivera,Bernard-Carney,3172436638 ext 7314,8604488592 ext 801,hensleyeduardo@coleman.com,tim20@moses-maynard.net,yoder.com,Social Media,Closed Won,Family nation inside appear miss.,True,True,hensleyeduardo@coleman.com,coleman.com,True,True,3172436638 ext 7314,yoder.com,1,100.0,High,Unknown,Unknown,"The available information regarding Bernard-Carney is insufficient to determine its industry, company type, or business activities."
57,57,D53411119C1A5Ac,Gary Calderon,Todd,Valentine,Dalton and Sons,19559798896 ext 185,2505652329,sheliaharper@ruiz.com,tylerdarrell@hendrix-cummings.biz,kirby.net,Chatbot,Re-Engagement,Major dinner room get activity.,True,True,sheliaharper@ruiz.com,ruiz.com,True,True,19559798896 ext 185,kirby.net,1,100.0,High,Unknown,Unknown,The company is being re-engaged following activity related to dining room operations.
58,58,1bEAEdDA3Eca3C2,Sierra Berry,Rose,Kirby,"Hester, Fletcher and Doyle",4243241309,3418250986 ext 5913,terri89@boyd.com,brianayoder@pierce.com,hughes-robertson.net,Podcast,Qualified,Deep economy chance source.,True,True,terri89@boyd.com,boyd.com,True,True,4243241309,hughes-robertson.net,1,100.0,High,Unknown,Unknown,"Hester, Fletcher and Doyle is a company identified in a podcast as being associated with deep economy opportunities."
59,59,bBed9e5aBBC011F,Morgan Mercer,George,Downs,"Haas, Dalton and Orozco",2394364613 ext 6520,2326478609 ext 97025,jessica29@schmidt.com,ghaas@barton.info,barker-moody.com,Google Ads,Closed Won,Responsibility before sister full lay leave west.,True,True,jessica29@schmidt.com,schmidt.com,True,True,2394364613 ext 6520,barker-moody.com,1,100.0,High,Unknown,Unknown,"There is insufficient information provided to determine the industry or company type for Haas, Dalton and Orozco."
60,60,C12C0a43A8dbaC8,Jodi Allison,Jackson,Soto,"Mcmillan, Pineda and Mcguire",8566590018,7788810815,dean95@williamson.com,reginagilbert@rivera-robertson.com,arellano.com,Trade Show,On Hold,Choice scientist audience.,True,True,dean95@williamson.com,williamson.com,True,True,8566590018,arellano.com,1,100.0,High,Unknown,Unknown,The company is identified as having a choice scientist audience based on trade show notes.
61,61,5ebdAC98BcE4B55,Marco Pratt,Gloria,Watkins,"York, Pena and Chambers",0019933342199 ext 152,0014775198904 ext 85550,jermaineleon@clayton-barber.com,vross@monroe-fisher.com,ochoa.com,Cold Call,Contacted,Space put several central much those investment else.,True,True,jermaineleon@clayton-barber.com,clayton-barber.com,False,False,0019933342199 ext 152,ochoa.com,1,100.0,Medium,Unknown,Unknown,"The company York, Pena and Chambers has been contacted via cold call, but there is insufficient information provided to determine its specific industry or business type."
62,62,b2CFb30616F7A6F,Paige Morrison,Tanya,Hendricks,Hubbard Ltd,4794325160,6744707600,petersenjody@hendricks.com,randytate@espinoza-blair.com,jackson-gonzales.com,Retargeting Ads,Closed Won,Mention owner stop ahead factor speech.,True,True,petersenjody@hendricks.com,hendricks.com,True,True,4794325160,jackson-gonzales.com,1,100.0,High,Unknown,Unknown,"Hubbard Ltd is a business entity that reached a closed-won deal stage through retargeting ads, though no specific industry or operational details are provided."
63,63,fD3Ed2683A33Ec1,Derek Sharp,Karina,Hubbard,Rodgers-Nolan,8927081412,0016197397786 ext 3070,stanleyanna@ho.com,asingh@acevedo.com,brandt.biz,Facebook Ads,New Lead,High moment mind ten political head explain chair.,True,True,stanleyanna@ho.com,ho.com,True,False,8927081412,brandt.biz,1,100.0,High,Unknown,Unknown,The company Rodgers-Nolan was identified as a new lead via Facebook Ads with no further information available regarding its business operations.
64,64,4DFCdb190D6F5e2,Ruben House,Fernando,Nixon,"Woodward, Oneal and Sanders",8484371167,8093407163,marie26@livingston-buckley.com,cole90@gibbs.info,allison.net,Website Form,Closed Won,Off boy rise.,True,True,marie26@livingston-buckley.com,livingston-buckley.com,True,True,8484371167,allison.net,1,100.0,High,Unknown,Unknown,"The company Woodward, Oneal and Sanders is a closed-won lead with no provided information regarding its industry, services, or operations."
65,65,Db033e1eb4eb65c,Joann May,Bob,Carson,Patrick PLC,7657091465 ext 6302,5039685679 ext 3983,isabella95@myers.com,lawsonevan@donaldson.com,robinson.net,Networking Event,Closed Lost,Debate large million ball natural owner.,True,True,isabella95@myers.com,myers.com,True,True,7657091465 ext 6302,robinson.net,1,100.0,High,Unknown,Unknown,"The company Patrick PLC is a business lead identified at a networking event, currently marked as a closed lost deal with no specific industry or operational details available."
66,66,Accd0949D6aa9A9,Carmen Monroe,Samantha,Schneider,Camacho-Bell,15572409942 ext 43570,4784328677,hensonconnie@mueller.info,glenkirk@wu-burns.net,moss.info,Cold Call,Closed Won,Well real dog campaign ask.,True,True,hensonconnie@mueller.info,mueller.info,False,True,15572409942 ext 43570,moss.info,1,100.0,Medium,Unknown,Unknown,The available information provides no clear details regarding the company's industry or business activities.
67,67,Efc9cFFb2cceB58,Jerome Roy,Tammie,Castillo,"Haynes, Ibarra and Meza",7992839649 ext 306,15222264623 ext 0573,fitzgeraldmarcus@garza.com,dtanner@atkinson.info,patel.info,Organic Search (Seo),Closed Won,Itself against paper much much.,True,True,fitzgeraldmarcus@garza.com,garza.com,True,True,7992839649 ext 306,patel.info,1,100.0,High,Unknown,Unknown,"The provided information is insufficient to determine the industry or company type of Haynes, Ibarra and Meza."
68,68,D2FCE39fC51EabD,Edgar Vaughan,Dale,Warren,"Christensen, Skinner and Marquez",0016824061154,5825397977 ext 571,jonathonadkins@conner.com,harry44@oneill.com,dickerson.org,Linkedin Outreach,Re-Engagement,Court just black technology name run TV.,True,True,jonathonadkins@conner.com,conner.com,True,True,0016824061154,dickerson.org,1,100.0,High,Unknown,Unknown,There is insufficient evidence provided to determine the company's industry or business model.
69,69,ade26a40C896249,Stacey Schmitt,Omar,Lara,Mcmahon-Boyer,3366066401 ext 896,0016038058990,conwaybobby@abbott.org,mikewilliams@wong.info,singh.org,Purchased List,Contacted,Service though law major yes.,True,True,conwaybobby@abbott.org,abbott.org,True,True,3366066401 ext 896,singh.org,1,100.0,High,Legal,Unknown,The company is associated with legal services.
70,70,A2CF23A886222Ee,Wanda Harrell,Leslie,Melendez,Bell LLC,0018985558732,16665823598 ext 1516,crose@rowe.com,huertagavin@pierce-whitaker.org,ellison-horton.com,Google Ads,Re-Engagement,Job special ten green seek police.,True,True,crose@rowe.com,rowe.com,True,True,0018985558732,ellison-horton.com,1,100.0,High,Unknown,Unknown,The available information regarding Bell LLC is insufficient to determine its industry or company type.
71,71,Dfd0b4EFef38A6C,Dominique Coleman,Troy,Lang,Villegas-Case,0015063317508 ext 7172,9569481124,suttonevan@bush.org,stevensongene@carpenter-patrick.com,blevins.info,Direct Traffic,Negotiation,Adult news face few hear today property painting.,True,True,suttonevan@bush.org,bush.org,False,True,0015063317508 ext 7172,blevins.info,1,100.0,Medium,Unknown,Unknown,There is insufficient information provided to determine the industry or company type of Villegas-Case.
72,72,de44F9E89C79f43,Natalie Hunter,Evan,Larsen,"Hubbard, Tucker and Fields",8312687666,6153530116 ext 3092,ochoalevi@osborn.info,qbowman@page.com,miller-nichols.com,Retargeting Ads,Disqualified,Life instead condition within figure these like.,True,True,ochoalevi@osborn.info,osborn.info,True,True,8312687666,miller-nichols.com,1,100.0,High,Unknown,Unknown,"The provided information contains insufficient data to determine the industry or company type for Hubbard, Tucker and Fields."
73,73,e4e93CA2a98ace6,Kirk Salinas,Clifford,Good,Vincent Inc,13956867745 ext 320,3144664967,nancy89@robbins.com,vickie14@woodard.com,david.info,Cold Call,Proposal Sent,Light win opportunity begin bill past.,True,True,nancy89@robbins.com,robbins.com,True,True,13956867745 ext 320,david.info,1,100.0,High,Unknown,Unknown,Vincent Inc is a prospect currently at the proposal stage of a sales process.
74,74,086044aEbfEF86F,Hector Fitzgerald,Nicole,Giles,"Bonilla, Myers and Perez",5735604098,5278152921 ext 233,gordon08@barron.info,judithharding@church.com,castro-dougherty.com,Networking Event,Proposal Sent,Professor sound relationship evening realize.,True,True,gordon08@barron.info,barron.info,True,True,5735604098,castro-dougherty.com,1,100.0,High,Unknown,Unknown,"There is insufficient evidence provided to determine the industry or company type for Bonilla, Myers and Perez."
75,75,3DAFAcE7ffCCfbf,Gwendolyn Stout,Nichole,Skinner,Pitts-Nielsen,13527760179 ext 43707,2258650336,rcruz@hess.com,george92@thornton-rush.com,sampson-dalton.info,Website Form,Closed Lost,Wait half ready every.,True,True,rcruz@hess.com,hess.com,False,True,13527760179 ext 43707,sampson-dalton.info,1,100.0,Medium,Unknown,Unknown,The company Pitts-Nielsen has no descriptive information provided to determine its industry or business type.
76,76,768f6119D75FCcc,Collin Hatfield,Christopher,Munoz,Santos-Melton,9155985095 ext 682,3547622176 ext 65569,zhangandre@benjamin-cordova.net,reynoldsnathaniel@reese.com,brandt.com,Facebook Ads,On Hold,About woman size really.,True,True,zhangandre@benjamin-cordova.net,benjamin-cordova.net,True,True,9155985095 ext 682,brandt.com,1,100.0,High,Unknown,Unknown,The provided information does not offer sufficient context to determine the company's industry or business type.
77,77,AECAfAf5c5bA3ef,Claire Beasley,Wyatt,Burch,Oneill Ltd,5143211897,8976790760 ext 2989,phelpsclinton@cantrell.org,marcusandersen@giles.com,harmon.com,Referral,Re-Engagement,Hundred agent full cup fish catch.,True,True,phelpsclinton@cantrell.org,cantrell.org,True,True,5143211897,harmon.com,1,100.0,High,Unknown,Unknown,Insufficient information is available to determine the industry or company type for Oneill Ltd based on the provided notes and domains.
78,78,5d6cDD243B00cd1,Philip Hudson,Ross,Morrison,Harrell LLC,7235285470 ext 9123,14032488012 ext 675,devoncarr@cowan.org,mullenallen@avila.com,mata-nichols.com,Google Ads,Disqualified,Age sit argue provide party western feel.,True,True,devoncarr@cowan.org,cowan.org,True,True,7235285470 ext 9123,mata-nichols.com,2,100.0,High,Unknown,Unknown,Harrell LLC is an entity associated with the domain mata-nichols.com that was disqualified as a business lead.
79,79,bb3A0Dd8cdd2B15,Neil Patton,Jerry,Baldwin,Good Inc,15176156074 ext 710,6795258023,francesrubio@abbott.com,miranda53@nichols.org,holland.net,Chatbot,New Lead,Institution quickly a late report.,True,True,francesrubio@abbott.com,abbott.com,True,True,15176156074 ext 710,holland.net,1,100.0,High,Unknown,Unknown,Good Inc is a new lead that submitted a late report via a chatbot.
80,80,3F3EC2aCA2cdfDA,Keith Vega,Shawn,Jennings,Dunlap LLC,6527391701,16805327644,duanecisneros@hobbs-carr.com,jeandickerson@lane-houston.com,dickson-mcmillan.info,Other,Proposal Sent,Card away whether center film.,True,True,duanecisneros@hobbs-carr.com,hobbs-carr.com,True,True,6527391701,dickson-mcmillan.info,2,100.0,High,Unknown,Unknown,"The provided information for Dunlap LLC is insufficient to determine the company's industry, type, or specific business activities."
81,81,Cbb2C8D2FfA7aEe,Renee Shepard,Brittany,White,"Trevino, Moody and Gomez",8144699660 ext 21891,2546268091 ext 639,bradfordcharlotte@shields.info,dillonvillanueva@bell-hunt.com,mccoy.com,Webinars,Closed Won,Often learn discover news.,True,True,bradfordcharlotte@shields.info,shields.info,True,True,8144699660 ext 21891,mccoy.com,1,100.0,High,Unknown,Unknown,"Trevino, Moody and Gomez is a company that engages with webinars to stay informed on current news."
82,82,daBdd6F61D55da4,Rita Howard,Shannon,Yang,"Werner, Frazier and Ali",14847105860 ext 10488,3465920155,potterseth@gillespie.org,dcollier@schmidt-mullins.com,mueller-porter.com,Other,Proposal Sent,Cultural wide generation majority will population.,True,True,potterseth@gillespie.org,gillespie.org,False,True,14847105860 ext 10488,mueller-porter.com,1,100.0,Medium,Unknown,Unknown,The available information does not provide sufficient evidence to determine the company's industry or specific business activities.
83,83,62cC1E5Ac2Eb532,Cesar Warren,Ryan,Estrada,"Hanson, Hebert and Garcia",4839685105,5437217852 ext 2229,lwagner@zamora.net,qmorrison@gibson.biz,cunningham.com,Direct Traffic,Disqualified,By space military much suffer successful window into.,True,True,lwagner@zamora.net,zamora.net,True,True,4839685105,cunningham.com,1,100.0,High,Unknown,Unknown,"There is insufficient information provided to determine the industry or company type of Hanson, Hebert and Garcia."
84,84,A727DccF6AEabf4,Kara Hull,Meghan,Beasley,Moss-Reyes,3956271922,16898856442 ext 740,phamdeborah@dougherty.com,hayden45@boone-choi.com,keller.com,Podcast,Re-Engagement,Often pick born ever attack office.,True,True,phamdeborah@dougherty.com,dougherty.com,True,True,3956271922,keller.com,1,100.0,High,Unknown,Unknown,There is insufficient information provided to determine the industry or company type for Moss-Reyes.
85,85,aAa7Ce72A9A37b2,Kristin Dunn,Brendan,Madden,"Casey, Garner and Hatfield",7266493690,3672967650,terrellkiara@guerra.net,harrellkaren@contreras.com,mcmillan.com,Retargeting Ads,Proposal Sent,Arm north health.,True,True,terrellkiara@guerra.net,guerra.net,True,True,7266493690,mcmillan.com,1,100.0,High,Healthcare,Unknown,The company is involved in the health sector with a focus on northern regions.
86,86,Cb9fFdAb91f12D9,Nicole Allen,Mallory,Orr,"Paul, Ali and Rasmussen",9326573179,8169307673,landrade@zamora.net,collin06@shaffer.biz,harrington-aguirre.com,Podcast,Closed Lost,Something participant policy cultural leave dark almost.,True,True,landrade@zamora.net,zamora.net,True,True,9326573179,harrington-aguirre.com,1,100.0,High,Unknown,Unknown,"There is insufficient information available to determine the industry or company type for Paul, Ali and Rasmussen."
87,87,29Cf1eb7dbbb9a5,Collin Lozano,Arthur,Odom,Hebert LLC,8437604717 ext 66189,4709842376,terrellkelli@dillon-pierce.net,jeremyhunt@rojas.com,kelley.com,Linkedin Outreach,New Lead,Analysis again others support.,True,True,terrellkelli@dillon-pierce.net,dillon-pierce.net,True,True,8437604717 ext 66189,kelley.com,1,100.0,High,Unknown,Unknown,Hebert LLC is a business lead identified via LinkedIn outreach with no specific industry or operational details provided.
88,88,D0A1fE736AB17D8,April Cantu,Gloria,Hess,Strickland-Colon,0014959291716 ext 6067,8214193023 ext 9172,jimmynichols@mcbride.net,cowen@hensley.com,duran-harvey.org,Other,Contacted,Figure effect board.,True,True,jimmynichols@mcbride.net,mcbride.net,False,True,0014959291716 ext 6067,duran-harvey.org,1,100.0,Medium,Unknown,Unknown,There is insufficient information available to determine the industry or company type of Strickland-Colon.
89,89,98DcC1B7c36e4b6,Steven Barrett,Kristy,Estrada,Oneal Ltd,4973245305 ext 6694,9246664580,alex63@king.com,aewing@holloway.info,contreras.com,Podcast,New Lead,Brother at size say teach where.,True,True,alex63@king.com,king.com,True,True,4973245305 ext 6694,contreras.com,1,100.0,High,Unknown,Unknown,Oneal Ltd is a new lead sourced from a podcast with insufficient information provided to determine its industry or company type.
90,90,F8Df3c21E3e89b4,Sydney Dominguez,Fernando,Franklin,Blackwell Group,8973064055 ext 57325,0015122235929 ext 35625,bwalter@deleon-leach.biz,gail24@fields.org,roth-cross.com,Content Marketing,Closed Lost,Home bed production between TV reduce similar.,True,True,bwalter@deleon-leach.biz,deleon-leach.biz,True,False,8973064055 ext 57325,roth-cross.com,1,100.0,High,Manufacturing,Manufacturing,Blackwell Group is a manufacturing company involved in the production of home beds.
91,91,00becCCeaBF92F0,Connie Watkins,Don,Leon,"Patton, Arias and Mullins",12947394807,0016483110953 ext 9891,earlosborn@wilkerson-grant.com,gutierrezkristina@leon-ashley.com,lynn.biz,Linkedin Outreach,New Lead,Stage far evening tree marriage out.,True,True,earlosborn@wilkerson-grant.com,wilkerson-grant.com,True,False,12947394807,lynn.biz,1,100.0,High,Unknown,Unknown,"There is insufficient information provided to determine the industry or company type of Patton, Arias and Mullins."
92,92,e2d5FAd408f4ea4,Eileen Dyer,Evan,Parks,"Bolton, Carr and Hart",8088363447 ext 114,9937811142 ext 1578,lyonsluis@le-bailey.com,evanstevens@avery.info,chapman.com,Chatbot,Negotiation,Response book edge window.,True,True,lyonsluis@le-bailey.com,le-bailey.com,True,True,8088363447 ext 114,chapman.com,1,100.0,High,Unknown,Unknown,"The available information is insufficient to determine the industry or company type of Bolton, Carr and Hart."
93,93,8FcF40F52bE31bA,Wayne Aguirre,Jake,Fitzpatrick,Flowers-Oneal,6066650901 ext 4135,6564743975 ext 8332,anna12@butler.com,maurice95@steele.com,lyons-york.com,Partner Program,Closed Won,Level serious network at early.,True,True,anna12@butler.com,butler.com,True,True,6066650901 ext 4135,lyons-york.com,1,100.0,High,Unknown,Unknown,Flowers-Oneal is a closed-won business lead from a partner program with limited information regarding its industry or company operations.
94,94,610824C8dD7dCcC,Lorraine Blankenship,Sara,Davenport,Dorsey-Benitez,5674489439 ext 88694,2503762854 ext 94663,brendandalton@leonard-gamble.org,christinapark@rangel-moody.biz,beck.com,Networking Event,Closed Won,Option imagine both civil vote.,True,True,brendandalton@leonard-gamble.org,leonard-gamble.org,True,True,5674489439 ext 88694,beck.com,1,100.0,High,Unknown,Unknown,Dorsey-Benitez is a business lead acquired through a networking event with a closed won deal stage.
95,95,1cf9289cE937dA0,Jackson Short,Clifford,Herring,"Bond, Archer and Stephens",5296238110 ext 8765,0019432215755,rmartinez@mcneil-bowman.com,qpace@lamb.net,cohen-hebert.com,Networking Event,Contacted,Space live debate beautiful treatment significant benefit.,True,True,rmartinez@mcneil-bowman.com,mcneil-bowman.com,True,True,5296238110 ext 8765,cohen-hebert.com,1,100.0,High,Unknown,Unknown,"There is insufficient information provided to determine the industry or company type of Bond, Archer and Stephens."
96,96,09a32fB43F8B4Ae,Dan Griffith,Pam,Turner,"Huang, Hoffman and Juarez",7123987502,18992665862,carterdevon@ponce-burgess.biz,vernon72@howard.biz,gray.com,Content Marketing,New Lead,Letter history degree sign.,True,True,carterdevon@ponce-burgess.biz,ponce-burgess.biz,True,True,7123987502,gray.com,1,100.0,High,Unknown,Unknown,"There is insufficient information available to determine the industry or company type for Huang, Hoffman and Juarez."
97,97,5B6A71De6fA42eC,Carolyn Farrell,Clayton,Blackburn,Berry-Rush,13948358635,0012652074751 ext 522,oandrews@estes.info,barnesderrick@haas-mcneil.com,schaefer.com,Chatbot,Closed Lost,Plant area more own two her impact.,True,True,oandrews@estes.info,estes.info,True,False,13948358635,schaefer.com,1,100.0,High,Unknown,Unknown,There is insufficient information available to determine the industry or company type of Berry-Rush based on the provided notes.
98,98,c083Bfab9Aee4C6,Debra Roy,Jeffery,Larsen,Pope and Sons,0018265937127 ext 747,9468464891 ext 4171,melvinweber@leach.net,gainesashley@marshall.com,griffith-tucker.com,Trade Show,Qualified,Improve doctor human bed region bag mission thus.,True,True,melvinweber@leach.net,leach.net,False,True,0018265937127 ext 747,griffith-tucker.com,1,100.0,Medium,Unknown,Unknown,The available information provides no evidence regarding the industry or type of the company known as Pope and Sons.
99,99,86Eec1330eb6f93,Lacey Yoder,Xavier,Miller,Hurley-Johnston,14628521493 ext 914,6034885507 ext 5391,steve94@johnson-newman.biz,stephaniepark@hart.com,bass.biz,Cold Call,Negotiation,Fast remain imagine street discuss above politics begin.,True,True,steve94@johnson-newman.biz,johnson-newman.biz,True,True,14628521493 ext 914,bass.biz,1,100.0,High,Unknown,Unknown,Hurley-Johnston is currently in the negotiation stage of a business deal.
100,100,aEf8EfaE37F78cA,Katelyn Terry,Brady,Guerra,Norton LLC,4526677703 ext 7319,8614478213 ext 0817,melvinwhitaker@carlson-ortega.com,keith56@farrell-steele.com,reid.com,Podcast,New Lead,Team listen chance writer.,True,True,melvinwhitaker@carlson-ortega.com,carlson-ortega.com,True,True,4526677703 ext 7319,reid.com,1,100.0,High,Unknown,Unknown,The company is identified as a new lead sourced from a podcast with minimal information regarding its business operations.
101,101,8d9EEE7E9efe295,Max Roman,Lacey,Gamble,Guzman and Sons,0018714895069 ext 6104,0013619663449 ext 897,jshepherd@camacho.biz,mpearson@hurley-hays.com,hahn.com,Podcast,Re-Engagement,Perform total nation create several later.,True,True,jshepherd@camacho.biz,camacho.biz,False,False,0018714895069 ext 6104,hahn.com,1,100.0,Medium,Unknown,Unknown,"Guzman and Sons is a business lead currently in the re-engagement stage of the sales pipeline, with no additional information available regarding its industry or operations."
102,102,6A58677476Ba0E7,Gavin Reilly,Victoria,Oliver,"Keller, Brandt and Maddox",3698877670 ext 040,7035205995 ext 395,howardjensen@savage.com,alexanderelijah@jimenez.org,dalton.com,Chatbot,On Hold,Risk reveal take fire bad care.,True,True,howardjensen@savage.com,savage.com,True,True,3698877670 ext 040,dalton.com,1,100.0,High,Unknown,Unknown,"There is insufficient information available to determine the industry or company type of Keller, Brandt and Maddox."
103,103,82bB74E20bcc24C,Heather Frey,Nina,Sosa,Lawrence PLC,9906794909,8259350453 ext 302,melissa10@mejia.com,tammiemccoy@bell-sanford.com,patrick-mccoy.com,Google Ads,Negotiation,Control long dream human everything think wish.,True,True,melissa10@mejia.com,mejia.com,True,True,9906794909,patrick-mccoy.com,1,100.0,High,Unknown,Unknown,The company information provided is insufficient to determine the specific industry or business type.
104,104,cBb574CccB85D1B,Eduardo Hooper,Arthur,Conrad,Hudson-Sparks,3468649992,5092806450 ext 4015,karina49@glenn.com,hcalderon@gould.biz,tyler.biz,Direct Traffic,Qualified,Born politics street rise meet.,True,True,karina49@glenn.com,glenn.com,True,True,3468649992,tyler.biz,1,100.0,High,Unknown,Unknown,There is insufficient information provided to determine the industry or company type for Hudson-Sparks.
105,105,0412EaE3EcEaC64,Carrie Mathis,Julie,Ross,Romero PLC,0013704358369 ext 795,4472689789,hooperdarius@graves.biz,karibaldwin@hodges-ellison.com,singleton-miller.com,Retargeting Ads,New Lead,Either sound do.,True,True,hooperdarius@graves.biz,graves.biz,False,True,0013704358369 ext 795,singleton-miller.com,1,100.0,Medium,Unknown,Unknown,Romero PLC is a lead generated through retargeting ads with no specific industry or business activity information provided.
106,106,190CcE9e7F75ce2,Anne Mahoney,Derrick,Henderson,Carr-Erickson,9736578939 ext 553,0015538749593 ext 8613,ethan94@cuevas-proctor.info,mike52@fry.com,powers.biz,Other,Closed Lost,Young take middle care market others as.,True,True,ethan94@cuevas-proctor.info,cuevas-proctor.info,True,False,9736578939 ext 553,powers.biz,1,100.0,High,Unknown,Unknown,Carr-Erickson is a company with insufficient public information available to determine its industry or operational focus.
107,107,ED9AF7BfBdeAfa9,Albert Rangel,Francisco,Webster,Hall Inc,0017616881684 ext 848,9947054425 ext 1496,alan98@cruz.com,jeffsalazar@perkins-ramirez.info,hanson-poole.com,Webinars,Proposal Sent,Election nearly natural southern issue.,True,True,alan98@cruz.com,cruz.com,False,True,0017616881684 ext 848,hanson-poole.com,1,100.0,Medium,Unknown,Unknown,There is insufficient information available to determine the industry or company type of Hall Inc.
108,108,60bB9e1A6A68eB0,Tim Pittman,Whitney,Werner,Pham Ltd,6213341977,6743962172,smallvirginia@michael.com,wyattmacias@abbott.com,stuart.com,Content Marketing,Disqualified,Dog situation owner drug budget worker use.,True,True,smallvirginia@michael.com,michael.com,True,True,6213341977,stuart.com,1,100.0,High,Unknown,Unknown,There is insufficient information to determine the company's industry or business model based on the provided data.
109,109,DCAAeed64fe88EB,Cindy Phillips,Jeanette,Whitaker,"Knight, Hayden and Harper",0015479490764,9876873860,felicia19@koch.com,starkannette@acosta.biz,guerrero-dougherty.com,Other,Negotiation,Determine development night push.,True,True,felicia19@koch.com,koch.com,True,True,0015479490764,guerrero-dougherty.com,1,100.0,High,Unknown,Unknown,"Knight, Hayden and Harper is currently in negotiations regarding a development project."
110,110,E9BD9BAdDE51FfA,Oscar Carson,Beverly,Roy,"Rhodes, Lin and Cordova",9194240807,4657512649 ext 9889,tarahuerta@harrington-potts.net,brennanmelissa@mclaughlin-parrish.com,blanchard.biz,Networking Event,New Lead,Report yourself black production yes suddenly some.,True,True,tarahuerta@harrington-potts.net,harrington-potts.net,True,True,9194240807,blanchard.biz,1,100.0,High,Unknown,Unknown,"Rhodes, Lin and Cordova is a new business lead acquired at a networking event with no additional information provided regarding its industry or operations."
111,111,82CEd0EdE6acdFF,Betty Yoder,Gwendolyn,Hayes,Wall-Gregory,7154208252 ext 201,0017798248016 ext 5913,derrick99@ray-suarez.net,jbarry@ayers.net,vaughan.com,Networking Event,Re-Engagement,Tough deep indicate set eat same matter production.,True,True,derrick99@ray-suarez.net,ray-suarez.net,True,False,7154208252 ext 201,vaughan.com,1,100.0,High,Unknown,Unknown,"Wall-Gregory is a company currently in the re-engagement stage of a business deal, with no specific information available regarding its industry or operations."
112,112,D93FC90067d99C3,Harry Houston,Darin,Khan,"Evans, Hubbard and Murillo",9287761643 ext 91313,2829927466 ext 5083,pdecker@brooks-love.biz,bmcdaniel@fox-day.com,evans.com,Google Ads,Closed Lost,War cultural reveal argue politics.,True,True,pdecker@brooks-love.biz,brooks-love.biz,True,True,9287761643 ext 91313,evans.com,1,100.0,High,Unknown,Unknown,The company information provided is insufficient to determine a specific industry or business type.
113,113,2aF82fc3e9E3EEf,Earl Erickson,Maureen,Barnes,Dawson Inc,0016946585132 ext 17542,7853001324 ext 798,ilarsen@kline.com,fischerroy@kaufman.com,fernandez.com,Linkedin Outreach,Re-Engagement,Still perhaps nice look.,True,True,ilarsen@kline.com,kline.com,False,True,0016946585132 ext 17542,fernandez.com,1,100.0,Medium,Unknown,Unknown,Dawson Inc is a re-engagement lead with limited information available regarding its industry or business operations.
114,114,9AaB1c6e1aa454A,Valerie Rivera,Frances,Burch,"Mosley, Ellison and Small",7369756528 ext 516,9263617177 ext 968,mirandajoanna@atkins-larson.com,mike54@kim.com,paul.net,Website Form,On Hold,Plan though read certain modern deal.,True,True,mirandajoanna@atkins-larson.com,atkins-larson.com,True,True,7369756528 ext 516,paul.net,1,100.0,High,Unknown,Unknown,The company information provided is insufficient to determine a specific industry or business type.
115,115,4E8cD0015aa4050,Chelsea Byrd,Harold,Jenkins,Mitchell PLC,0018339168463,7239884711,nataliemckay@mitchell.info,rickylam@luna.com,randall-booker.biz,Referral,Negotiation,Quite know themselves my view.,True,True,nataliemckay@mitchell.info,mitchell.info,True,True,0018339168463,randall-booker.biz,2,100.0,High,Unknown,Unknown,"The company, Mitchell PLC, is currently in the negotiation stage of a business deal."
116,116,B4ecBD2f5Ed95DD,Sophia Yoder,Tracie,Mcconnell,Hester-Rivers,7414551288,0019693601961 ext 451,alisongilmore@lara.info,veronicarivers@lawson.org,callahan-green.biz,Webinars,Qualified,Financial simple enough.,True,True,alisongilmore@lara.info,lara.info,True,False,7414551288,callahan-green.biz,1,100.0,High,Finance,Finance,Hester-Rivers is a company operating within the finance industry that handles financial tasks described as being simple in nature.
117,117,d9BEF26Cb0acdf4,Jocelyn Aguirre,Geoffrey,Stein,David and Sons,2395630465 ext 170,3658301341,coltonpeters@jacobs.net,shirleysummers@fields-rivera.net,harris.biz,Cold Email,Qualified,Senior someone create owner past.,True,True,coltonpeters@jacobs.net,jacobs.net,True,True,2395630465 ext 170,harris.biz,1,100.0,High,Unknown,Unknown,The provided information does not contain enough context to determine the company's industry or business operations.
118,118,04B61A0B4A61baE,Terrence Beasley,Sharon,Hale,Waller-Harrison,5269060607 ext 313,2922199307 ext 9376,nstark@norman.net,sergio41@woods.org,mueller-diaz.com,Partner Program,Disqualified,On sometimes different culture.,True,True,nstark@norman.net,norman.net,True,True,5269060607 ext 313,mueller-diaz.com,1,100.0,High,Unknown,Unknown,Waller-Harrison is a business entity identified through a partner program that was subsequently disqualified from further engagement.
119,119,De8e6b1AF4014AA,Norman Jordan,Ann,Best,Murillo-Hunter,2662476386,18115626611 ext 441,fbarker@melton.info,devonmurphy@chambers-smith.biz,hansen.com,Google Ads,Closed Won,Cover baby expect past last statement after.,True,True,fbarker@melton.info,melton.info,True,True,2662476386,hansen.com,1,100.0,High,Unknown,Unknown,"Murillo-Hunter is a company acquired through Google Ads, though no specific industry or business activity information is available in the provided notes."
120,120,F25ec5EBB4F0845,Tracy Camacho,Francis,Moody,Acevedo-Callahan,0017506471722,5934834244 ext 1860,thomas61@martinez-berg.com,amora@novak.info,goodman-reilly.com,Direct Traffic,Qualified,Thank left whose describe professional.,True,True,thomas61@martinez-berg.com,martinez-berg.com,True,True,0017506471722,goodman-reilly.com,1,100.0,High,Unknown,Unknown,The provided information does not contain sufficient details to determine the company's industry or business model.
121,121,77CE68Dc2593ED7,Jared Salas,Allen,Ramsey,"Carter, Zimmerman and Murray",0014507121681 ext 43824,7216225822 ext 20228,deanna97@calhoun-wade.com,dhuff@hutchinson.net,sanford-ayers.com,Networking Event,New Lead,Action couple rock bar stock.,True,True,deanna97@calhoun-wade.com,calhoun-wade.com,False,True,0014507121681 ext 43824,sanford-ayers.com,1,100.0,Medium,Unknown,Unknown,The company information provided is insufficient to determine their industry or business type.
122,122,8E2095a4cee1DBb,Autumn Hodge,Juan,Hensley,"Small, Clarke and Marsh",8192455492,6682245714 ext 8555,caroline78@conner.com,mccalltheresa@santos.com,esparza.com,Partner Program,Closed Lost,Owner system oil shake.,True,True,caroline78@conner.com,conner.com,True,True,8192455492,esparza.com,1,100.0,High,Unknown,Unknown,The company information provided is insufficient to determine their industry or business type.
123,123,Dac3aA15ea05199,Ian Flynn,Selena,Dean,Odonnell LLC,3925158035,9222968858,adriennecarey@conrad.com,aligary@page.info,kerr.com,Organic Search (Seo),Negotiation,Book life which sit commercial loss.,True,True,adriennecarey@conrad.com,conrad.com,True,True,3925158035,kerr.com,1,100.0,High,Unknown,Unknown,"Odonnell LLC is currently in the negotiation stage, though specific information regarding its industry or business operations is not provided."
124,124,a19FB50A1bE5f5B,Rachael Bullock,Kristie,Dennis,"Carson, Mendez and Holmes",6136781794,4145002209,sbenton@powell.com,codychase@cruz-paul.com,collins.com,Cold Email,New Lead,Stuff ok leg around quickly chance.,True,True,sbenton@powell.com,powell.com,True,True,6136781794,collins.com,1,100.0,High,Unknown,Unknown,"There is insufficient information provided to determine the industry or company type of Carson, Mendez and Holmes."
125,125,De38b9dEaA73465,Tammy Hodges,Norman,Hoffman,Whitney PLC,2437378789,4283638599 ext 2970,lmarsh@fry.net,beckynolan@stevenson.net,warner.com,Direct Traffic,Disqualified,Teacher marriage state.,True,True,lmarsh@fry.net,fry.net,True,True,2437378789,warner.com,1,100.0,High,Unknown,Unknown,There is insufficient information to determine the industry or company type for Whitney PLC based on the provided notes.
126,126,Bbc32AA3E3f93b1,Brianna Gillespie,Lucas,Huynh,Leach-Grant,7704723274 ext 2018,12294439913 ext 006,sandy22@larsen-hogan.net,hshelton@steele.com,dougherty-hinton.com,Social Media,On Hold,Too always like impact.,True,True,sandy22@larsen-hogan.net,larsen-hogan.net,True,True,7704723274 ext 2018,dougherty-hinton.com,1,100.0,High,Unknown,Unknown,There is insufficient information available to determine the industry or company type for Leach-Grant.
127,127,b99eAEFE6d4Bc2f,Benjamin Woodward,Austin,Bradshaw,"Wood, Hale and Fox",9439572008 ext 4554,9986705193,nbranch@ball.org,xmcgee@stewart.com,colon-king.com,Cold Email,Contacted,Pick visit heavy question great.,True,True,nbranch@ball.org,ball.org,True,True,9439572008 ext 4554,colon-king.com,1,100.0,High,Unknown,Unknown,"The available information for Wood, Hale and Fox is insufficient to determine the company's industry, type, or specific business activities."
128,128,908d5Cef95EADEc,Sierra Dean,Paula,Villarreal,"Freeman, Morton and Glover",7067981383,6707674792,caitlin55@blevins.com,mullinsanna@gill.biz,watts.org,Google Ads,Qualified,Truth each six project no understand nice capital.,True,True,caitlin55@blevins.com,blevins.com,True,True,7067981383,watts.org,1,100.0,High,Unknown,Unknown,The available information provides no clear indication of the company's industry or business activities.
129,129,C55bFEEF7eC7F61,Ernest Winters,Miranda,Buchanan,"Donaldson, Holmes and Sanford",8137571502 ext 27008,12033848425,riosdarryl@thomas.com,melanie31@franco-hudson.com,clark.org,Organic Search (Seo),Qualified,Become activity name should light bank soldier.,True,True,riosdarryl@thomas.com,thomas.com,True,True,8137571502 ext 27008,clark.org,1,100.0,High,Unknown,Unknown,"There is insufficient information to determine the industry, company type, or business activities of Donaldson, Holmes and Sanford based on the provided data."
130,130,4EfE7Dd584219Cb,Terrence Montoya,Ariana,Hill,Gardner LLC,16739046121 ext 92376,0017397779987 ext 26167,hkaufman@rivers-zavala.com,danielconnie@owens.com,mclaughlin.com,Cold Call,Re-Engagement,Yourself word section trade.,True,True,hkaufman@rivers-zavala.com,rivers-zavala.com,False,False,16739046121 ext 92376,mclaughlin.com,1,100.0,Medium,Unknown,Unknown,Gardner LLC is a company currently in the re-engagement stage of a business lead process with no specific information provided regarding its industry or activities.
131,131,2dDB98DEC8dD2F7,Sonia Davenport,Henry,Carroll,Newman PLC,4518224260,0014259887335 ext 1054,gregoryberg@sandoval-shields.com,phubbard@khan.com,gilbert.com,Website Form,Qualified,His cell issue.,True,True,gregoryberg@sandoval-shields.com,sandoval-shields.com,True,False,4518224260,gilbert.com,1,100.0,High,Unknown,Unknown,The company provided contact information via a website form and is currently in the qualified deal stage.
132,132,45cDe45a15d96ce,Cheryl Powell,Danny,Rowland,Mccullough LLC,5532006272,8682021283,meganduffy@conley.com,savannahgould@moon.com,rocha-thompson.net,Cold Call,Negotiation,Responsibility today material final financial participant at.,True,True,meganduffy@conley.com,conley.com,True,True,5532006272,rocha-thompson.net,1,100.0,High,Unknown,Unknown,"Mccullough LLC is currently in the negotiation stage of a business deal, but there is insufficient information to determine its industry or company type."
133,133,2e2Aaa8ECCF8ED0,Jaime Monroe,Sue,Swanson,Mays-Mayo,0019603065188 ext 61880,17484669854,ddixon@solomon.org,jesus84@yu.com,farrell.com,Direct Traffic,New Lead,Require letter high respond improve central.,True,True,ddixon@solomon.org,solomon.org,False,True,0019603065188 ext 61880,farrell.com,1,100.0,Medium,Unknown,Unknown,The provided information for Mays-Mayo is insufficient to determine the company's industry or business model.
134,134,7c804Cb57c369D0,Tara Shea,Clinton,Arias,Saunders-Mckenzie,4466995248 ext 941,14054333844 ext 2830,ifuller@phillips.com,ray29@smith.com,mann.com,Referral,Closed Won,Sister trial sense without occur listen.,True,True,ifuller@phillips.com,phillips.com,True,True,4466995248 ext 941,mann.com,1,100.0,High,Unknown,Unknown,The company Saunders-Mckenzie was acquired through a referral and reached a closed won deal stage.
135,135,e8aB7DbF3416a5d,Priscilla Ibarra,Gabrielle,Hess,Pugh Ltd,9174647507 ext 45742,0014213083353 ext 57256,yharding@hood.com,robin00@pace.info,pugh.com,Social Media,Qualified,Guess trip expert he budget.,True,True,yharding@hood.com,hood.com,True,False,9174647507 ext 45742,pugh.com,1,100.0,High,Unknown,Unknown,There is insufficient information provided to determine the industry or company type for Pugh Ltd based on the provided notes.
136,136,A43a7c7B298b39E,Scott Lucero,Nathan,Gates,"Cardenas, Villarreal and Williamson",3662774213 ext 32043,4287144125 ext 53332,christinabarry@callahan.info,courtneycochran@navarro.net,orozco.com,Website Form,Negotiation,Clearly hold deep include foot born night.,True,True,christinabarry@callahan.info,callahan.info,True,True,3662774213 ext 32043,orozco.com,1,100.0,High,Unknown,Unknown,The company provided insufficient information to determine its industry or business model.
137,137,12dC5Ac2F7f21dF,Ronnie Carter,Russell,Knox,Ward and Sons,8516070651 ext 7896,7844925895 ext 0893,asantana@clay.com,kyu@macias.biz,collins.com,Networking Event,New Lead,Allow per prepare.,True,True,asantana@clay.com,clay.com,True,True,8516070651 ext 7896,collins.com,1,100.0,High,Unknown,Unknown,Ward and Sons is a new business lead identified at a networking event with limited available information regarding their industry or operations.
138,138,F83e9Eb6d7f5B2f,Brandon Stout,Greg,Potts,Christian Inc,2084103515,18646871213,kristine69@love.com,cantuashley@rojas-bryant.info,stephenson-lewis.com,Google Ads,Closed Won,Address just green defense toward measure watch.,True,True,kristine69@love.com,love.com,True,True,2084103515,stephenson-lewis.com,1,100.0,High,Unknown,Unknown,There is insufficient information provided to determine the industry or company type for Christian Inc.
139,139,cBA787A65a3F4fa,Eduardo Meadows,Rick,Goodwin,"Douglas, Mullins and Contreras",13995431031 ext 684,3434655377,emmaeverett@salas-barry.org,spencerwaller@henry.org,johnston.com,Other,Proposal Sent,International account TV course conference southern.,True,True,emmaeverett@salas-barry.org,salas-barry.org,True,True,13995431031 ext 684,johnston.com,1,100.0,High,Unknown,Unknown,The company is involved in international account management related to TV courses and conferences.
140,140,b95AB88c9fc2427,Tracie Tran,Miguel,Lamb,Branch-Reeves,9749140783 ext 66383,3589999127,pdaniel@manning.org,laura15@mcknight.biz,peters.net,Trade Show,Disqualified,Anyone respond scientist movement seat.,True,True,pdaniel@manning.org,manning.org,True,True,9749140783 ext 66383,peters.net,1,100.0,High,Unknown,Unknown,There is insufficient information available regarding the industry or company type for Branch-Reeves.
141,141,ce85342dF3FC470,Logan Jennings,Sergio,Brown,Valenzuela-Powers,5397107767 ext 51860,2016149552,carlos73@burns-hanson.biz,ohays@barber.com,potter-casey.com,Direct Traffic,New Lead,Dream shake among black student many.,True,True,carlos73@burns-hanson.biz,burns-hanson.biz,True,True,5397107767 ext 51860,potter-casey.com,1,100.0,High,Unknown,Unknown,The available information is insufficient to determine the industry or company type of Valenzuela-Powers.
142,142,E1CeBdCbCCf27Dd,Maria Whitney,Lorraine,Spears,"Lara, Robles and Rowland",16693349226,15236951253 ext 3082,wyatt58@arroyo.com,harrellerika@haynes.com,stone.com,Webinars,Proposal Sent,Prove partner understand society wide under.,True,True,wyatt58@arroyo.com,arroyo.com,True,True,16693349226,stone.com,1,100.0,High,Unknown,Unknown,"The company Lara, Robles and Rowland is currently in the proposal stage of a business deal originating from a webinar source."
143,143,b51fB61abA9c5ae,Shirley Booker,Dorothy,Dixon,Mendoza-Cook,3714196795,17805298502 ext 559,sonyapace@baird.net,kellinelson@gross.com,golden-brady.com,Podcast,Proposal Sent,Management several on.,True,True,sonyapace@baird.net,baird.net,True,True,3714196795,golden-brady.com,1,100.0,High,Unknown,Unknown,The provided information for Mendoza-Cook is insufficient to determine their industry or business type.
144,144,A4d37a707A1abC0,Chris Camacho,Gina,Farley,"Lowery, Avery and Weiss",0012188886172 ext 016,3435621480,thatfield@mcguire-galvan.org,gail19@trujillo.com,larson.com,Retargeting Ads,Qualified,Among meeting marriage bad develop.,True,True,thatfield@mcguire-galvan.org,mcguire-galvan.org,False,True,0012188886172 ext 016,larson.com,1,100.0,Medium,Unknown,Unknown,The company information provided is insufficient to determine their industry or business model.
145,145,4667Dfce098Eb60,Bobby Livingston,Marcia,Ibarra,"Mays, Fuller and Hester",9728715659 ext 911,3674585493,pkirk@johnson.net,victoriaochoa@gilmore-monroe.info,whitehead-shah.com,Trade Show,Qualified,Art produce perhaps thank.,True,True,pkirk@johnson.net,johnson.net,True,True,9728715659 ext 911,whitehead-shah.com,1,100.0,High,Unknown,Unknown,The provided information is insufficient to determine the company's industry or business model.
146,146,053FCEd9fd2a42A,Don Esparza,Lonnie,Bush,Rhodes Inc,0016414444872 ext 4517,0019534861590 ext 9159,espinozatammy@mason-higgins.com,lorraine52@cameron.net,zavala.org,Networking Event,On Hold,Understand name position economy.,True,True,espinozatammy@mason-higgins.com,mason-higgins.com,False,False,0016414444872 ext 4517,zavala.org,1,100.0,Medium,Unknown,Unknown,"Rhodes Inc is a company identified at a networking event with an 'on hold' deal stage and notes referencing name, position, and economy."
147,147,68D4AAf0FB439e9,Mindy Beard,Megan,Durham,"Ingram, Brock and Hardin",0013436883587 ext 1782,3602527479,carrie02@gill.com,keithvillanueva@pham.info,marquez.com,Linkedin Outreach,Contacted,Happy computer not city.,True,True,carrie02@gill.com,gill.com,False,True,0013436883587 ext 1782,marquez.com,1,100.0,Medium,Unknown,Unknown,"There is insufficient information provided to determine the industry, company type, or business operations of Ingram, Brock and Hardin."
148,148,CE1Bd30dD7613b9,Maxwell Wolfe,Sheila,Bauer,Fitzgerald Ltd,14464772844 ext 8349,7468911325 ext 897,munozmax@murillo.com,solisterry@werner.com,wilkinson.com,Content Marketing,Closed Won,Father truth hope collection gun outside effect.,True,True,munozmax@murillo.com,murillo.com,True,True,14464772844 ext 8349,wilkinson.com,1,100.0,High,Unknown,Unknown,Fitzgerald Ltd is a business entity that reached the Closed Won stage in a content marketing lead source.
149,149,5EbAcAC2ad6Be2C,Rickey Rowland,Stacie,Santana,"Schmidt, Leon and Gutierrez",0017854263649,6105678356 ext 6921,kaitlinrowland@patrick.org,qhines@macdonald-avery.net,parsons.org,Trade Show,Qualified,Change professor economy method.,True,True,kaitlinrowland@patrick.org,patrick.org,True,True,0017854263649,parsons.org,1,100.0,High,Unknown,Unknown,"The company Schmidt, Leon and Gutierrez is associated with the websites parsons.org and patrick.org, with notes indicating an interest in changing professor economy methods."
150,150,B1cd9E2FeC7C57f,Jimmy Sosa,Timothy,Little,Rojas-Sosa,7825623159,2759387706 ext 7780,karenowen@baldwin.info,elijahdixon@jacobson-barker.com,nunez.com,Trade Show,On Hold,Require election wish hundred tend employee control.,True,True,karenowen@baldwin.info,baldwin.info,True,True,7825623159,nunez.com,1,100.0,High,Unknown,Unknown,Rojas-Sosa is a company identified at a trade show with no specific product or industry information provided in the notes.
151,151,C0D3d1CFb7d2582,Amber Galloway,Breanna,Marks,"Todd, Hinton and Gardner",18642522570 ext 144,0012233011875 ext 5543,kylieesparza@may-caldwell.com,mcmillancassie@glenn-barrett.com,finley.net,Partner Program,Negotiation,House smile buy hour rich.,True,True,kylieesparza@may-caldwell.com,may-caldwell.com,True,False,18642522570 ext 144,finley.net,1,100.0,High,Unknown,Unknown,"There is insufficient information available to determine the industry or company type of Todd, Hinton and Gardner."
152,152,ee2b0E8Aad773B5,Mindy Raymond,Derek,Vargas,Proctor and Sons,16298773624 ext 02146,15907425952,alexisgregory@gregory-ponce.com,jeff49@sexton.com,knapp-cochran.com,Purchased List,Contacted,Stop civil such expert.,True,True,alexisgregory@gregory-ponce.com,gregory-ponce.com,False,True,16298773624 ext 02146,knapp-cochran.com,1,100.0,Medium,Unknown,Unknown,There is insufficient information provided to determine the industry or company type of Proctor and Sons.
153,153,1EEb3ed9ffAA566,Robyn Crawford,Raven,Howe,Harris LLC,7217620787,9076007230,russellnatasha@odonnell.com,candiceandersen@hansen.com,gay.com,Networking Event,Qualified,Their risk early develop economy choice.,True,True,russellnatasha@odonnell.com,odonnell.com,True,True,7217620787,gay.com,1,100.0,High,Unknown,Unknown,Harris LLC is a qualified lead identified at a networking event with unclear business operations.
154,154,b6c57C33bBCCDAA,Caleb Goodman,Jack,Prince,Sosa-Pope,2554000669,3462831422 ext 32871,lammarcus@potts.com,urangel@marquez-graves.com,ware.com,Social Media,Closed Won,Small American end whose leg low hard practice.,True,True,lammarcus@potts.com,potts.com,True,True,2554000669,ware.com,1,100.0,High,Unknown,Unknown,Sosa-Pope is a company with insufficient information provided to determine its industry or business type.
155,155,EbbbFAFff2F4bc1,Tracey Morrow,Laurie,Finley,Sloan-Bryan,3667310824,2353543772 ext 5941,arollins@castillo.com,herbertdean@richard.org,rangel-becker.com,Direct Traffic,Qualified,Authority law commercial there reason bad everyone.,True,True,arollins@castillo.com,castillo.com,True,True,3667310824,rangel-becker.com,1,100.0,High,Legal Services,Consulting,"Sloan-Bryan is identified as a legal commercial entity, though specific operational details are limited."
156,156,ab7D6F2e5D47150,Ricky Casey,Melanie,Cunningham,Davidson and Sons,5134633811 ext 676,5663114778 ext 55442,wolfkristy@stewart.com,carterclayton@clay.com,cantu-lee.com,Webinars,Closed Lost,Order agency cost case.,True,True,wolfkristy@stewart.com,stewart.com,True,True,5134633811 ext 676,cantu-lee.com,1,100.0,High,Unknown,Unknown,Davidson and Sons is a business lead associated with an order agency cost case.
157,157,CaABbF5bA81970b,Billy Shepard,Reginald,Mcneil,Acosta Ltd,0015562798201 ext 28848,3842088304,beltranjulie@macdonald-brown.com,cward@proctor.com,clark.org,Partner Program,Closed Lost,Voice very half.,True,True,beltranjulie@macdonald-brown.com,macdonald-brown.com,False,True,0015562798201 ext 28848,clark.org,1,100.0,Medium,Unknown,Unknown,Acosta Ltd is a company associated with the domain macdonald-brown.com that was part of a partner program and is currently marked as a closed lost deal.
158,158,a464fDC7EBCfB81,Wanda Mooney,Joann,Velasquez,Bryan PLC,7177854141 ext 16501,7344951721 ext 27656,fernando62@stout.com,smithlisa@oconnell-eaton.biz,young.com,Webinars,Proposal Sent,Involve can participant seem issue.,True,True,fernando62@stout.com,stout.com,True,True,7177854141 ext 16501,young.com,1,100.0,High,Unknown,Unknown,Bryan PLC is currently at the proposal stage of a business deal originating from a webinar lead.
159,159,a934d974a6DbBFd,Jackson Mathis,Ray,Garner,Burgess and Sons,15227722707 ext 39781,9642453366 ext 147,roblesamy@crosby.org,vancemichelle@eaton.com,moran.info,Referral,Closed Lost,Create property exist future explain.,True,True,roblesamy@crosby.org,crosby.org,False,True,15227722707 ext 39781,moran.info,1,100.0,Medium,Unknown,Unknown,"There is insufficient information available about Burgess and Sons to determine its industry, company type, or primary activities."
160,160,ba9a00E3bA5fdEC,Patrick Petersen,Tammy,Palmer,"Warren, Patel and Day",5415586393 ext 9279,9967433647,priscillafranco@yang.info,millsbarry@fuentes-ryan.info,hutchinson-jones.com,Google Ads,New Lead,Picture detail network per much loss a.,True,True,priscillafranco@yang.info,yang.info,True,True,5415586393 ext 9279,hutchinson-jones.com,1,100.0,High,Unknown,Unknown,"Insufficient information is available to determine the industry or company type for Warren, Patel and Day."
161,161,e6E2e306b3Fa6dA,Sydney Wiley,Cristian,Huynh,"Murray, Klein and Donovan",3657490073,7747043439 ext 974,hprice@briggs.com,valentinemiguel@wyatt.com,esparza.info,Cold Email,Negotiation,Leader street we.,True,True,hprice@briggs.com,briggs.com,True,True,3657490073,esparza.info,1,100.0,High,Unknown,Unknown,"Murray, Klein and Donovan is currently in the negotiation stage of a business deal."
162,162,C832EeBa0aB59c2,Preston Mccann,Devin,Hurley,Joseph-Howe,8832911746,9346737884,janechambers@williams.info,tfischer@adkins.com,cohen-moon.com,Purchased List,On Hold,Debate care time writer strong own country.,True,True,janechambers@williams.info,williams.info,True,True,8832911746,cohen-moon.com,1,100.0,High,Unknown,Unknown,"There is insufficient information available regarding the company Joseph-Howe to determine its industry, business type, or specific activities."
163,163,9d4cCdb56454D87,Melanie Stephenson,Jackson,Dougherty,"Castro, Ramos and Burch",0017084227647,0016289705500 ext 356,ojefferson@mercado.com,jillian98@steele-escobar.com,glenn-patrick.com,Networking Event,Closed Won,Federal little serious office level.,True,True,ojefferson@mercado.com,mercado.com,True,False,0017084227647,glenn-patrick.com,1,100.0,High,Unknown,Unknown,The company is a business lead identified through a networking event with no specific industry or company type details provided.
164,164,58C756558Ba8de0,Diamond Golden,Ronald,Owen,Pearson-Cabrera,5138271834,12709914442 ext 660,cookebradley@barber.biz,ldecker@conrad.com,barry.biz,Direct Traffic,Proposal Sent,Government believe claim beautiful.,True,True,cookebradley@barber.biz,barber.biz,True,True,5138271834,barry.biz,1,100.0,High,Unknown,Unknown,There is insufficient information available to determine the industry or company type of Pearson-Cabrera.
165,165,e485059dEB0e6c1,Willie Marsh,Michael,Huang,Fowler and Sons,7978513363 ext 4351,0015016101722 ext 8969,alexanderchung@mcdaniel.com,angelarobles@frank.info,fletcher.com,Retargeting Ads,Negotiation,Order entire participant develop agreement.,True,True,alexanderchung@mcdaniel.com,mcdaniel.com,True,False,7978513363 ext 4351,fletcher.com,1,100.0,High,Unknown,Unknown,The company is currently in the negotiation stage of a business deal regarding a participant agreement.
166,166,6212E77964Fee7B,Brandy Park,Anne,Richards,Torres and Sons,0017609622812 ext 115,8718807537,conleyloretta@hancock.com,kanezoe@zavala.com,mcmillan.net,Cold Email,Re-Engagement,Government career head bed likely federal.,True,True,conleyloretta@hancock.com,hancock.com,False,True,0017609622812 ext 115,mcmillan.net,2,100.0,Medium,Government,Unknown,"Torres and Sons appears to be involved in the government career sector, potentially focused on federal opportunities."
167,167,3D7E8BEfE642D50,Sonia Stewart,Christina,Yoder,Parks-Romero,0019294146207 ext 236,3759330361,pattersonbill@ball.com,westmarissa@morton.com,livingston.com,Chatbot,Proposal Sent,Physical plant field sure three stay.,True,True,pattersonbill@ball.com,ball.com,False,True,0019294146207 ext 236,livingston.com,1,100.0,Medium,Unknown,Unknown,"Parks-Romero is a company currently in the proposal stage of a business deal, with limited information available regarding their specific operations."
168,168,a62a5A7B3A8f6A0,Adrienne Boyle,Melody,Harmon,"Frost, Jordan and Flynn",0012815605720 ext 12602,5585819549 ext 2331,regina56@taylor.com,garrisonvirginia@daniels-goodman.org,garrison.biz,Purchased List,Contacted,Tell someone question head.,True,True,regina56@taylor.com,taylor.com,False,True,0012815605720 ext 12602,garrison.biz,1,100.0,Medium,Unknown,Unknown,"There is insufficient information to determine the industry, company type, or business activities of Frost, Jordan and Flynn."
169,169,8D92bEED6BDCd6e,Carly Schwartz,Misty,Mccarthy,Morales Ltd,5634865496,5804260455,jeanne68@pitts.biz,martha43@ritter.com,frey.net,Purchased List,Re-Engagement,Nature build show south street allow debate include.,True,True,jeanne68@pitts.biz,pitts.biz,True,True,5634865496,frey.net,1,100.0,High,Unknown,Unknown,There is insufficient information available to determine the industry or company type for Morales Ltd.
170,170,0cEB4bF3fbA0Dd7,Rick Cooper,Katie,George,"Greer, Warner and Schmitt",9764423221 ext 563,5469066637 ext 5983,grichardson@gray.com,mpratt@rivas-gutierrez.com,peck.com,Google Ads,Closed Won,Country draw candidate career take.,True,True,grichardson@gray.com,gray.com,True,True,9764423221 ext 563,peck.com,1,100.0,High,Unknown,Unknown,The company information provided is insufficient to determine a specific industry or business type.
171,171,6993Af220DDD0b2,Mitchell Garner,Sonya,Coffey,"Kennedy, Cervantes and Romero",0015676036443 ext 97333,4425920285,rpatel@barrera.com,veronicacummings@lewis.biz,reilly-warren.com,Cold Call,Qualified,Guy situation city grow.,True,True,rpatel@barrera.com,barrera.com,False,True,0015676036443 ext 97333,reilly-warren.com,1,100.0,Medium,Unknown,Unknown,"There is insufficient information available to determine the industry or company type for Kennedy, Cervantes and Romero based on the provided data."
172,172,aB24bba3BBDcE1D,Julie Patton,Dave,Walsh,"Klein, Bailey and Bray",0016223340967,13338276608 ext 06842,cassiebecker@powell.com,sandymcdowell@coffey.com,murillo.com,Podcast,Re-Engagement,Head save last method Mr major tax example.,True,True,cassiebecker@powell.com,powell.com,True,False,0016223340967,murillo.com,1,100.0,High,Unknown,Unknown,The company information provided is insufficient to determine their industry or business model.
173,173,cfAa10B3c9CDa45,Barbara Cooper,Brandon,Hebert,"Oconnell, Collins and Summers",0014189918635 ext 674,5046209057,davesheppard@horn.com,daltonmorse@byrd.com,day.com,Chatbot,On Hold,Fast anyone charge imagine.,True,True,davesheppard@horn.com,horn.com,False,True,0014189918635 ext 674,day.com,1,100.0,Medium,Unknown,Unknown,The company information provided is insufficient to determine the industry or company type.
174,174,8F11DaEECEe287f,Autumn Knight,Kenneth,Harding,Hart Group,7358469280 ext 886,2163740191,dennisgabrielle@vega-chapman.net,angela95@shepherd.com,morales-chambers.com,Purchased List,Closed Lost,Commercial artist more return stop two.,True,True,dennisgabrielle@vega-chapman.net,vega-chapman.net,True,True,7358469280 ext 886,morales-chambers.com,1,100.0,High,Arts and Entertainment,Unknown,The company is identified as a commercial artist.
175,175,7D19872A629261d,Penny Ibarra,Selena,Mccullough,Rice LLC,7322448466,5728867016 ext 1698,pfrank@peterson-black.com,gonzaleskarla@gould.info,huerta.info,Cold Call,On Hold,Structure say subject education hotel.,True,True,pfrank@peterson-black.com,peterson-black.com,True,True,7322448466,huerta.info,1,100.0,High,Education,Education,Rice LLC appears to be involved in the education and hotel sectors based on the provided notes.
176,176,ED7F26209b3dFa6,Allison Blanchard,Kaylee,Schmidt,Cameron-Wise,2999671986 ext 9233,6873348137,deborah22@harrell.net,nielsendiamond@norris.com,pearson.info,Referral,Closed Lost,Low this enter concern skin low point.,True,True,deborah22@harrell.net,harrell.net,True,True,2999671986 ext 9233,pearson.info,1,100.0,High,Unknown,Unknown,There is insufficient information available to determine the industry or company type for Cameron-Wise.
177,177,16a751aE9759b93,Krystal Morton,Frank,Hubbard,"Payne, Acosta and Hall",4444178890 ext 27276,0018116404403 ext 129,diamondhamilton@esparza.info,carrcaleb@shelton-ferrell.info,mccarty-juarez.com,Cold Call,Negotiation,It state nor real hotel which.,True,True,diamondhamilton@esparza.info,esparza.info,True,False,4444178890 ext 27276,mccarty-juarez.com,1,100.0,High,Unknown,Unknown,"There is insufficient information provided to determine the industry or company type of Payne, Acosta and Hall."
178,178,bD7B44C208Fc49C,Lance Baird,Carrie,Flores,Hartman-Cobb,8439657354 ext 62334,4067984115,sstafford@clark-beltran.com,brittney48@ross.biz,krause.com,Direct Traffic,Closed Lost,Low although maybe feeling partner.,True,True,sstafford@clark-beltran.com,clark-beltran.com,True,True,8439657354 ext 62334,krause.com,1,100.0,High,Unknown,Unknown,There is insufficient information provided to determine the industry or company type of Hartman-Cobb.
179,179,A6Ca7e1cB1AbcaC,Kiara Roberson,Edwin,Shepherd,Hendrix PLC,8923837656,3373348509 ext 25339,bradleyalyssa@higgins.com,mwarner@camacho-saunders.info,mendoza.com,Cold Email,Re-Engagement,Strategy institution inside leave authority for be enjoy.,True,True,bradleyalyssa@higgins.com,higgins.com,True,True,8923837656,mendoza.com,1,100.0,High,Unknown,Unknown,Hendrix PLC is a company currently in a re-engagement stage of business development with limited information available regarding its industry or operations.
180,180,Ef7738f808A2E77,Michelle Chang,Douglas,Roth,"Moody, Castro and Frey",2496628163 ext 2852,2887171168 ext 7493,christianjesus@ibarra-rocha.com,jacobssummer@franco-osborne.com,dalton.com,Networking Event,New Lead,Decade during size sometimes result.,True,True,christianjesus@ibarra-rocha.com,ibarra-rocha.com,True,True,2496628163 ext 2852,dalton.com,1,100.0,High,Unknown,Unknown,"The company was identified as a new lead at a networking event, but insufficient information is available to determine its industry or company type."
181,181,fe96FcAcc3925AE,Savannah Erickson,Joseph,Obrien,Johns LLC,9883077540 ext 261,3496939510,rebeccaroth@clay.biz,hodgestom@horn-gordon.com,cross.info,Content Marketing,Re-Engagement,Both themselves difficult care.,True,True,rebeccaroth@clay.biz,clay.biz,True,True,9883077540 ext 261,cross.info,1,100.0,High,Unknown,Unknown,"Johns LLC is a company currently in a re-engagement stage of the sales pipeline, though no specific industry or business activity is mentioned in the provided data."
182,182,14d46c27e7c3bE2,Shelby Hubbard,Nathan,Macias,Fischer-Warren,2337570647,14113255491 ext 44362,kristy95@cummings-conrad.info,tduncan@garza-hendrix.com,maddox-perez.biz,Retargeting Ads,Closed Lost,Air minute and effect.,True,True,kristy95@cummings-conrad.info,cummings-conrad.info,True,False,2337570647,maddox-perez.biz,1,100.0,High,Unknown,Unknown,Insufficient information is provided to determine the industry or company type of Fischer-Warren based on the available notes.
183,183,Bf2F19c3EacC4b1,Keith Hardin,Sonya,Beck,Wallace-Woodard,6806163824 ext 2445,5522710476,roberto44@robles-mcmillan.org,brian52@martin-obrien.info,gould.com,Retargeting Ads,Proposal Sent,Recent easy people car bad.,True,True,roberto44@robles-mcmillan.org,robles-mcmillan.org,True,True,6806163824 ext 2445,gould.com,1,100.0,High,Unknown,Unknown,"There is insufficient information available to determine the industry, company type, or business activities of Wallace-Woodard based on the provided data."
184,184,5eab2863666c2f8,Darren Johns,Norma,Hodges,Douglas Ltd,8386537113 ext 2447,0019264936115 ext 250,mccormickjake@bentley-guerra.com,sue30@lam.com,owen.com,Other,Qualified,Us expert even.,True,True,mccormickjake@bentley-guerra.com,bentley-guerra.com,True,False,8386537113 ext 2447,owen.com,1,100.0,High,Unknown,Unknown,"There is insufficient information provided to determine the industry, company type, or business activities of Douglas Ltd."
185,185,bEf685Fe0A29ACC,Jeffery Riddle,Vernon,Cohen,"Roberts, Duarte and Floyd",9726600284 ext 801,2972436166,guerraconnor@velazquez.org,meadowsgeoffrey@sweeney.net,jefferson-schneider.com,Linkedin Outreach,Contacted,Cultural class through office myself.,True,True,guerraconnor@velazquez.org,velazquez.org,True,True,9726600284 ext 801,jefferson-schneider.com,1,100.0,High,Unknown,Unknown,The available information provides insufficient evidence to determine the company's industry or business model.
186,186,eB97dE1Bc22D35F,Darrell Haas,Matthew,Haas,Wood Inc,0015813431174 ext 1198,4196052828 ext 840,wmontoya@calhoun-george.com,leahmorgan@strickland.net,kerr-gregory.biz,Webinars,New Lead,Responsibility enough nice near wonder sound.,True,True,wmontoya@calhoun-george.com,calhoun-george.com,False,True,0015813431174 ext 1198,kerr-gregory.biz,1,100.0,Medium,Unknown,Unknown,The company Wood Inc was identified as a new lead through a webinar source with no further information available regarding its business activities.
187,187,6B9f7eeeD02c4E9,Jeanne Bridges,Donald,Wilcox,Pace PLC,3844176857,6468627579 ext 5174,carrie13@guerra.com,william13@haley-robbins.info,stein.com,Linkedin Outreach,New Lead,Case ok tough nation feel read.,True,True,carrie13@guerra.com,guerra.com,True,True,3844176857,stein.com,1,100.0,High,Unknown,Unknown,There is insufficient information available to determine the industry or company type for Pace PLC.
188,188,aac0ea65bd1Ffb1,Dakota Bryan,Albert,Delgado,Crane and Sons,0018927140225 ext 9612,9045317620 ext 4704,stoutsandy@stanton-mckee.com,laracarly@liu-gould.com,mora.com,Facebook Ads,Negotiation,World green central me not arm drug.,True,True,stoutsandy@stanton-mckee.com,stanton-mckee.com,False,True,0018927140225 ext 9612,mora.com,1,100.0,Medium,Unknown,Unknown,The provided notes do not contain sufficient information to determine the company's industry or business type.
189,189,725dBc3c7692D83,Rachel Sharp,Vincent,Henry,"Page, Lewis and Bradley",4955650907,6566812721,vrobinson@santos.com,jorge34@howard.biz,ford-campbell.com,Podcast,On Hold,Notice join minute responsibility.,True,True,vrobinson@santos.com,santos.com,True,True,4955650907,ford-campbell.com,1,100.0,High,Unknown,Unknown,"There is insufficient information available about Page, Lewis and Bradley to determine their industry or company type."
190,190,3E1c7Ab7CFb7166,Jenna English,Alexis,Gonzalez,Holland-Peterson,0018965380501 ext 7664,19836136050 ext 52435,lindsay81@macias-mccall.com,kaufmangregg@barry.org,kaiser.com,Cold Call,Disqualified,Risk better address what leave hand.,True,True,lindsay81@macias-mccall.com,macias-mccall.com,False,False,0018965380501 ext 7664,kaiser.com,1,100.0,Medium,Unknown,Unknown,The company Holland-Peterson was disqualified as a business lead due to insufficient information provided in the notes.
191,191,B4Bb0eF8Df03fa0,Eduardo Lane,Darin,Mercer,Roberson and Sons,17463341493 ext 384,12805636130,zachary06@aguilar-booth.com,taylor53@burke.org,kerr.com,Partner Program,Closed Lost,Travel drop seat natural.,True,True,zachary06@aguilar-booth.com,aguilar-booth.com,True,True,17463341493 ext 384,kerr.com,1,100.0,High,Unknown,Unknown,The company Roberson and Sons has insufficient information provided to determine its industry or company type.
192,192,62c98eB5dFE1a41,Kathryn Cohen,Daisy,Logan,"Norton, Hatfield and Kelley",0016809097292 ext 0050,0014513017386 ext 510,roger26@zimmerman-mendoza.biz,bsherman@yu-maddox.net,roth.com,Facebook Ads,Proposal Sent,Again word structure beautiful never high before.,True,True,roger26@zimmerman-mendoza.biz,zimmerman-mendoza.biz,False,False,0016809097292 ext 0050,roth.com,1,100.0,Medium,Unknown,Unknown,"The company Norton, Hatfield and Kelley is currently in the proposal stage for a deal, but there is insufficient information to determine their industry or business model."
193,193,FcfAB7649111CbC,Logan Wagner,Hannah,Sims,Blair PLC,8055834820,0019948185568 ext 13507,ramirezbethany@carroll.com,hopkinsnathan@patrick.com,berg-bowen.org,Organic Search (Seo),New Lead,Present and able daughter evening quite everybody.,True,True,ramirezbethany@carroll.com,carroll.com,True,False,8055834820,berg-bowen.org,1,100.0,High,Unknown,Unknown,Blair PLC is a business lead sourced through organic search with insufficient public information to determine their industry or company type.
194,194,621Ce227F2caFd1,Tanya York,Richard,Davies,"Beck, Valdez and Terry",4123519620 ext 349,9487846955,brittney18@lopez-flowers.com,sandralawson@woodard.info,lutz.com,Social Media,Negotiation,Break best its life must.,True,True,brittney18@lopez-flowers.com,lopez-flowers.com,True,True,4123519620 ext 349,lutz.com,1,100.0,High,Unknown,Unknown,"There is insufficient information available to determine the industry or company type of Beck, Valdez and Terry."
195,195,Ac56a91B4f5f5E2,Kristie Nichols,Carl,Dodson,"Haynes, Gardner and Fitzgerald",3039577683 ext 248,13538555843 ext 04311,lawrencekey@gillespie.com,mritter@leonard.com,estes.com,Social Media,Closed Lost,Organization reflect word heart beat small.,True,True,lawrencekey@gillespie.com,gillespie.com,True,False,3039577683 ext 248,estes.com,1,100.0,High,Unknown,Unknown,"There is insufficient information available to determine the industry or company type for Haynes, Gardner and Fitzgerald."
196,196,4dc6b3BC7B467dB,Howard Davenport,Steve,Woodard,"Weeks, Valencia and Mata",6993033168,2725101890 ext 722,barbaramorse@wise.com,bryan35@strong.com,thomas.com,Referral,Contacted,Production can man morning eye system character.,True,True,barbaramorse@wise.com,wise.com,True,True,6993033168,thomas.com,1,100.0,High,Unknown,Unknown,"There is insufficient information available to determine the industry or company type for Weeks, Valencia and Mata."
197,197,bAD1Ff4A5FfF8eb,Gene Collier,Jim,Schneider,Hudson Inc,9889726509 ext 9436,2025948632 ext 65647,donnakaiser@thomas.net,vochoa@jordan.com,hampton-herrera.com,Content Marketing,Closed Lost,Work hope dream develop paper we.,True,True,donnakaiser@thomas.net,thomas.net,True,True,9889726509 ext 9436,hampton-herrera.com,1,100.0,High,Unknown,Unknown,Hudson Inc is a company with insufficient public information available to determine its industry or core business activities.
198,198,0b9bDFCEd3c4bFC,Joanna Maynard,Darryl,Branch,Mcmillan Ltd,2292766575,0016249368671 ext 1742,theresa13@fitzgerald-kim.net,wmercer@cantrell.biz,jefferson.com,Podcast,Proposal Sent,Yeah stay manage professor store hundred.,True,True,theresa13@fitzgerald-kim.net,fitzgerald-kim.net,True,False,2292766575,jefferson.com,1,100.0,High,Unknown,Unknown,"The provided information does not contain sufficient details to determine the industry, company type, or operations of Mcmillan Ltd."
199,199,32eff842ab8e9FE,Gwendolyn Pena,Scott,Hudson,Mercer-Branch,13937911663 ext 2561,0019324808806 ext 47811,mandy06@cardenas.biz,emilynelson@underwood.biz,king.com,Website Form,Proposal Sent,Boy claim compare.,True,True,mandy06@cardenas.biz,cardenas.biz,True,False,13937911663 ext 2561,king.com,1,100.0,High,Unknown,Unknown,There is insufficient information available to determine the industry or company type of Mercer-Branch based on the provided data.
200,200,076FdeeF2a28208,Martha Mercer,Shirley,Huber,Fuentes and Sons,2248332179 ext 267,5659833852 ext 401,allisondixon@vaughan.biz,poncekristin@flores-acosta.net,orr.com,Purchased List,Proposal Sent,Ago successful while war have receive.,True,True,allisondixon@vaughan.biz,vaughan.biz,True,True,2248332179 ext 267,orr.com,1,100.0,High,Unknown,Unknown,There is insufficient information available to determine the industry or company type for Fuentes and Sons.
201,201,ADfF7ABb3BBB7fD,Yvette Oconnell,Jodi,Mcbride,"Brock, Huang and Bartlett",0016064865290 ext 5174,0018866348845 ext 6831,merrittkatie@cameron.com,kberg@moss.com,curtis-herring.info,Google Ads,Closed Lost,Matter evening price leg Republican really exactly.,True,True,merrittkatie@cameron.com,cameron.com,False,False,0016064865290 ext 5174,curtis-herring.info,1,100.0,Medium,Unknown,Unknown,"There is insufficient information available about the company to determine its industry, company type, or operations."
202,202,A5d591d09EC8C3B,Gavin Huffman,Wesley,Savage,Wood PLC,5652765642,3646017578,pforbes@spencer-conrad.com,pamelawalls@mullins.com,christian.com,Chatbot,Contacted,Do tax born herself response store.,True,True,pforbes@spencer-conrad.com,spencer-conrad.com,True,True,5652765642,christian.com,1,100.0,High,Unknown,Unknown,The provided notes do not contain sufficient information to determine the company's industry or business type.
203,203,4fFaAd5673aA6CF,Mario Burgess,Kayla,Hood,"Leon, Moyer and Mcclain",6558955277,5447697850,rsexton@delacruz.info,jimandrade@crane.com,fuentes.net,Google Ads,Contacted,Security pull start.,True,True,rsexton@delacruz.info,delacruz.info,True,True,6558955277,fuentes.net,1,100.0,High,Unknown,Unknown,"The company is a business lead currently in the contacted stage, with internal notes referencing a security pull."
204,204,D0Bf02B51c076cf,Teresa Frank,Jeremy,Frederick,Bell-Bishop,17408416280 ext 6953,13756742399 ext 09491,monicastout@harris.com,cassidykeith@hansen.net,george.net,Webinars,Closed Lost,Entire speak many own know growth.,True,True,monicastout@harris.com,harris.com,True,False,17408416280 ext 6953,george.net,1,100.0,High,Unknown,Unknown,"The company Bell-Bishop was a participant in webinars, but there is insufficient information to determine their specific industry or company type."
205,205,F1E3a81cD9fCdE7,Louis Acosta,Troy,Oliver,Walls-Huffman,6284220882,7854718561 ext 17311,hancockkathy@harding-porter.com,bernard35@rivas.biz,little.com,Cold Email,Closed Won,Citizen expect challenge.,True,True,hancockkathy@harding-porter.com,harding-porter.com,True,True,6284220882,little.com,1,100.0,High,Unknown,Unknown,Walls-Huffman is a closed won lead with no specific information provided regarding its industry or business operations.
206,206,e2eA86cCe94A95E,Ana Medina,Kevin,Clark,Townsend and Sons,4582161113 ext 6030,7782352660 ext 529,kelli63@little.net,edixon@riddle.com,adkins-palmer.com,Organic Search (Seo),On Hold,Religious person hold garden soldier.,True,True,kelli63@little.net,little.net,True,True,4582161113 ext 6030,adkins-palmer.com,1,100.0,High,Unknown,Unknown,The provided information for Townsend and Sons does not contain enough data to determine their industry or business operations.
207,207,fEAFDaFCA41DDF8,Marie Navarro,Ryan,Phelps,Hull-Gibson,0017579043506,0019617253565 ext 36062,caroline35@stout-brewer.info,wwilliams@wiggins-velazquez.com,hobbs-meyer.biz,Google Ads,Closed Lost,Air particularly during idea.,True,True,caroline35@stout-brewer.info,stout-brewer.info,True,False,0017579043506,hobbs-meyer.biz,1,100.0,High,Unknown,Unknown,The available information regarding Hull-Gibson does not provide sufficient evidence to determine its industry or company type.
208,208,F8888bbDB0A0Cc7,Billy Baldwin,Meredith,Graham,"Key, Villarreal and Anthony",17927051658 ext 3272,9639177803 ext 0269,butlermicheal@willis-estes.com,whitakersierra@benton.com,ballard.net,Organic Search (Seo),Proposal Sent,Today present situation.,True,True,butlermicheal@willis-estes.com,willis-estes.com,True,True,17927051658 ext 3272,ballard.net,1,100.0,High,Unknown,Unknown,The company is currently in the proposal stage of a business deal.
209,209,C2E75B3A4Ef35bf,Dominique Costa,Marcus,Bowman,Petty-Sheppard,2349937952 ext 080,6224300241,doughertyalice@carpenter.com,fpacheco@day-delacruz.com,jefferson.org,Other,Proposal Sent,Maintain street political simple good.,True,True,doughertyalice@carpenter.com,carpenter.com,True,True,2349937952 ext 080,jefferson.org,1,100.0,High,Unknown,Unknown,The available information is insufficient to determine the industry or company type for Petty-Sheppard.
210,210,f0eFd7fDC1393FC,Chad Mccarthy,Diane,Schwartz,Winters LLC,19655771160 ext 30802,0017659065992 ext 4619,ylove@lamb.net,annette90@horn-odom.com,watts.com,Website Form,On Hold,Light from another player data where surface.,True,True,ylove@lamb.net,lamb.net,False,False,19655771160 ext 30802,watts.com,1,100.0,Medium,Unknown,Unknown,Winters LLC is a company with insufficient public information available to determine its specific industry or business operations.
211,211,C786FfB157eDE10,Eddie Page,Vanessa,Nixon,Larson Group,19477262200,8464924691,ferrellbarbara@glenn.com,jaysparks@chambers-stanton.com,riley-ramirez.com,Organic Search (Seo),Proposal Sent,Car eye analysis treat.,True,True,ferrellbarbara@glenn.com,glenn.com,True,True,19477262200,riley-ramirez.com,1,100.0,High,Healthcare,Healthcare,Larson Group appears to be involved in the field of eye analysis and treatment.
212,212,AaCe597AB4ce2aD,Jeremiah Gentry,Michelle,Dalton,"Haney, Pena and Arroyo",4398217184,9213456039 ext 591,mandycurry@singleton-russell.org,manuel89@michael-leon.com,duffy-hale.biz,Content Marketing,On Hold,Parent study they catch seven.,True,True,mandycurry@singleton-russell.org,singleton-russell.org,True,True,4398217184,duffy-hale.biz,1,100.0,High,Unknown,Unknown,There is insufficient information available to determine the company's industry or business model based on the provided data.
213,213,6FEbf154f77A9E7,Margaret Cervantes,Lance,Newton,Gill-Jarvis,15548095785 ext 231,12262134704 ext 0669,darren85@glenn.com,kurtmullen@davila-willis.com,prince.com,Podcast,On Hold,Want fill tend car anything task within.,True,True,darren85@glenn.com,glenn.com,True,True,15548095785 ext 231,prince.com,1,100.0,High,Unknown,Unknown,The company Gill-Jarvis is a lead from a podcast source currently marked as on hold with unclear business operations.
214,214,f1CcfDFdF1ad5D9,Tiffany Mcguire,Tara,Thompson,Rubio-Jenkins,7315371247,3886675937,along@madden-park.com,lloydsummer@nguyen.net,michael.net,Cold Call,Negotiation,Radio challenge resource bag.,True,True,along@madden-park.com,madden-park.com,True,True,7315371247,michael.net,1,100.0,High,Unknown,Unknown,"The company Rubio-Jenkins is currently in the negotiation stage of a business deal, with no specific information available regarding its industry or operations."
215,215,DDbCDD3792dc5D1,Vanessa Byrd,Mandy,Preston,"Ramos, Herrera and Lowe",2916398254,0017715719280 ext 850,khuffman@hanson.com,sbaker@matthews.com,oneal-wolfe.com,Referral,On Hold,Coach blood court probably truth student.,True,True,khuffman@hanson.com,hanson.com,True,False,2916398254,oneal-wolfe.com,1,100.0,High,Unknown,Unknown,There is insufficient information provided to determine the company's industry or business type.
216,216,Eb8f6AA38227Fec,Christopher Ellis,Belinda,Abbott,Gordon LLC,6667370311 ext 524,16607287352 ext 3165,villarrealedgar@conner.biz,vprice@chandler.biz,vaughan.net,Cold Call,New Lead,Federal field crime push wind his second.,True,True,villarrealedgar@conner.biz,conner.biz,True,True,6667370311 ext 524,vaughan.net,1,100.0,High,Unknown,Unknown,There is insufficient information provided to determine the industry or company type for Gordon LLC.
217,217,5B1ebe7aAeB7eDD,James Sanders,Tiffany,Cervantes,"Krause, Chase and Saunders",2438987333,5162934470 ext 306,mbaker@galvan-walls.com,gerald61@roberson.com,meza.com,Other,Closed Lost,Rest officer help imagine bit personal attorney note.,True,True,mbaker@galvan-walls.com,galvan-walls.com,True,True,2438987333,meza.com,1,100.0,High,Unknown,Unknown,"There is insufficient information provided to determine the industry or company type of Krause, Chase and Saunders."
218,218,96ad17b2FaFae5E,Regina Duffy,Jessica,Mays,Dawson PLC,18228308732 ext 2496,7554345213 ext 6385,againes@martin.org,smiles@alvarado.com,wiley-richard.com,Facebook Ads,Closed Lost,Her name instead a financial approach.,True,True,againes@martin.org,martin.org,True,True,18228308732 ext 2496,wiley-richard.com,1,100.0,High,Unknown,Unknown,There is insufficient information available to determine the industry or company type of Dawson PLC based on the provided data.
219,219,13eE56637D7EAF4,Krista Munoz,Curtis,Sexton,Lynch-Trujillo,6173871435 ext 5299,15375519113 ext 55018,monicadavila@conrad.com,joebird@paul-rich.com,goodwin.com,Website Form,New Lead,Color PM ten life company.,True,True,monicadavila@conrad.com,conrad.com,True,False,6173871435 ext 5299,goodwin.com,1,100.0,High,Unknown,Unknown,The provided information for Lynch-Trujillo is insufficient to determine the company's industry or business operations.
220,220,91B7af6dE1E7B74,Dominique Zamora,Joel,Stein,"Macias, Dunn and Clarke",9002925509 ext 281,19882498847 ext 977,jerry70@gallegos-walter.com,phylliscampos@wright-montoya.org,guerrero.com,Cold Email,Proposal Sent,Some avoid down try church audience public.,True,True,jerry70@gallegos-walter.com,gallegos-walter.com,True,True,9002925509 ext 281,guerrero.com,1,100.0,High,Unknown,Unknown,"There is insufficient information available to determine the industry or company type for Macias, Dunn and Clarke."
221,221,815Ec86FdDDDFee,Jack Levy,Jaclyn,Craig,Schmidt-Gonzales,0012393492481 ext 118,5975544048,ritabullock@clay.com,torresjerry@huerta.com,stafford-burton.com,Social Media,Proposal Sent,Customer morning style spend take nation when.,True,True,ritabullock@clay.com,clay.com,False,True,0012393492481 ext 118,stafford-burton.com,1,100.0,Medium,Unknown,Unknown,"Schmidt-Gonzales is a company currently in the proposal stage of a business deal, with no specific industry or company type information provided."
222,222,9c574Ecf7ff8F9F,Stefanie Lucas,Dennis,Hess,Leonard-Knapp,4224204032,4358647570 ext 83352,rhester@juarez.com,sduncan@bailey-carlson.com,mercer-haney.com,Direct Traffic,Closed Won,Idea century human look strong.,True,True,rhester@juarez.com,juarez.com,True,True,4224204032,mercer-haney.com,1,100.0,High,Unknown,Unknown,The company information provided is insufficient to determine a specific industry or business type.
223,223,bbFEcA18FA2BaB8,Miranda Anderson,Kim,Frederick,Acevedo Ltd,6862759965 ext 1893,7543054265,mowens@fernandez.info,eburgess@hurley.net,mendez.biz,Cold Email,Closed Lost,Congress difficult base teacher maybe term.,True,True,mowens@fernandez.info,fernandez.info,True,True,6862759965 ext 1893,mendez.biz,1,100.0,High,Unknown,Unknown,There is insufficient information available to determine the industry or company type for Acevedo Ltd.
224,224,E6Cba758fC3D5A1,Stephanie Barnes,Ellen,Wallace,Garrett Inc,7313241712 ext 909,7702776356 ext 0823,zsexton@yu.biz,murrayhenry@fleming.org,morrison.com,Trade Show,Negotiation,Recent him speech area.,True,True,zsexton@yu.biz,yu.biz,True,True,7313241712 ext 909,morrison.com,1,100.0,High,Unknown,Unknown,Garrett Inc is currently in a negotiation stage based on information gathered at a trade show.
225,225,f39CBb62d2ac295,Nancy Norris,Pamela,Bowman,"Landry, Wong and Fisher",7759177829 ext 572,0018189691053 ext 69946,rodneyduarte@wilkerson.com,traceyhunter@estes-merritt.com,vaughan.com,Chatbot,New Lead,Region possible big marriage care.,True,True,rodneyduarte@wilkerson.com,wilkerson.com,True,False,7759177829 ext 572,vaughan.com,1,100.0,High,Unknown,Unknown,"There is insufficient information provided to determine the industry or company type for Landry, Wong and Fisher."
226,226,1aeB109D9eeBBC9,Eddie Landry,Mitchell,Haley,Nicholson-Madden,2774452515 ext 01563,0019818837732,sweeneybradley@butler.com,casey86@walker.com,meyers.com,Facebook Ads,Contacted,Claim bank your there court now approach.,True,True,sweeneybradley@butler.com,butler.com,True,True,2774452515 ext 01563,meyers.com,1,100.0,High,Unknown,Unknown,The provided information contains insufficient data to determine the industry or company type for Nicholson-Madden.
227,227,baBCD8adcA9C04c,Brent Li,Lori,Brewer,Gregory-Booth,8597776495,5886734715 ext 6793,ygardner@krause.com,julieblake@griffin.biz,sharp.com,Referral,Closed Lost,Away upon professional past it who.,True,True,ygardner@krause.com,krause.com,True,True,8597776495,sharp.com,1,100.0,High,Unknown,Unknown,The company information provided is insufficient to determine a specific industry or business type.
228,228,Eacd6CEc5Bf0C95,Adrian Atkinson,Nicholas,Guzman,"Carr, Roberson and Rose",15739475500 ext 2952,9735731611,veronicaskinner@fritz.com,floyddaniel@reese.com,arroyo.net,Content Marketing,Negotiation,Kid thing develop most.,True,True,veronicaskinner@fritz.com,fritz.com,True,True,15739475500 ext 2952,arroyo.net,1,100.0,High,Unknown,Unknown,There is insufficient information to determine the company's industry or business model based on the provided data.
229,229,4FC99353E5539CA,Sandy Delgado,Lee,Benson,Harris-Morgan,0017273945490,7562939515,janet38@cline-blanchard.com,wrojas@dodson-hurst.com,craig.info,Networking Event,Qualified,Study meeting music sit drop.,True,True,janet38@cline-blanchard.com,cline-blanchard.com,True,True,0017273945490,craig.info,1,100.0,High,Unknown,Unknown,There is insufficient information provided to determine the industry or company type of Harris-Morgan.
230,230,cd8eB1a63eE07fB,Vicki Roth,Olivia,Mills,Galloway-Doyle,9692875068 ext 13010,5912145102 ext 26949,pittmantodd@tran.org,martha90@hanna.com,santos.com,Other,Contacted,Before word share Congress table focus.,True,True,pittmantodd@tran.org,tran.org,True,True,9692875068 ext 13010,santos.com,1,100.0,High,Unknown,Unknown,"There is insufficient information available to determine the industry, company type, or business activities of Galloway-Doyle."
231,231,f1c5E6DbFD90ad0,Krista Aguilar,Meagan,Fox,Ingram Ltd,2267986832 ext 08985,4392674380,nicholas18@mclaughlin-branch.biz,walter83@richmond.biz,castro.com,Podcast,Disqualified,Tax network pick word glass.,True,True,nicholas18@mclaughlin-branch.biz,mclaughlin-branch.biz,True,True,2267986832 ext 08985,castro.com,1,100.0,High,Unknown,Unknown,There is insufficient information available to determine the industry or company type for Ingram Ltd.
232,232,aBbd2bE2A0F4f40,Glenda Mcneil,Krystal,Mccoy,"Robinson, Holmes and Jacobs",9496479728,5497984277 ext 92002,rodneywilson@lin-pratt.com,juanstephenson@baker-woodward.biz,wiley.com,Purchased List,Disqualified,Now room general.,True,True,rodneywilson@lin-pratt.com,lin-pratt.com,True,True,9496479728,wiley.com,1,100.0,High,Unknown,Unknown,"The company information provided is contradictory regarding its website and domain, and no clear business industry or type can be determined."
233,233,10bEEdD314E8384,Christian Cameron,Melinda,Bailey,Campbell and Sons,7544834036,2485119649,collinscandace@diaz.info,ubentley@fitzgerald.com,simmons-hicks.com,Podcast,On Hold,Nice positive become individual image hold.,True,True,collinscandace@diaz.info,diaz.info,True,True,7544834036,simmons-hicks.com,1,100.0,High,Unknown,Unknown,There is insufficient information available to determine the industry or company type for Campbell and Sons.
234,234,2D3d6e95Fc81cC7,Tanya Dillon,Dana,Shaw,"Rowe, Heath and Hooper",5065820748 ext 241,5188659594,leonard82@clay.com,beverlyrussell@simpson-middleton.net,lowe.com,Facebook Ads,Contacted,Billion Republican son.,True,True,leonard82@clay.com,clay.com,True,True,5065820748 ext 241,lowe.com,1,100.0,High,Unknown,Unknown,"There is insufficient information provided to determine the industry or company type of Rowe, Heath and Hooper."
235,235,BAfA91C302ad3e8,Roberta Shields,Kathy,Sanford,Hill-Parsons,0013328887365 ext 1614,0013296357547,shirleyshaw@horne.com,rita62@burgess-mahoney.com,fernandez-wiggins.com,Organic Search (Seo),Disqualified,Word lose break.,True,True,shirleyshaw@horne.com,horne.com,False,True,0013328887365 ext 1614,fernandez-wiggins.com,1,100.0,Medium,Unknown,Unknown,Hill-Parsons is a company identified through organic search with insufficient information available to determine its industry or business type.
236,236,ab81E4dAFD0A78A,Heidi Simmons,Carlos,Chung,"Collier, Mccormick and Gibson",4959041338 ext 4469,0012792700564 ext 316,bethany13@hardy.com,savagecarly@orr.com,haas-woodward.com,Podcast,Closed Lost,Couple economic career deep when.,True,True,bethany13@hardy.com,hardy.com,True,False,4959041338 ext 4469,haas-woodward.com,1,100.0,High,Unknown,Unknown,"There is insufficient information provided to determine the industry or company type of Collier, Mccormick and Gibson."
237,237,2ddbdf7d03f6aDF,Harold Olsen,Duane,Rush,Sims Ltd,3538013989 ext 8389,8915466565 ext 241,douglasprice@deleon-ellis.com,kennethnelson@price.net,mckee-pittman.com,Trade Show,Proposal Sent,Voice indeed stock sometimes scientist likely.,True,True,douglasprice@deleon-ellis.com,deleon-ellis.com,True,True,3538013989 ext 8389,mckee-pittman.com,1,100.0,High,Unknown,Unknown,"The company Sims Ltd was identified via a trade show, but there is insufficient information to determine its industry, company type, or primary operations."
238,238,B2693B8Da7a5Ae1,Alec Contreras,Debbie,Foley,Ingram-Jacobson,16352169005,2069954947 ext 4617,deborah45@sherman-eaton.org,mataalexis@frazier.com,banks.com,Facebook Ads,Qualified,Fact turn teacher director shake late hard.,True,True,deborah45@sherman-eaton.org,sherman-eaton.org,True,True,16352169005,banks.com,1,100.0,High,Unknown,Unknown,There is insufficient evidence provided to determine the industry or company type of Ingram-Jacobson.
239,239,1EE7B5205d9f1EB,Sharon Weber,Anne,Yu,"Snyder, Duffy and Waters",12763720713 ext 082,12997365783 ext 7242,cristian91@tran.com,craig01@collier.com,farrell.com,Retargeting Ads,Qualified,Doctor summer court support central commercial wall unit.,True,True,cristian91@tran.com,tran.com,True,True,12763720713 ext 082,farrell.com,1,100.0,High,Unknown,Unknown,"There is insufficient evidence to determine the industry or company type for Snyder, Duffy and Waters based on the provided notes."
240,240,0Db42DFf0aDDDE3,Deanna Dougherty,Terrance,Castaneda,Pope PLC,2857101136,12314823869 ext 20644,joy46@li-grant.info,ellen28@morse.com,wu.net,Facebook Ads,New Lead,Anyone information size next position different home.,True,True,joy46@li-grant.info,li-grant.info,True,False,2857101136,wu.net,1,100.0,High,Unknown,Unknown,The provided notes do not contain sufficient information to determine the company's industry or business activities.
241,241,eED4e66dD1490bb,Lindsey Pham,Gordon,Bruce,Cuevas-Singleton,9977859741 ext 4016,3142650293 ext 33998,nrusso@barry-whitaker.net,manuelspencer@murillo-yoder.org,cox.com,Podcast,Negotiation,Big everything set send wrong.,True,True,nrusso@barry-whitaker.net,barry-whitaker.net,True,True,9977859741 ext 4016,cox.com,1,100.0,High,Unknown,Unknown,There is insufficient information provided to determine the company's industry or business model.
242,242,99Dd8FCE0DBF8B4,Rebecca Conrad,Keith,Cisneros,Mcguire-Chambers,3455385731 ext 10537,0012908270507 ext 967,mannpaige@riddle.net,johnathanorr@livingston.com,mcmillan.info,Direct Traffic,Qualified,Shake book cold return crime.,True,True,mannpaige@riddle.net,riddle.net,True,False,3455385731 ext 10537,mcmillan.info,1,100.0,High,Unknown,Unknown,The available information is insufficient to determine the industry or company type of Mcguire-Chambers.
243,243,0bdDf3FeAe7A558,Troy Webster,Patrick,Chambers,"Mann, Macias and Miles",5723451527 ext 83392,15205077085 ext 823,alyssa67@may.biz,kbender@li.info,fry-goodwin.com,Cold Call,New Lead,Choose mention public.,True,True,alyssa67@may.biz,may.biz,True,True,5723451527 ext 83392,fry-goodwin.com,1,100.0,High,Unknown,Unknown,"There is insufficient information to determine the industry or company type for Mann, Macias and Miles."
244,244,33Bc3b2cCddbCa6,Jillian Hurst,Kathryn,Shaw,"Arellano, Buchanan and Berg",15397103119 ext 437,8869208588,weaverparker@zamora-fitzpatrick.com,qthornton@wagner.net,valentine.info,Facebook Ads,Closed Won,Section admit third bad again like the.,True,True,weaverparker@zamora-fitzpatrick.com,zamora-fitzpatrick.com,True,True,15397103119 ext 437,valentine.info,1,100.0,High,Unknown,Unknown,"The available information is insufficient to determine the industry or company type of Arellano, Buchanan and Berg."
245,245,6EB71db6dEa75aC,Margaret Gray,Isabella,Finley,Burns Group,4544850747,15813543868,jim74@medina.net,lawrence20@mccarthy.info,levy.info,Facebook Ads,Proposal Sent,Religious too us alone use.,True,True,jim74@medina.net,medina.net,True,True,4544850747,levy.info,1,100.0,High,Unknown,Unknown,"The company, identified as Burns Group, has reached the proposal stage of a deal sourced from Facebook Ads."
246,246,0cD4C7ad5cBDfd8,Ashley Mills,Suzanne,Fitzpatrick,Gray-Marks,9982824065 ext 4252,4172726888 ext 3229,atkinseduardo@lee.com,nhuff@greene.com,green-gallagher.net,Facebook Ads,New Lead,Agency special international thank test.,True,True,atkinseduardo@lee.com,lee.com,True,True,9982824065 ext 4252,green-gallagher.net,1,100.0,High,Unknown,Unknown,The provided information lacks sufficient detail to determine the company's industry or business type beyond its identification as an agency.
247,247,DEf6Da0edD89ebe,Alexis Banks,Alexa,Ortega,Boyer-Rios,0015135606469 ext 48049,12959877887 ext 273,iward@kline-goodman.net,louis41@gibbs.info,evans-whitehead.net,Google Ads,Closed Lost,News soldier space five kitchen team either chair.,True,True,iward@kline-goodman.net,kline-goodman.net,False,True,0015135606469 ext 48049,evans-whitehead.net,1,100.0,Medium,Unknown,Unknown,There is insufficient information available to determine the industry or company type for Boyer-Rios.
248,248,c6F2B32bF53EEEA,Collin Gonzalez,Kristi,Hurley,Webster-Ortega,2314654580 ext 7622,2072402090 ext 2613,emmalamb@duran.com,brendanpeterson@ward.net,hall.org,Purchased List,Closed Lost,Final respond meet newspaper total.,True,True,emmalamb@duran.com,duran.com,True,True,2314654580 ext 7622,hall.org,1,100.0,High,Unknown,Unknown,There is insufficient information available to determine the industry or company type of Webster-Ortega.
249,249,E1DBca46f82b0BD,Timothy Braun,Sheri,Douglas,"Evans, Parker and Duran",12459910268,2357921034,mcdowelllinda@anthony.com,mathewsstuart@waters.info,house.com,Webinars,New Lead,Ready to win certain usually.,True,True,mcdowelllinda@anthony.com,anthony.com,True,True,12459910268,house.com,1,100.0,High,Unknown,Unknown,The provided information does not contain enough context to determine the company's industry or business model.
250,250,52023EFCFa8Fd8e,Stacie Carter,Beth,Whitney,Mcmillan Group,0013599014463,0012817662238 ext 26846,krystal03@martinez-knapp.com,wellsbrandi@chambers.biz,yoder.info,Social Media,Closed Won,That stock factor up national crime large.,True,True,krystal03@martinez-knapp.com,martinez-knapp.com,True,False,0013599014463,yoder.info,1,100.0,High,Unknown,Unknown,The available information regarding Mcmillan Group is insufficient to determine its industry or company type.
251,251,dfF058c827b6d2C,Eugene Knight,Darrell,Gates,"Mosley, Kaiser and Dunn",2744858755 ext 015,8936641956 ext 562,breannawang@french.net,kendra43@robles-hancock.com,daniels-lin.com,Content Marketing,Disqualified,International happy bring approach.,True,True,breannawang@french.net,french.net,True,True,2744858755 ext 015,daniels-lin.com,1,100.0,High,Unknown,Unknown,"The company Mosley, Kaiser and Dunn is associated with the domain french.net and reached via content marketing, though specific industry and operational details are unavailable."
252,252,22BD94c272fE9FE,Ebony Acosta,Janet,Glenn,Hernandez-Beasley,4515476341 ext 12200,0015747929623,clopez@stone.org,alanvalenzuela@mcdonald-wilson.biz,durham.com,Networking Event,On Hold,Evening grow scientist measure four often real.,True,True,clopez@stone.org,stone.org,True,True,4515476341 ext 12200,durham.com,1,100.0,High,Unknown,Unknown,"The company Hernandez-Beasley was identified at a networking event, and there is insufficient information available to determine its industry or company type."
253,253,d9f6442eEE640E6,Herbert Riley,Wendy,Glass,"Mosley, Trujillo and Liu",8535126630 ext 6081,3897265257,cobbmark@townsend-phelps.com,brandon81@keith.net,doyle.com,Podcast,Proposal Sent,Bed important crime.,True,True,cobbmark@townsend-phelps.com,townsend-phelps.com,True,True,8535126630 ext 6081,doyle.com,1,100.0,High,Unknown,Unknown,The provided information is insufficient to determine the company's industry or business activities.
254,254,B1aeD51629cDD22,George Reilly,Frederick,Dunlap,Daniel PLC,4892035486,4865547641 ext 54458,jeff43@boyd-blackwell.com,spearshelen@rodriguez.com,brooks.net,Direct Traffic,Closed Lost,Either throughout whole agreement begin to glass.,True,True,jeff43@boyd-blackwell.com,boyd-blackwell.com,True,True,4892035486,brooks.net,1,100.0,High,Unknown,Unknown,"Daniel PLC is a company acquired through direct traffic that was previously involved in a closed lost deal, with no specific information available regarding its industry or business operations."
255,255,BB6737AdB5CA4fB,Felicia Bennett,Karl,Foster,"Atkins, Petty and Erickson",0014388224057 ext 9554,4054270225 ext 81663,darlene38@garner.com,pattyburch@dominguez.net,beard.org,Linkedin Outreach,Disqualified,Show add Mr phone north financial war item.,True,True,darlene38@garner.com,garner.com,False,True,0014388224057 ext 9554,beard.org,1,100.0,Medium,Unknown,Unknown,The provided information about the company does not contain sufficient details to determine its industry or business operations.
256,256,fF7E1C999C64FBf,Edward Stephenson,Diamond,Booth,"Hendricks, Arroyo and Hogan",9796731586,3557214322 ext 5999,chaseharding@conner.biz,dawsonbrandy@barr-stewart.info,sosa-blanchard.com,Partner Program,New Lead,You hope public thing off.,True,True,chaseharding@conner.biz,conner.biz,True,True,9796731586,sosa-blanchard.com,1,100.0,High,Unknown,Unknown,"Hendricks, Arroyo and Hogan is a lead sourced through a partner program with insufficient information provided to determine its specific industry or company type."
257,257,0FDA2fDdf1afa8A,Kristine Walter,Victor,Cunningham,Fisher PLC,13794002826,6093312414 ext 9999,yirwin@cantu-atkinson.org,xshannon@kaufman.com,poole-rollins.org,Facebook Ads,Re-Engagement,Approach statement pay use.,True,True,yirwin@cantu-atkinson.org,cantu-atkinson.org,True,True,13794002826,poole-rollins.org,1,100.0,High,Unknown,Unknown,"Fisher PLC is being targeted for re-engagement based on Facebook ad data, though no specific business activities or industry focus are provided."
258,258,E8bA8EE8c270f34,Jean Bowen,Shelby,Wolf,Williamson-Huffman,7913358220,3804194028 ext 7473,chloe86@ochoa-riley.com,tami98@castro.biz,hicks.biz,Chatbot,Qualified,Power something can drive executive note full.,True,True,chloe86@ochoa-riley.com,ochoa-riley.com,True,True,7913358220,hicks.biz,1,100.0,High,Unknown,Unknown,"The provided information for Williamson-Huffman is insufficient to determine the company's industry, type, or specific business activities."
259,259,690604FD0710DDB,Ashlee Frye,Taylor,Webster,"Holden, Chan and Keith",0012782131920 ext 0700,2724366283,donaldsonyvonne@ayers-newton.net,cwilliamson@lin.com,adams.info,Direct Traffic,Re-Engagement,Activity both hundred.,True,True,donaldsonyvonne@ayers-newton.net,ayers-newton.net,False,True,0012782131920 ext 0700,adams.info,1,100.0,Medium,Unknown,Unknown,"Holden, Chan and Keith is a company interacting via direct traffic and currently in the re-engagement stage of the sales pipeline."
260,260,f06D235F7FdD72D,Jay Robles,Joann,Chen,Moreno and Sons,0013287914535 ext 057,0012762827866 ext 371,kristi91@manning-serrano.com,lunakathryn@beasley-mayer.com,mcconnell.org,Webinars,Qualified,Past listen factor cost.,True,True,kristi91@manning-serrano.com,manning-serrano.com,False,False,0013287914535 ext 057,mcconnell.org,1,100.0,Medium,Unknown,Unknown,"Moreno and Sons is a qualified lead identified through webinar attendance, with notes indicating past involvement in factor cost analysis."
261,261,E6F9F1DFBA7FcAA,Deanna Watson,Jill,Flores,Gamble LLC,19039451111 ext 358,9652216284,tmay@morris.com,mason86@ho.com,benson.org,Referral,Disqualified,However city cold lot themselves.,True,True,tmay@morris.com,morris.com,True,True,19039451111 ext 358,benson.org,1,100.0,High,Unknown,Unknown,Gamble LLC is a referred entity with no specific business activities or industry details provided.
262,262,Abede96E3312f8d,Alec Henderson,Gavin,Barajas,"Zamora, Benitez and Ponce",7563604142 ext 16436,18868134057,fisherbrent@newton-hart.org,harringtonhayden@sims.com,ross-oneill.info,Website Form,Re-Engagement,Fast population meet use.,True,True,fisherbrent@newton-hart.org,newton-hart.org,True,True,7563604142 ext 16436,ross-oneill.info,1,100.0,High,Unknown,Unknown,"Zamora, Benitez and Ponce is an entity that engaged via a website form and is currently categorized in the re-engagement stage of the sales pipeline."
263,263,e71aF63c677f950,Marco Thomas,Toni,Rubio,Peterson Group,8255502414,5947293485 ext 818,dominiquematthews@wade.com,callahansherry@bryant.com,robinson-herman.org,Purchased List,Closed Won,Eight reason sense spring happen.,True,True,dominiquematthews@wade.com,wade.com,True,True,8255502414,robinson-herman.org,1,100.0,High,Unknown,Unknown,"The available information provides no details regarding the industry, company type, or operations of Peterson Group."
264,264,0759E2C65Bc85da,Troy Giles,Annette,Burton,"Cooley, Lyons and Brandt",9442964497 ext 82775,13933332883 ext 0874,colemancaitlin@weeks-simon.org,hutchinsonricardo@foley.com,price-spence.com,Webinars,On Hold,Determine brother north onto family.,True,True,colemancaitlin@weeks-simon.org,weeks-simon.org,True,True,9442964497 ext 82775,price-spence.com,1,100.0,High,Unknown,Unknown,"The company, Cooley, Lyons and Brandt, is currently categorized as an on-hold lead sourced from webinars with insufficient information to determine its specific industry or business operations."
265,265,c50A29d2aEF936C,Sierra Morgan,Parker,Shea,"Sawyer, Guzman and Farmer",6498791294 ext 77165,7556030920,lisaferrell@holt-valencia.com,eduardorichmond@burns-silva.com,peters.com,Other,Re-Engagement,American not identify coach sometimes discussion.,True,True,lisaferrell@holt-valencia.com,holt-valencia.com,True,True,6498791294 ext 77165,peters.com,1,100.0,High,Unknown,Unknown,"There is insufficient information to determine the industry or company type of Sawyer, Guzman and Farmer."
266,266,BA4A63D308B97Ae,Larry Finley,Jimmy,Wilkinson,"Ball, Allison and Randall",6854581273,17376713981 ext 0956,gcochran@jenkins.com,sfrazier@goodwin-henderson.net,raymond.com,Website Form,Re-Engagement,But identify main turn national interesting.,True,True,gcochran@jenkins.com,jenkins.com,True,True,6854581273,raymond.com,1,100.0,High,Unknown,Unknown,There is insufficient information provided to determine the company's industry or business model.
267,267,a125e0A9C15EF95,Mercedes Zhang,Linda,Mckee,Frazier-Ross,0018523176176,0014729442676 ext 97365,deanmccormick@hutchinson-garrison.com,evelyn79@savage-tapia.com,watts.net,Website Form,Negotiation,Attention no it I let.,True,True,deanmccormick@hutchinson-garrison.com,hutchinson-garrison.com,True,False,0018523176176,watts.net,1,100.0,High,Unknown,Unknown,"The company is currently in the negotiation stage, but there is insufficient information to determine its industry or business type."
268,268,6AB0FDdb098EF09,Phyllis Hensley,Kristen,Pollard,"Stephens, Singleton and Gillespie",0015793050255 ext 265,6686168153,iburgess@blackwell.com,sethashley@leblanc.com,may-woods.com,Purchased List,Closed Lost,Staff third per age factor.,True,True,iburgess@blackwell.com,blackwell.com,False,True,0015793050255 ext 265,may-woods.com,1,100.0,Medium,Unknown,Unknown,"The provided information does not contain sufficient details to determine the industry or company type for Stephens, Singleton and Gillespie."
269,269,AB8DddC0c948d46,Bonnie Rangel,Ruben,Chase,Tucker Inc,16615654367 ext 73101,5892148319 ext 240,rachaelbarton@hull.com,jacksonerica@casey.com,schroeder.com,Referral,Proposal Sent,Suddenly protect among practice.,True,True,rachaelbarton@hull.com,hull.com,False,True,16615654367 ext 73101,schroeder.com,1,100.0,Medium,Unknown,Unknown,"Tucker Inc is a prospect currently at the proposal stage of the sales pipeline, though the nature of their business remains undefined."
270,270,AEB2ED8F1Db9e6F,Latasha Brock,Mathew,Owens,"Wolfe, Mathis and Guerrero",5382385900,6664404887 ext 189,sheryl85@hardy-rich.org,edwardsalan@bowen.net,garrett.com,Organic Search (Seo),Proposal Sent,Ago join including throw laugh executive candidate.,True,True,sheryl85@hardy-rich.org,hardy-rich.org,True,True,5382385900,garrett.com,1,100.0,High,Unknown,Unknown,"There is insufficient information provided to determine the industry or company type for Wolfe, Mathis and Guerrero based on the available notes."
271,271,fDEd7cdF33Ad61e,Dustin Randall,Jon,Townsend,Ferguson Group,0018059677586 ext 257,8049290346 ext 2005,cristianhurst@underwood-mcpherson.org,wproctor@nunez.biz,ingram.com,Networking Event,Proposal Sent,Computer employee inside lose.,True,True,cristianhurst@underwood-mcpherson.org,underwood-mcpherson.org,False,True,0018059677586 ext 257,ingram.com,2,100.0,Medium,Unknown,Unknown,The provided information is insufficient to determine the company's industry or business type.
272,272,BbEdB6d3BEBEEf8,Kelsey Nielsen,Albert,Wiggins,"Bonilla, Figueroa and Bridges",5274614751 ext 93342,2129693284,khanjake@krueger-murphy.info,xhardin@contreras.biz,waller.net,Cold Call,Re-Engagement,Expert technology increase skin behind.,True,True,khanjake@krueger-murphy.info,krueger-murphy.info,True,True,5274614751 ext 93342,waller.net,1,100.0,High,Unknown,Unknown,"The provided notes regarding Bonilla, Figueroa and Bridges do not contain enough information to determine the company's industry or business model."
273,273,AFcDdAa25CF0f0D,Shawn Collier,Caitlin,Frank,Hickman and Sons,5104141169 ext 997,2055689299 ext 5296,fullermarilyn@rojas-baker.org,normaponce@parsons-henson.net,gray-dawson.com,Networking Event,Proposal Sent,Hotel almost chance open describe.,True,True,fullermarilyn@rojas-baker.org,rojas-baker.org,True,True,5104141169 ext 997,gray-dawson.com,1,100.0,High,Unknown,Unknown,"Hickman and Sons is a business lead currently at the proposal stage, but the provided information does not describe the nature of their industry or company operations."
274,274,eF4DBfd54aaeCC3,Brady Arias,Heidi,Rowland,Neal-Collins,15744807756,7427015105 ext 13611,evelyn47@fisher.com,mcdonalddonald@wilkinson-thomas.com,harrison-walters.info,Webinars,Closed Won,Movie major senior skill series.,True,True,evelyn47@fisher.com,fisher.com,True,True,15744807756,harrison-walters.info,1,100.0,High,Unknown,Unknown,"The company Neal-Collins was identified through webinar participation and engaged in a closed won deal, though its specific industry and operations remain unknown based on the provided notes."
275,275,9fEb88Bedc28bEc,Latasha Carter,Terri,Warren,Benjamin-Mayer,5524184202 ext 7692,9318211676,kelleymiranda@walls.biz,johnbaird@yu.biz,valentine.com,Google Ads,Closed Won,Involve mind finish administration surface how safe than.,True,True,kelleymiranda@walls.biz,walls.biz,True,True,5524184202 ext 7692,valentine.com,1,100.0,High,Unknown,Unknown,The available information provides no clear indication of Benjamin-Mayer's industry or company type.
276,276,7dc6308Befe5f6F,Sherri Bright,Laura,Medina,"Jackson, Pope and Valentine",5994764752 ext 73860,9362882420 ext 65794,iavila@arias.info,maria77@king.com,roth.net,Organic Search (Seo),New Lead,Listen still military bill.,True,True,iavila@arias.info,arias.info,True,True,5994764752 ext 73860,roth.net,1,100.0,High,Unknown,Unknown,"The company Jackson, Pope and Valentine is a new lead with insufficient information provided to determine its industry or business type."
277,277,5CEeed738d78577,Parker Holland,Angie,Vance,Dean-Walters,6103435588 ext 176,13999944382 ext 89102,newtontristan@byrd.com,mcguireriley@macias.com,finley-jenkins.com,Facebook Ads,Closed Won,Easy forward then wish us hope.,True,True,newtontristan@byrd.com,byrd.com,True,False,6103435588 ext 176,finley-jenkins.com,1,100.0,High,Unknown,Unknown,Dean-Walters is a company identified through Facebook Ads with a deal stage of Closed Won.
278,278,A0e9d46A26b4aDd,Howard Richards,Raymond,Hardin,Berg Ltd,0017274586293 ext 51929,0016492454904 ext 23620,ztapia@baldwin.com,rhendrix@patel-blanchard.net,shepard-weaver.com,Trade Show,New Lead,Kind trial than recent wait federal edge.,True,True,ztapia@baldwin.com,baldwin.com,False,False,0017274586293 ext 51929,shepard-weaver.com,1,100.0,Medium,Unknown,Unknown,Berg Ltd is a new lead acquired from a trade show with no specific product or service information provided.
279,279,eDC13b19BFdc9CC,Dalton Mathis,Yesenia,Brandt,Webster-Parks,0018896856107 ext 67297,12844025086 ext 1752,dwayne32@sims-spencer.com,warnerjenny@fletcher.net,friedman.com,Networking Event,Contacted,History again break reduce.,True,True,dwayne32@sims-spencer.com,sims-spencer.com,False,True,0018896856107 ext 67297,friedman.com,1,100.0,Medium,Unknown,Unknown,There is insufficient information available to determine the industry or company type for Webster-Parks based on the provided details.
280,280,f04f8f5F394B561,Hailey Braun,Jody,Scott,Mejia-Webb,0013154893167 ext 18923,2865412028 ext 21266,jacksondodson@dawson.com,savannahreese@drake.com,mckenzie.com,Referral,On Hold,Thank author house teacher lawyer stuff assume.,True,True,jacksondodson@dawson.com,dawson.com,False,True,0013154893167 ext 18923,mckenzie.com,1,100.0,Medium,Unknown,Unknown,The available information provides no clear details regarding the company's industry or business activities.
281,281,46e7cfaEfDd3fA2,Kristopher Gibson,Shawna,Gonzales,"Dickerson, Moyer and Singleton",5687828051 ext 9460,0019263965282 ext 8319,johnny66@cantu.com,kserrano@frank.com,perkins.com,Podcast,Qualified,Painting middle seek both.,True,True,johnny66@cantu.com,cantu.com,True,False,5687828051 ext 9460,perkins.com,1,100.0,High,Unknown,Unknown,"There is insufficient information to determine the industry or company type for Dickerson, Moyer and Singleton."
282,282,64D97519ed982eE,Amanda Andersen,Donna,Mercado,Fletcher LLC,3446432288 ext 89680,4837901764 ext 9822,rebeccalester@white-cruz.com,melvin79@decker-crane.com,haas.com,Podcast,Proposal Sent,Event step floor cause each.,True,True,rebeccalester@white-cruz.com,white-cruz.com,True,True,3446432288 ext 89680,haas.com,1,100.0,High,Unknown,Unknown,"Fletcher LLC is a business entity currently in the proposal stage of a deal, with no specific information provided regarding its industry or operations."
283,283,FdFb1ddaC6D1a0C,Carolyn Hurley,Phillip,Hardy,Sweeney-Hall,3276807273,0019482990404,vwise@wiley.com,mperkins@welch.info,benitez-mitchell.net,Cold Email,Closed Won,Western none piece both.,True,True,vwise@wiley.com,wiley.com,True,True,3276807273,benitez-mitchell.net,1,100.0,High,Unknown,Unknown,There is insufficient information to determine the industry or company type of Sweeney-Hall based on the provided notes.
284,284,AEfA617cD9d5EBf,Brittany Howard,Ronnie,Hogan,"Adams, Hurst and Bass",2397218947 ext 49672,8322314296 ext 5676,richardsonian@church.biz,lisaingram@santana.biz,vance.com,Chatbot,Proposal Sent,Single including indeed big.,True,True,richardsonian@church.biz,church.biz,True,True,2397218947 ext 49672,vance.com,1,100.0,High,Unknown,Unknown,"Adams, Hurst and Bass is a company with limited available information regarding its industry or business operations."
285,285,5cAf1a984B7D02c,Alexander Brooks,Martha,Hawkins,Zimmerman and Sons,0017919538822 ext 87508,14634363362,bailey87@ayala.info,jon08@nolan-osborne.org,wilson.info,Podcast,Negotiation,Care either pass play.,True,True,bailey87@ayala.info,ayala.info,False,True,0017919538822 ext 87508,wilson.info,1,100.0,Medium,Unknown,Unknown,Zimmerman and Sons is currently in the negotiation stage of a business deal according to podcast source information.
286,286,31cb05818B7eb8F,Amber Woodward,Gerald,Mendez,"Brandt, Morrow and Wise",5719550565,12494598414 ext 7677,ernest30@buckley.com,mercedescastro@riggs.com,lutz-spears.net,Webinars,Negotiation,Be per fact whose check their many.,True,True,ernest30@buckley.com,buckley.com,True,True,5719550565,lutz-spears.net,1,100.0,High,Unknown,Unknown,"Brandt, Morrow and Wise is currently in the negotiation stage of a business deal, but no specific industry or company type information is available."
287,287,9CD4FaA4bA65FFB,Terri Blankenship,Sonia,Washington,Trujillo and Sons,2513157780 ext 36190,9918033302,vickiesingleton@johnson-mitchell.com,sherry85@mcintyre-maxwell.com,thomas-deleon.org,Other,Re-Engagement,Stop plant personal deal.,True,True,vickiesingleton@johnson-mitchell.com,johnson-mitchell.com,True,True,2513157780 ext 36190,thomas-deleon.org,1,100.0,High,Unknown,Unknown,"Trujillo and Sons is being marked for re-engagement, though the nature of their business remains unclear from the provided information."
288,288,Ce0b8Afc27d1E3d,Lorraine Jacobson,Ernest,Petty,"Pratt, Mccoy and Sullivan",12957945048 ext 14789,9268395951,cvaughan@dunn.com,maldonadomikayla@wheeler.com,bruce-potter.com,Organic Search (Seo),New Lead,Position tax story style forward.,True,True,cvaughan@dunn.com,dunn.com,False,True,12957945048 ext 14789,bruce-potter.com,1,100.0,Medium,Finance,Consulting,"Pratt, Mccoy and Sullivan is a finance-related consulting firm focused on tax strategy and communications."
289,289,685AFB10Fda0a6a,Carly Reynolds,Adrian,Fowler,Ibarra-Payne,14429443993 ext 6166,14105933766 ext 55287,franktommy@davis.org,erik32@bryant-clarke.com,potts.com,Organic Search (Seo),Proposal Sent,Hear arm once question economic property power.,True,True,franktommy@davis.org,davis.org,True,False,14429443993 ext 6166,potts.com,1,100.0,High,Unknown,Unknown,There is insufficient information provided to determine the industry or company type for Ibarra-Payne.
290,290,496f58bbbaB8abA,Charles Guzman,Jonathan,Wells,Hess-Nunez,4406158692,7453324876 ext 0993,hcox@perez-cross.com,mirandagarcia@brown-hayden.com,mcknight-ritter.com,Google Ads,Disqualified,Follow probably discuss all born certainly.,True,True,hcox@perez-cross.com,perez-cross.com,True,True,4406158692,mcknight-ritter.com,1,100.0,High,Unknown,Unknown,"The provided data contains insufficient information to determine the industry, company type, or business activities of Hess-Nunez."
291,291,deca719D1Ed349D,Karina Riggs,Hayley,Moran,"Savage, Andrade and Miles",4568632057,5989130820,sue72@hicks-douglas.com,vanessagiles@knox.net,griffin.biz,Podcast,Disqualified,Color machine miss factor read pattern.,True,True,sue72@hicks-douglas.com,hicks-douglas.com,True,True,4568632057,griffin.biz,1,100.0,High,Manufacturing,Manufacturing,"Savage, Andrade and Miles appears to be a manufacturing-related business involved with machinery and pattern reading processes."
292,292,8cF3dD2fe1fabc4,Ivan Werner,Mandy,Williamson,Colon-Schneider,9403327658 ext 156,7907221750 ext 67929,jonathon87@farrell.net,huertadave@baird.com,chase.com,Podcast,New Lead,Power western its cover must.,True,True,jonathon87@farrell.net,farrell.net,True,True,9403327658 ext 156,chase.com,1,100.0,High,Unknown,Unknown,Colon-Schneider is a new lead identified from a podcast with no sufficient evidence to determine its industry or company type.
293,293,CeAcbdeA0a75571,Veronica Dougherty,Destiny,Mckee,Olsen Ltd,0019686595148 ext 10953,3379978182 ext 6169,julianmcconnell@fletcher.com,sextoncathy@garner.com,buck.biz,Partner Program,Proposal Sent,War plant simple.,True,True,julianmcconnell@fletcher.com,fletcher.com,False,True,0019686595148 ext 10953,buck.biz,1,100.0,Medium,Unknown,Unknown,The available information provides insufficient data to determine the industry or company type of Olsen Ltd.
294,294,C3e400987fC2BDe,Vicki Hansen,Glen,Franklin,Cline-Gill,8236643006,8729845059 ext 4747,andrewschneider@morgan.com,xcochran@stark-lindsey.com,osborn.org,Website Form,Proposal Sent,Situation finally today hit help example respond.,True,True,andrewschneider@morgan.com,morgan.com,True,True,8236643006,osborn.org,1,100.0,High,Unknown,Unknown,The company provided contact information via a website form and has reached the proposal stage of a business interaction.
295,295,cEf66E0dF0d7E8D,Dorothy Barr,Troy,Collier,Bell Group,0019623045981 ext 637,8126433111,mullinsnicole@tran.net,xmoran@le.net,willis-griffin.com,Website Form,On Hold,Control start network exactly read project key.,True,True,mullinsnicole@tran.net,tran.net,False,True,0019623045981 ext 637,willis-griffin.com,1,100.0,Medium,Unknown,Unknown,The available information provides no clear indication of Bell Group's industry or business operations.
296,296,43c74DecAEEBa78,Danny Baxter,Susan,Beasley,Holloway-Salinas,9304116612 ext 79128,4305606363 ext 57802,dudleygwendolyn@friedman-ortega.com,nbrandt@calhoun.com,huff.com,Referral,Qualified,Answer tonight character sense.,True,True,dudleygwendolyn@friedman-ortega.com,friedman-ortega.com,True,True,9304116612 ext 79128,huff.com,1,100.0,High,Unknown,Unknown,The provided information about Holloway-Salinas is insufficient to determine its industry or company type.
297,297,1Bf99a38E5E46FE,Guy Alexander,Jodi,Lamb,"Ray, Gardner and Bryant",6482786034,13155593279 ext 80522,helenyu@mack-murphy.net,awatson@rush.com,cabrera.org,Cold Email,Proposal Sent,Fast specific everybody power human.,True,True,helenyu@mack-murphy.net,mack-murphy.net,True,False,6482786034,cabrera.org,1,100.0,High,Unknown,Unknown,The provided information about the company does not offer sufficient evidence to determine its industry or business type.
298,298,84B1AadcfaB8B8e,Becky Randolph,Erin,Hogan,Jordan Ltd,9775963804,5823243834 ext 23717,carmenstrong@anthony.info,grant91@melendez.com,krueger.com,Cold Email,Contacted,Entire budget under event must contain could my.,True,True,carmenstrong@anthony.info,anthony.info,True,True,9775963804,krueger.com,1,100.0,High,Unknown,Unknown,"There is insufficient information provided to determine the industry, company type, or activities of Jordan Ltd."
299,299,2538260aEA32a0C,Patty Franklin,Kent,Cain,Savage-Robles,7979860556,8847877000 ext 1631,randall62@mckee.com,ashleymark@jackson.com,robinson.com,Purchased List,Closed Won,Point public field benefit drug decide glass.,True,True,randall62@mckee.com,mckee.com,True,True,7979860556,robinson.com,1,100.0,High,Unknown,Unknown,There is insufficient information provided to determine the industry or company type of Savage-Robles.
300,300,1e061034EdD7aac,Ronnie Bailey,Madeline,Mosley,Morrow LLC,7993746851 ext 71652,9264093234 ext 670,dennisrandall@rowland.com,alicia01@adams.com,odonnell.com,Webinars,On Hold,Visit over each interview draw.,True,True,dennisrandall@rowland.com,rowland.com,True,True,7993746851 ext 71652,odonnell.com,1,100.0,High,Unknown,Unknown,"Morrow LLC is a company identified through webinar participation, currently with its deal stage on hold."
301,301,50Aa0e41fCDC59E,Stanley Horton,Sonia,Sanders,Chaney LLC,6915777915 ext 566,4468508202,qponce@delgado.com,trios@cobb.com,barton-cabrera.com,Podcast,On Hold,Expect parent road nor soon war agree.,True,True,qponce@delgado.com,delgado.com,True,True,6915777915 ext 566,barton-cabrera.com,1,100.0,High,Unknown,Unknown,There is insufficient information provided to determine the industry or company type for Chaney LLC.
302,302,E3207c31C03bfA0,Cassidy Callahan,Marvin,Watson,Huynh-Knox,2286892752,0013373376276 ext 4741,arthur94@mora-richards.biz,albertvaughn@munoz.com,duke.com,Podcast,On Hold,Beyond marriage near deep guess.,True,True,arthur94@mora-richards.biz,mora-richards.biz,True,False,2286892752,duke.com,1,100.0,High,Unknown,Unknown,"The provided information is insufficient to determine the company's industry, type, or specific business operations."
303,303,F6AefA5f5De94D2,Melvin Leon,Leroy,Dickson,Barry Inc,5342914180 ext 90122,9286357636,trananita@krueger.com,rlang@hawkins-mooney.com,lin.com,Retargeting Ads,On Hold,Writer probably position nice early police whatever kind.,True,True,trananita@krueger.com,krueger.com,True,True,5342914180 ext 90122,lin.com,1,100.0,High,Unknown,Unknown,There is insufficient information available to determine the industry or company type for Barry Inc.
304,304,dB78DBA93Ec6bc2,Faith Reid,Shirley,Cline,"Copeland, Chase and Becker",8018003295 ext 9358,0016247990286,thendrix@patel-petty.com,nwallace@potts-blankenship.biz,hansen.com,Website Form,Negotiation,Policy too including suggest base.,True,True,thendrix@patel-petty.com,patel-petty.com,True,True,8018003295 ext 9358,hansen.com,1,100.0,High,Unknown,Unknown,"The company is currently in the negotiation stage, but there is insufficient information provided to determine its industry or business type."
305,305,1EE8A2f7f24Adb1,Fred Sanford,Alexa,Bernard,Underwood-Santiago,7052137636 ext 799,8925997616,kurtcook@norris-frederick.net,breilly@rich.com,hodge-hester.com,Organic Search (Seo),Contacted,Behavior experience order north Mr.,True,True,kurtcook@norris-frederick.net,norris-frederick.net,True,True,7052137636 ext 799,hodge-hester.com,1,100.0,High,Unknown,Unknown,There is insufficient information provided to determine the industry or company type for Underwood-Santiago.
306,306,CA9FC2F3a62fe0a,Zachary Avery,Shelly,Conrad,Taylor-Abbott,4074335353 ext 5656,9145980619 ext 04190,karlahowe@cox-stewart.com,kylie69@chaney.org,noble-gilmore.com,Purchased List,Closed Won,Majority measure southern store international center.,True,True,karlahowe@cox-stewart.com,cox-stewart.com,True,True,4074335353 ext 5656,noble-gilmore.com,1,100.0,High,Unknown,Unknown,There is insufficient information to determine the industry or company type of Taylor-Abbott based on the provided data.
307,307,3fD0Be8aa23d7c0,Noah Sanchez,Gregg,Villarreal,Humphrey-Mitchell,14123468454,3008043742,janet66@bartlett.com,akrueger@raymond-henry.com,waller.biz,Organic Search (Seo),Disqualified,How bring reality stand few range.,True,True,janet66@bartlett.com,bartlett.com,True,True,14123468454,waller.biz,1,100.0,High,Unknown,Unknown,There is insufficient information provided to determine the industry or company type of Humphrey-Mitchell.
308,308,c2C89F0Dd5D41DC,Frank Rodriguez,Jo,Galvan,Tate-Dudley,6444797123,8272685911,marilyn80@rasmussen.org,trocha@shaffer-shelton.biz,dalton.biz,Organic Search (Seo),Qualified,Week usually message claim system world each.,True,True,marilyn80@rasmussen.org,rasmussen.org,True,True,6444797123,dalton.biz,1,100.0,High,Unknown,Unknown,The available information regarding Tate-Dudley does not provide sufficient evidence to determine its industry or company type.
309,309,acf27bfFabac39D,Antonio Pitts,Michele,Lambert,Dunlap-Shelton,4714124058 ext 38275,5678606229 ext 5965,luisvaughan@craig.net,bergerjudith@larsen.com,hunter.net,Chatbot,Closed Lost,Save effect poor rather election its.,True,True,luisvaughan@craig.net,craig.net,True,True,4714124058 ext 38275,hunter.net,1,100.0,High,Unknown,Unknown,The available information for Dunlap-Shelton is insufficient to determine the company's industry or business model.
310,310,1F78D2C16E5D7FB,Ricky Mckay,Toni,Short,"Farrell, Rollins and Soto",5762743238 ext 4824,17103161593 ext 3434,bradley23@peterson.org,brightadam@lee.net,hayes.net,Chatbot,Qualified,Meet explain bit current party.,True,True,bradley23@peterson.org,peterson.org,True,True,5762743238 ext 4824,hayes.net,1,100.0,High,Unknown,Unknown,"There is insufficient information provided to determine the industry or company type of Farrell, Rollins and Soto."
311,311,d0b3EeFc70Ffd9f,Joann Lucero,Shirley,Mendez,Erickson-Ramsey,6835348962,16199557284 ext 8232,derrick96@mendoza.com,molson@acosta-villa.com,stokes-berg.com,Podcast,Qualified,Each policy than seven goal toward.,True,True,derrick96@mendoza.com,mendoza.com,True,True,6835348962,stokes-berg.com,1,100.0,High,Unknown,Unknown,There is insufficient information available to determine the industry or company type of Erickson-Ramsey.
312,312,395e55773E74555,Maria Bush,Stacey,Juarez,Clayton-Daniel,19686941722 ext 327,17494855495,cuevaslinda@gould-hanna.org,mwoodard@cortez.info,alexander.com,Google Ads,Proposal Sent,Build check capital camera.,True,True,cuevaslinda@gould-hanna.org,gould-hanna.org,True,True,19686941722 ext 327,alexander.com,1,100.0,High,Unknown,Unknown,"Clayton-Daniel is a business entity currently in the proposal stage, with no specific industry or company type information available based on the provided notes."
313,313,E104AFCf13c89D7,Lucas Ward,Mike,Bautista,Scott Group,4218878652,14763089108 ext 05338,priscillaortega@jordan-hudson.com,jeanette58@rocha.com,odom-salinas.com,Referral,Qualified,Boy speech candidate structure whose process benefit.,True,True,priscillaortega@jordan-hudson.com,jordan-hudson.com,True,False,4218878652,odom-salinas.com,1,100.0,High,Unknown,Unknown,The provided information does not contain enough context to determine the specific industry or business type of Scott Group.
314,314,DE62b1D7B2CDeEd,Scott Bean,Whitney,Lynch,Brooks-Gilmore,6687978799,5608770064 ext 761,xmorgan@higgins.info,bryanenglish@chandler.com,bradford.org,Podcast,Negotiation,Conference hard easy lay.,True,True,xmorgan@higgins.info,higgins.info,True,True,6687978799,bradford.org,1,100.0,High,Unknown,Unknown,"The available information is insufficient to determine the industry, company type, or business activities of Brooks-Gilmore."
315,315,43caA05FbF3d71c,Jane Livingston,Cody,Mclaughlin,Mccarthy-Cole,7662749032 ext 5059,2444110925 ext 85114,shane03@mcdaniel.info,martin60@romero.com,hull.biz,Website Form,Re-Engagement,Kind whether fear hour.,True,True,shane03@mcdaniel.info,mcdaniel.info,True,True,7662749032 ext 5059,hull.biz,1,100.0,High,Unknown,Unknown,"Mccarthy-Cole is a business lead currently in the re-engagement stage, with no specific information available regarding their industry or company type."
316,316,e5f0fEb2fc0E849,Tammie Mercer,Ethan,Merritt,Madden and Sons,6769584204,0014362327578,tstephenson@edwards.net,anne86@martinez.com,whitehead.org,Website Form,Closed Lost,Challenge check later military.,True,True,tstephenson@edwards.net,edwards.net,True,True,6769584204,whitehead.org,1,100.0,High,Unknown,Unknown,The company Madden and Sons is identified through a website form submission with insufficient information to determine its industry or business type.
317,317,20Bc7565Ece9EAE,Bryan Powell,Mackenzie,Garrett,Santiago-Meyers,9073572139 ext 91059,7229553979 ext 994,parsonskirk@villa-brewer.biz,erika73@stein.org,collins-gaines.net,Referral,Disqualified,Less who pass operation chance political hard I.,True,True,parsonskirk@villa-brewer.biz,villa-brewer.biz,True,True,9073572139 ext 91059,collins-gaines.net,1,100.0,High,Unknown,Unknown,There is insufficient information available to determine the industry or company type for Santiago-Meyers based on the provided data.
318,318,FbACa10411ce359,Toni Morse,Dean,Lucero,Hubbard and Sons,2224345379,15992355910,joansmith@dennis.net,jared26@lutz.net,roberson.info,Referral,Negotiation,Society eat surface next.,True,True,joansmith@dennis.net,dennis.net,True,True,2224345379,roberson.info,1,100.0,High,Unknown,Unknown,Hubbard and Sons is currently in the negotiation stage of a business deal sourced via a referral.
319,319,2a83c20Bd0fdF23,Nichole Snow,Lucas,Francis,Mooney PLC,0018682193084 ext 6367,5108881746,harrisdarren@powell.net,katie64@khan.com,mathews-mercado.com,Other,Closed Won,Above plant inside play indicate go song.,True,True,harrisdarren@powell.net,powell.net,False,True,0018682193084 ext 6367,mathews-mercado.com,1,100.0,Medium,Unknown,Unknown,There is insufficient information available to determine the industry or company type for Mooney PLC.
320,320,7Fc1Ad05F80333f,Philip Bender,Tristan,Lewis,"Harrell, Gillespie and Murphy",2072807312 ext 4690,0018285954957,jon07@webb-melendez.com,colin20@levy.org,hancock.info,Retargeting Ads,Negotiation,Throw short building somebody hospital.,True,True,jon07@webb-melendez.com,webb-melendez.com,True,True,2072807312 ext 4690,hancock.info,1,100.0,High,Unknown,Unknown,"The company, Harrell, Gillespie and Murphy, is currently in a negotiation stage with insufficient information available to determine its industry or core business activities."
321,321,621E66e15D77Fec,Vicki Kramer,Evan,Bartlett,Holloway and Sons,18456504529,0017995042037 ext 57090,keith67@mcbride.com,jeremiahcain@levy.biz,graves.com,Networking Event,On Hold,System again reveal cultural conference fight travel.,True,True,keith67@mcbride.com,mcbride.com,True,False,18456504529,graves.com,1,100.0,High,Unknown,Unknown,"Holloway and Sons is a business lead currently on hold, with no specific information provided regarding its industry or company type."
322,322,D133ca72a726742,Trevor Warner,Debbie,Sandoval,"Weber, Wu and Stanley",4599865140,6609796893,yroy@lester-pham.com,cody29@terry-jefferson.org,hale.com,Networking Event,Disqualified,Artist image machine real.,True,True,yroy@lester-pham.com,lester-pham.com,True,True,4599865140,hale.com,1,100.0,High,Art and Technology,Software,The company appears to be involved in machine learning or AI technology related to the generation of artist imagery.
323,323,cdFD1376f1e8fc3,Charles Hughes,Micheal,Shea,Petersen-Miller,9106965327 ext 20812,2885115349,kristiegonzales@arnold.com,wilkinsariana@turner.biz,david-noble.biz,Retargeting Ads,New Lead,Director quickly try yet ability no treat.,True,True,kristiegonzales@arnold.com,arnold.com,True,True,9106965327 ext 20812,david-noble.biz,1,100.0,High,Unknown,Unknown,There is insufficient information provided to determine the industry or company type of Petersen-Miller.
324,324,2fB3d1ca48BaD1F,Vanessa Dalton,Craig,Stein,Webster-Case,5988559038 ext 15694,0014118767838 ext 501,maxarias@warner.com,mikayla22@bautista-orr.com,beard.net,Trade Show,Closed Won,For require size meeting behavior.,True,True,maxarias@warner.com,warner.com,True,False,5988559038 ext 15694,beard.net,1,100.0,High,Unknown,Unknown,Webster-Case is a business lead sourced from a trade show that recently reached a Closed Won deal stage.
325,325,Ebaa4b4eB64A7A3,Desiree Carrillo,Preston,Morris,"Sosa, Hansen and Deleon",2667289375 ext 3003,4437092329,ellencooke@osborn.com,cynthiagardner@armstrong.com,beasley.org,Podcast,Re-Engagement,Performance director person hit.,True,True,ellencooke@osborn.com,osborn.com,True,True,2667289375 ext 3003,beasley.org,1,100.0,High,Unknown,Unknown,"Sosa, Hansen and Deleon is a business lead currently in the re-engagement stage of a sales process."
326,326,F311ECd7dc416De,Maxwell Foster,Olivia,Rodgers,Hammond PLC,17864382812 ext 7845,18609155931 ext 7384,gregg56@ware.biz,paul97@bryant.info,dean-soto.net,Content Marketing,Negotiation,Represent determine line name.,True,True,gregg56@ware.biz,ware.biz,True,True,17864382812 ext 7845,dean-soto.net,1,100.0,High,Unknown,Unknown,There is insufficient information provided to determine the industry or company type of Hammond PLC.
327,327,6faB8dc6Fb5dDDD,Victoria Russo,Savannah,Pearson,Odom-Reid,6718363071 ext 6598,3503941618 ext 042,caseyritter@reeves-pollard.net,zho@avery.com,raymond.info,Chatbot,Negotiation,Rise edge maintain business.,True,True,caseyritter@reeves-pollard.net,reeves-pollard.net,True,True,6718363071 ext 6598,raymond.info,1,100.0,High,Unknown,Unknown,Odom-Reid is currently in the negotiation stage of a business deal with limited information available regarding their specific operations.
328,328,c6cDec8A1ff1Bd4,Sylvia Hayes,Sherri,Boone,Tapia-Pace,5889543191 ext 181,13528178093 ext 065,hray@chandler.info,omccarthy@conway.com,holloway.biz,Cold Email,Disqualified,Or rule moment idea rate need seven.,True,True,hray@chandler.info,chandler.info,True,True,5889543191 ext 181,holloway.biz,1,100.0,High,Unknown,Unknown,There is insufficient information available to determine the industry or company type for Tapia-Pace.
329,329,B3CAbF3b859A9E3,Nancy Mayo,Nicole,Davila,Norris LLC,3047698511,7358289401,ohorne@bright.com,dominique73@solomon-arias.info,hancock-suarez.com,Referral,Contacted,Any may teacher chance admit.,True,True,ohorne@bright.com,bright.com,True,True,3047698511,hancock-suarez.com,1,100.0,High,Unknown,Unknown,Norris LLC is a company reached via referral that is currently in the contacted stage of a business deal.
330,330,F06191120DBcdca,Morgan Anthony,Ricky,Church,Pearson-Cobb,6277891638,9313503593,ccochran@salazar-kaufman.net,oconnellevelyn@kane.net,cooley.info,Referral,Proposal Sent,Leave meeting method break.,True,True,ccochran@salazar-kaufman.net,salazar-kaufman.net,True,True,6277891638,cooley.info,1,100.0,High,Unknown,Unknown,"Pearson-Cobb is a prospective client referred for business services, currently at the proposal stage of the sales process."
331,331,Fc99Cb053a743C9,Kendra Wade,Warren,Sweeney,Decker-Glover,14228320142 ext 94760,7933682656 ext 16713,brettmorrow@salas.com,hshaffer@butler.org,orr.info,Webinars,Closed Lost,They add somebody among growth man.,True,True,brettmorrow@salas.com,salas.com,False,True,14228320142 ext 94760,orr.info,1,100.0,Medium,Unknown,Unknown,"Decker-Glover was identified as a lead through a webinar, but there is insufficient information to determine their industry or business model."
332,332,Ee7AD8D8b3Ca8fb,Mathew Schwartz,Ruth,Obrien,Maxwell-Ware,5313866631 ext 7180,8886352921 ext 225,nelliott@rich.com,grangel@galvan-cuevas.biz,morton-hayden.com,Social Media,New Lead,Road state imagine green job attorney mind.,True,True,nelliott@rich.com,rich.com,True,True,5313866631 ext 7180,morton-hayden.com,1,100.0,High,Unknown,Unknown,There is insufficient information provided to determine the industry or company type of Maxwell-Ware.
333,333,A5C3812CbbA5CcE,Darryl Hampton,Wesley,Morris,"Haas, Michael and Christensen",3488505961 ext 4627,17268266316,hendrixjavier@lynch.org,millerdoris@burke-raymond.org,kirby.info,Purchased List,Qualified,Month foot Mr affect rule someone.,True,True,hendrixjavier@lynch.org,lynch.org,True,True,3488505961 ext 4627,kirby.info,1,100.0,High,Unknown,Unknown,"There is insufficient information provided to determine the industry or company type of Haas, Michael and Christensen."
334,334,f9bC6DCf4a30c8D,Maurice Gomez,Preston,Freeman,"Vasquez, Lindsey and Carlson",14655278318,4687771409 ext 205,shepparddennis@horton-valencia.com,qoliver@mccullough-green.org,donovan.com,Chatbot,Re-Engagement,Least yard economy simple several own.,True,True,shepparddennis@horton-valencia.com,horton-valencia.com,True,True,14655278318,donovan.com,1,100.0,High,Unknown,Unknown,"The available information regarding Vasquez, Lindsey and Carlson is insufficient to determine the company's industry or business operations."
335,335,CaB44Ef5a4ef3DA,Joan Bernard,Madeline,Joseph,"Pham, Gates and Mata",4978984918 ext 10707,3987565472 ext 223,shaunsherman@gardner-gutierrez.com,qfowler@cochran.com,cardenas.com,Retargeting Ads,New Lead,Treat knowledge despite form benefit happy.,True,True,shaunsherman@gardner-gutierrez.com,gardner-gutierrez.com,True,True,4978984918 ext 10707,cardenas.com,1,100.0,High,Unknown,Unknown,The company information provided is insufficient to determine the specific industry or business operations.
336,336,D481A5EdC87AE9b,Hannah Morrison,Mitchell,Sanders,Phillips-Andrade,7154980650 ext 8831,6794893893 ext 08413,robyn04@herring.info,alejandrohansen@prince.com,fischer-camacho.com,Direct Traffic,Contacted,Yes city general interesting show institution.,True,True,robyn04@herring.info,herring.info,True,True,7154980650 ext 8831,fischer-camacho.com,1,100.0,High,Unknown,Unknown,The company provided no specific industry or business details in the provided information.
337,337,1CEe9a3d60bbdAb,Kari Pugh,Alexander,Landry,Williams-Simon,7588238021 ext 44178,15016165011 ext 746,brendan83@adkins.biz,zwalter@hurst-lucas.com,mcdonald.com,Referral,Negotiation,Tough better talk relationship.,True,True,brendan83@adkins.biz,adkins.biz,True,True,7588238021 ext 44178,mcdonald.com,1,100.0,High,Unknown,Unknown,Williams-Simon is currently in the negotiation stage of a business deal sourced through a referral.
338,338,fDCeBdFA8f2c1f5,Katelyn Cochran,Shawna,Nash,"Gibbs, Velez and Sellers",9156569907 ext 573,7399093641 ext 0626,benjamin60@schaefer.com,yolanda89@burton-shannon.info,harper.info,Webinars,Proposal Sent,Visit floor last water not move set.,True,True,benjamin60@schaefer.com,schaefer.com,True,True,9156569907 ext 573,harper.info,1,100.0,High,Unknown,Unknown,"The company Gibbs, Velez and Sellers has engaged in webinars and is currently in the proposal stage, but there is insufficient information to determine their industry or business model."
339,339,45DaE6b36DaFfe0,Joe Gould,Alfred,Williamson,"Burns, Johns and Doyle",5144613757,0019689908748 ext 602,rickeynash@watkins-beasley.biz,bradyhurst@mckinney.com,crosby-sexton.biz,Social Media,Proposal Sent,Everyone soon drop recognize.,True,True,rickeynash@watkins-beasley.biz,watkins-beasley.biz,True,False,5144613757,crosby-sexton.biz,1,100.0,High,Unknown,Unknown,"There is insufficient information to determine the industry or company type for Burns, Johns and Doyle based on the provided data."
340,340,FdbD3e2dD970bac,Mindy Drake,Angel,Cruz,"Love, Aguirre and Zhang",0018497002493 ext 427,6009709675,lindsay77@rowe.org,charlene06@burton.com,dorsey.com,Podcast,Negotiation,Weight person ten.,True,True,lindsay77@rowe.org,rowe.org,False,True,0018497002493 ext 427,dorsey.com,1,100.0,Medium,Unknown,Unknown,"There is insufficient information available to determine the industry or company type for Love, Aguirre and Zhang."
341,341,8Dbc870EDdc18AF,Jamie Hickman,Kendra,Whitehead,"Mayer, Donaldson and Bradford",6375349950 ext 69861,9858719734,chelsey58@reid.biz,ellen10@klein.org,stokes-price.net,Cold Email,Closed Lost,Age but source read space tonight choose.,True,True,chelsey58@reid.biz,reid.biz,True,True,6375349950 ext 69861,stokes-price.net,1,100.0,High,Unknown,Unknown,"The company Mayer, Donaldson and Bradford has insufficient information provided to determine its industry or company type."
342,342,1f9BA1E0fc0f4f2,Annette Pacheco,Danny,Walter,Blackburn and Sons,7274484440,3725836148,skhan@mcneil.biz,brooksbianca@boone.net,bush.com,Google Ads,Closed Lost,Store behind early resource order event any bar.,True,True,skhan@mcneil.biz,mcneil.biz,True,True,7274484440,bush.com,1,100.0,High,Unknown,Unknown,The provided information for Blackburn and Sons is insufficient to determine their industry or business operations.
343,343,4ef9AFCDf13a342,Priscilla Barajas,Matthew,Mercado,"Bird, Benjamin and Marsh",2702700404,5526973845 ext 348,bshepard@wilkerson.com,ofritz@howell-combs.org,lang.biz,Chatbot,Disqualified,Project thus out above light success item.,True,True,bshepard@wilkerson.com,wilkerson.com,True,True,2702700404,lang.biz,1,100.0,High,Unknown,Unknown,"The company Bird, Benjamin and Marsh is listed as a disqualified lead with insufficient information provided to determine its industry or business type."
344,344,BA3DcbeEe537c0c,Hector Andrade,Logan,Mcdowell,Manning-Sandoval,4494563242 ext 089,7363513111,maxwellhorne@michael.net,shelbyvasquez@faulkner-ford.com,fleming.com,Retargeting Ads,Qualified,Month improve hour bit.,True,True,maxwellhorne@michael.net,michael.net,True,True,4494563242 ext 089,fleming.com,1,100.0,High,Unknown,Unknown,The provided information about Manning-Sandoval is insufficient to determine their industry or company type.
345,345,cF1C21d2Aa2AC7e,Gordon Miranda,Monique,Rivera,"Mckenzie, Baldwin and Carrillo",7759982532 ext 706,6496324710 ext 296,scott50@burns-atkins.info,qcohen@ramos.biz,hines.com,Direct Traffic,Proposal Sent,School federal stand interview station kitchen.,True,True,scott50@burns-atkins.info,burns-atkins.info,True,True,7759982532 ext 706,hines.com,1,100.0,High,Unknown,Unknown,The available information provides no clear indication of the company's industry or business activities.
346,346,eFbAFA5bED0C29F,Pamela Lindsey,Summer,Mcdowell,Allen-Nolan,7003145885,7995610314,brendan93@ali-hurley.net,marie54@mercado.com,fox.com,Facebook Ads,Closed Lost,They pass reflect account.,True,True,brendan93@ali-hurley.net,ali-hurley.net,True,True,7003145885,fox.com,1,100.0,High,Unknown,Unknown,Allen-Nolan is a business lead sourced from Facebook Ads with a closed lost deal stage and no specific information regarding their industry or operations.
347,347,963EC39ddddD3ad,Larry Harrington,Barry,Webster,"Sweeney, Barr and Schwartz",9568878291,6616109911 ext 7302,latoyabuckley@glenn.com,malik73@stark-herman.com,farley-barr.com,Linkedin Outreach,Closed Lost,Care call model current.,True,True,latoyabuckley@glenn.com,glenn.com,True,True,9568878291,farley-barr.com,1,100.0,High,Unknown,Unknown,The company is currently utilizing a care call model.
348,348,bfEBA64fc6A8419,Marc Stuart,Daryl,Dawson,Poole-Rasmussen,4196577540,6465391681 ext 179,moorecassidy@strickland.com,mahoneysean@buck-brandt.com,lewis-shannon.org,Retargeting Ads,On Hold,Organization spring save figure summer whole affect rate.,True,True,moorecassidy@strickland.com,strickland.com,True,True,4196577540,lewis-shannon.org,1,100.0,High,Unknown,Unknown,"The organization Poole-Rasmussen has an associated website and email domain, but provides no specific information regarding its operations or business model."
349,349,CeC2DbB5ef1235c,Harold Fuentes,Angel,Farrell,Avila PLC,0017906654340 ext 7329,2334373428 ext 5233,crivera@osborn-wolfe.com,whitney22@houston-duke.com,hayden.org,Networking Event,Negotiation,Happy shake return really key visit.,True,True,crivera@osborn-wolfe.com,osborn-wolfe.com,False,True,0017906654340 ext 7329,hayden.org,1,100.0,Medium,Unknown,Unknown,Avila PLC is currently in the negotiation stage of a business deal.
350,350,5aaEe7406D96000,Diane Mccann,Tammie,Reilly,Franklin-Fritz,5142712418 ext 798,5414474030,charris@mccann.net,ahinton@bishop.com,lin.com,Content Marketing,Closed Won,Recent practice positive could southern happen.,True,True,charris@mccann.net,mccann.net,True,True,5142712418 ext 798,lin.com,1,100.0,High,Unknown,Unknown,There is insufficient information available to determine the industry or company type for Franklin-Fritz.
351,351,57f195ed97ccEf0,Kerri Stein,Misty,Lindsey,Moses LLC,0014854255608,5922593995,ystafford@zhang.com,allen87@fitzpatrick.com,rodgers-mcdaniel.com,Purchased List,Qualified,Heart begin condition yet heart generation.,True,True,ystafford@zhang.com,zhang.com,True,True,0014854255608,rodgers-mcdaniel.com,1,100.0,High,Unknown,Unknown,"Moses LLC is a business entity listed with a qualified deal stage, though no specific industry or operational information is available."
352,352,5ce0cbF6DD2Ae42,Kent Ali,Ebony,Mooney,"Sawyer, Hobbs and Anderson",0015933683174 ext 603,9569660115,joseph86@acevedo-young.com,amanda37@clarke.com,gardner-mcpherson.com,Content Marketing,Closed Won,Sea prepare type professional save do similar own.,True,True,joseph86@acevedo-young.com,acevedo-young.com,False,True,0015933683174 ext 603,gardner-mcpherson.com,1,100.0,Medium,Unknown,Unknown,"The provided information does not contain sufficient details to determine the industry or company type of Sawyer, Hobbs and Anderson."
353,353,3d30c76FE0BB1e0,Bonnie Avila,Rose,Hogan,Warren Group,6924559992,7358685772 ext 606,haleybeasley@gardner.com,psaunders@mayo-villanueva.com,bates.biz,Organic Search (Seo),Re-Engagement,Way still when my around such get season.,True,True,haleybeasley@gardner.com,gardner.com,True,True,6924559992,bates.biz,1,100.0,High,Unknown,Unknown,The provided information does not contain sufficient details to determine the industry or company type for The Warren Group.
354,354,6feff792433c1f0,Kristina Tate,Willie,Shannon,Velez-Rodgers,8863318513 ext 1302,2423238828,douglasthompson@golden.info,jondavies@dickerson.com,waller.net,Partner Program,Qualified,Gun today put.,True,True,douglasthompson@golden.info,golden.info,True,True,8863318513 ext 1302,waller.net,1,100.0,High,Unknown,Unknown,The provided information regarding Velez-Rodgers is insufficient to determine the company's industry or business model.
355,355,c4fF6B0cfF5eb1B,Jacob Riggs,Levi,Frye,Dunlap PLC,7665589469,0016248113708 ext 5219,mendozaroy@dickson-abbott.net,alexis81@davis.com,werner.com,Retargeting Ads,Contacted,Half and system cover American.,True,True,mendozaroy@dickson-abbott.net,dickson-abbott.net,True,False,7665589469,werner.com,1,100.0,High,Unknown,Unknown,There is insufficient information available to determine the industry or company type of Dunlap PLC.
356,356,91ec4fbBadD5e9a,Terry Tapia,Tanya,Anthony,"Prince, Waller and Weiss",9809884255,8573381633,gabriellecalderon@lowe.biz,russellautumn@branch.com,mcconnell.org,Direct Traffic,New Lead,School security tell finish test perhaps someone.,True,True,gabriellecalderon@lowe.biz,lowe.biz,True,True,9809884255,mcconnell.org,1,100.0,High,Education,Education,"The company appears to be involved in the education sector, with notes referencing school security testing."
357,357,3ff15fbedbBF0b5,Annette Nolan,Megan,Garrett,"Hickman, Weeks and Bass",9358468975 ext 976,15639413966 ext 9560,joyfrench@finley.com,morrowcarrie@stewart.com,banks-wood.biz,Facebook Ads,Proposal Sent,Though billion radio science expect official.,True,True,joyfrench@finley.com,finley.com,True,True,9358468975 ext 976,banks-wood.biz,1,100.0,High,Unknown,Unknown,"Hickman, Weeks and Bass is a business entity identified through Facebook Ads with insufficient information to determine its specific industry or company type."
358,358,fEE722D10a5AD0a,Gregory Garner,Jake,Simon,Hebert-Calhoun,6112572851 ext 31566,7544738834 ext 9715,calhounclinton@kirby-chang.biz,owilliamson@castro-marquez.com,heath-ramsey.com,Other,Re-Engagement,Garden affect pull simple seem worker little.,True,True,calhounclinton@kirby-chang.biz,kirby-chang.biz,True,True,6112572851 ext 31566,heath-ramsey.com,1,100.0,High,Unknown,Unknown,The available information is insufficient to determine the industry or company type of Hebert-Calhoun.
359,359,Cd75E2FdEaa74cE,Pam Rangel,Misty,Riddle,"Hogan, Davies and Payne",13476001442,0018652489235 ext 6064,reedanne@pena.net,paulamiranda@winters-braun.org,sheppard.org,Trade Show,Closed Lost,Risk animal item.,True,True,reedanne@pena.net,pena.net,True,False,13476001442,sheppard.org,1,100.0,High,Unknown,Unknown,"Hogan, Davies and Payne is a business lead that was lost during a trade show engagement, with notes indicating a risk associated with an animal item."
360,360,a00D8d0f14A36fF,Crystal Young,Chase,Pham,"Osborn, Gardner and Kent",15173325218 ext 64442,8614238442,douglasyvonne@olson.biz,henrycesar@dorsey.net,stafford.com,Referral,Contacted,Technology mention floor face.,True,True,douglasyvonne@olson.biz,olson.biz,False,True,15173325218 ext 64442,stafford.com,1,100.0,Medium,Unknown,Unknown,"The company was contacted as a referral lead, though there is insufficient information provided to determine its specific industry or business operations."
361,361,8dbBCf15Ccce4BF,Walter Walter,Franklin,Mcneil,"Stein, Cooper and Chase",0014293982651 ext 927,16528186104 ext 2220,lbass@dougherty-sanders.net,neil82@weaver.com,callahan.biz,Podcast,On Hold,Miss body health drug home so cause ten.,True,True,lbass@dougherty-sanders.net,dougherty-sanders.net,False,True,0014293982651 ext 927,callahan.biz,1,100.0,Medium,Unknown,Unknown,The company information provided is insufficient to determine the industry or company type.
362,362,eB5C5D8C95dae27,Shelby Harrington,Tim,Howard,Dickerson-Parrish,2573321757 ext 57444,6846686036,kristineberger@camacho-singh.biz,diane78@foster.com,fuller.biz,Website Form,Negotiation,Trouble owner prove culture once.,True,True,kristineberger@camacho-singh.biz,camacho-singh.biz,True,True,2573321757 ext 57444,fuller.biz,1,100.0,High,Unknown,Unknown,"The company is currently in the negotiation stage, but there is insufficient information provided to determine its industry or business type."
363,363,9cf4d0f4a1Dc8D6,Bryan Daniel,Veronica,Carroll,Wolfe-Mendoza,3593399494 ext 06901,15175687256 ext 8298,christiebullock@valentine.com,tiffanyheath@butler-marquez.com,burch.info,Trade Show,Re-Engagement,Music including town over kitchen new.,True,True,christiebullock@valentine.com,valentine.com,True,True,3593399494 ext 06901,burch.info,1,100.0,High,Unknown,Unknown,The company Wolfe-Mendoza is currently in a re-engagement deal stage following a trade show encounter.
364,364,e1eFceEdCcECCA4,Frederick Glenn,Shelby,Rowe,Baxter Inc,18614217896 ext 681,4992911137,mcguirenathaniel@mccarty-garrison.com,stefanieirwin@fischer-george.com,hays.org,Content Marketing,On Hold,While question family sound usually this.,True,True,mcguirenathaniel@mccarty-garrison.com,mccarty-garrison.com,True,True,18614217896 ext 681,hays.org,1,100.0,High,Unknown,Unknown,There is insufficient information provided to determine the industry or company type for Baxter Inc.
365,365,2f6D5D71AaFF6Ab,Shane Cantrell,Joann,Boyle,Bennett-Harvey,3169173836,6496875403 ext 90447,robin36@branch.com,victor66@humphrey.com,fry.net,Podcast,Proposal Sent,Section issue half stuff interview record.,True,True,robin36@branch.com,branch.com,True,True,3169173836,fry.net,1,100.0,High,Unknown,Unknown,"The company Bennett-Harvey was identified as a lead through a podcast and has reached the proposal stage of a deal, though specific operational details are unavailable."
366,366,3f7B7d1F6Fede95,Jerome Carter,Zoe,Mckinney,Greer-Shepard,5878437226 ext 016,3905572226,qchambers@hayes.com,frank26@dickson.com,fry.com,Cold Call,Proposal Sent,Market heavy probably land explain.,True,True,qchambers@hayes.com,hayes.com,True,True,5878437226 ext 016,fry.com,1,100.0,High,Unknown,Unknown,"The company Greer-Shepard is currently in the proposal stage after a cold call, though insufficient information is available to determine its industry or business type."
367,367,Fbd1eF1e03cA8Fc,Jacob Mckay,Brianna,Maynard,Fields-Mclaughlin,3072411333 ext 2413,4063443190 ext 479,earlosborn@bender.com,comptongavin@savage-griffith.com,campos.com,Webinars,Disqualified,Be into floor help before fly.,True,True,earlosborn@bender.com,bender.com,True,True,3072411333 ext 2413,campos.com,1,100.0,High,Unknown,Unknown,Fields-Mclaughlin is a business lead sourced from webinars that has been disqualified.
368,368,45AC1e308B9E00C,Jimmy Duran,Dalton,Daugherty,Chung and Sons,8729160602 ext 539,8749151313,villegaseduardo@chase.biz,shawnmcmahon@webster-matthews.com,kirk.biz,Partner Program,Closed Won,Best weight should Mr speak especially degree bill.,True,True,villegaseduardo@chase.biz,chase.biz,True,True,8729160602 ext 539,kirk.biz,1,100.0,High,Unknown,Unknown,"There is insufficient information provided to determine the industry, company type, or business activities of Chung and Sons."
369,369,56DEBf79C6Cbc4F,Rachel Odonnell,Kimberly,Moses,"Roth, Wright and Nunez",6752291041,4754865271 ext 70733,moyercarolyn@lindsey.info,julian55@sanders.com,whitney.com,Content Marketing,Disqualified,Never wrong must station better matter serve.,True,True,moyercarolyn@lindsey.info,lindsey.info,True,True,6752291041,whitney.com,1,100.0,High,Unknown,Unknown,"There is insufficient information available to determine the industry or company type of Roth, Wright and Nunez."
370,370,C0BC4ECfcc0c0A3,Mike Harrington,Colleen,Townsend,Willis-Valenzuela,0016817178625,6923834092 ext 64676,garrett72@yoder.net,huntercarmen@hull.org,bennett-ritter.com,Social Media,Contacted,Manager any fly never yet attention page.,True,True,garrett72@yoder.net,yoder.net,True,True,0016817178625,bennett-ritter.com,1,100.0,High,Unknown,Unknown,There is insufficient information available regarding Willis-Valenzuela to determine its industry or company type.
371,371,0aFBEAD8D51FE99,Megan Richardson,Annette,Pham,Fitzgerald Inc,7307914090 ext 293,0012959798913 ext 7529,andresbrooks@garrett.com,alisha40@carpenter.com,noble.org,Partner Program,Closed Won,Myself really win laugh rich light inside.,True,True,andresbrooks@garrett.com,garrett.com,True,False,7307914090 ext 293,noble.org,1,100.0,High,Unknown,Unknown,"Fitzgerald Inc was marked as a closed won deal through a partner program, but there is insufficient information to determine its industry or company type."
372,372,1CBCC0a96EB42c5,Caroline Cardenas,Brent,Baker,"Richard, Reynolds and Morales",0013465314661,4572297388 ext 442,mdunlap@trevino.com,clarencepennington@whitney.biz,daniel-ayers.org,Social Media,Disqualified,Early name they.,True,True,mdunlap@trevino.com,trevino.com,True,True,0013465314661,daniel-ayers.org,1,100.0,High,Unknown,Unknown,"The company information provided is insufficient to determine the industry, business type, or specific activities."
373,373,c3b3C61DF14EFf7,Robin Mcgee,Gail,Pierce,Owen Inc,3949023466,8599817808 ext 204,lmedina@barrera.biz,lbrock@pope.com,mckay-levy.com,Trade Show,Proposal Sent,Fund require prove audience street realize.,True,True,lmedina@barrera.biz,barrera.biz,True,True,3949023466,mckay-levy.com,1,100.0,High,Unknown,Unknown,Owen Inc is a company that engaged as a lead at a trade show with a proposal currently pending.
374,374,68AFe4eF92D476A,Randy Gutierrez,Anthony,Osborne,Santana Group,5405890542 ext 1546,9955771257,gabriel46@forbes.com,drussell@leblanc-hancock.com,cantrell.org,Google Ads,On Hold,Industry somebody government time accept growth.,True,True,gabriel46@forbes.com,forbes.com,True,True,5405890542 ext 1546,cantrell.org,1,100.0,High,Government,Unknown,Santana Group is associated with the government industry.
375,375,b5faCe41dE583e6,Gregg Farley,Sara,Mcknight,Mcintosh Ltd,7687769876 ext 9410,14595217733 ext 9489,murillomonica@webster-lutz.info,qhudson@walters.com,patel.com,Trade Show,Contacted,Growth forget outside public mention top.,True,True,murillomonica@webster-lutz.info,webster-lutz.info,True,True,7687769876 ext 9410,patel.com,1,100.0,High,Unknown,Unknown,"Mcintosh Ltd was identified as a lead at a trade show, but there is insufficient information provided to determine its specific industry or company type."
376,376,7cFEdcDCCCFa35c,Kerry Schmitt,Gregory,Stark,Marsh LLC,3073410026,9709574687 ext 30103,epage@lowery.net,qvincent@haney-hayes.com,gonzalez.com,Partner Program,Re-Engagement,Far as when lot already door happy.,True,True,epage@lowery.net,lowery.net,True,True,3073410026,gonzalez.com,1,100.0,High,Unknown,Unknown,"Marsh LLC is a company currently in a re-engagement deal stage, with no specific information provided regarding its industry or business operations."
377,377,4Da76fdCe3a3A3B,Johnathan Blevins,Rose,Russell,Stout Group,15014885871 ext 9496,16154838115 ext 8166,vickisimon@parks.com,ipham@horne.net,duke-christian.com,Website Form,Closed Won,Answer son smile notice one team reason.,True,True,vickisimon@parks.com,parks.com,True,True,15014885871 ext 9496,duke-christian.com,1,100.0,High,Unknown,Unknown,"The provided information for Stout Group is insufficient to determine the company's industry, type, or specific business activities."
378,378,367c2D7e03F9Af6,Jodi Wolf,Bernard,Dodson,Durham-Bowen,7812657488,3537885591 ext 845,sethcoffey@riddle-ali.com,jeffmiles@marshall.com,michael.net,Retargeting Ads,Disqualified,Act care under radio after newspaper.,True,True,sethcoffey@riddle-ali.com,riddle-ali.com,True,True,7812657488,michael.net,1,100.0,High,Unknown,Unknown,"There is insufficient information to determine the industry, company type, or business operations of Durham-Bowen."
379,379,C8F282c5b00416E,John Hester,Sabrina,Morris,"Trujillo, Anderson and Tapia",6165982578 ext 575,0019606645251 ext 28616,leonreginald@vazquez.net,gromero@vincent.com,dodson.net,Partner Program,Disqualified,Risk total color.,True,True,leonreginald@vazquez.net,vazquez.net,True,False,6165982578 ext 575,dodson.net,1,100.0,High,Unknown,Unknown,"The company Trujillo, Anderson and Tapia is categorized as disqualified based on partner program data with no specific industry or company information available."
380,380,9e7D93D8fca31B5,Tristan Henderson,Justin,Weeks,Abbott Ltd,0016308140129 ext 0268,16805539973 ext 9473,randolphisabella@brady-kent.com,landryjaime@serrano.com,fisher.com,Cold Call,Re-Engagement,Himself first clear where.,True,True,randolphisabella@brady-kent.com,brady-kent.com,False,True,0016308140129 ext 0268,fisher.com,1,100.0,Medium,Unknown,Unknown,The provided information about Abbott Ltd is insufficient to determine its industry or company type.
381,381,3426Db0293f7063,Darrell Booth,Ebony,Jordan,Roach-Allison,6377160411,6649949320,guerraryan@stout.biz,vpierce@schmidt.com,mullins.net,Cold Email,New Lead,Everyone near deep.,True,True,guerraryan@stout.biz,stout.biz,True,True,6377160411,mullins.net,1,100.0,High,Unknown,Unknown,There is insufficient information provided to determine the industry or company type for Roach-Allison.
382,382,fCBEE2A3aF1CFf8,Jack Schwartz,Judith,Wade,"Delacruz, Gates and Gordon",15647368209 ext 6067,15236584653,shieldsstacey@sheppard.com,staciemayo@brady.net,griffith-trujillo.biz,Direct Traffic,Negotiation,Class miss when yes.,True,True,shieldsstacey@sheppard.com,sheppard.com,True,True,15647368209 ext 6067,griffith-trujillo.biz,1,100.0,High,Unknown,Unknown,The company information provided is insufficient to determine a specific industry or business type.
383,383,Fc3f8d44B43608b,Dana Bradley,Aimee,Burton,"Singleton, Hays and Hardy",5675653219,4159269125 ext 9362,marc50@williams.biz,tyrone43@fritz.com,compton-compton.com,Other,Re-Engagement,Outside point meet better night bar.,True,True,marc50@williams.biz,williams.biz,True,True,5675653219,compton-compton.com,1,100.0,High,Unknown,Unknown,"There is insufficient information available to determine the industry or company type for Singleton, Hays and Hardy."
384,384,02FdF9f91E76fe0,Ricardo French,Barry,Sellers,Gillespie-Cochran,6524409095,0016872172900 ext 439,sacevedo@randolph-rojas.com,peggy42@joseph-shepherd.com,goodman.com,Purchased List,On Hold,Outside hit design although task property.,True,True,sacevedo@randolph-rojas.com,randolph-rojas.com,True,False,6524409095,goodman.com,1,100.0,High,Unknown,Unknown,There is insufficient information available to determine the industry or company type for Gillespie-Cochran based on the provided data.
385,385,43fC8fA4E91Ec3B,Diane Werner,Frances,Robbins,Henry-Bailey,4339804262 ext 61244,4402943754 ext 1489,fmcneil@nicholson.com,fmoon@espinoza-branch.com,kaiser-edwards.com,Referral,Closed Lost,Loss task move religious use.,True,True,fmcneil@nicholson.com,nicholson.com,True,True,4339804262 ext 61244,kaiser-edwards.com,1,100.0,High,Unknown,Unknown,"The company Henry-Bailey was identified through a referral and closed as a lost deal, with no specific information provided regarding its industry or operations."
386,386,2AFEFE6d92Abd1a,Crystal Owens,Gabriel,Nash,Blevins Ltd,0019406555855 ext 29642,9307444201,beverly20@roth.com,cgordon@howe.com,hobbs.com,Podcast,Negotiation,Radio quality recognize condition man increase sit enjoy.,True,True,beverly20@roth.com,roth.com,False,True,0019406555855 ext 29642,hobbs.com,2,100.0,Medium,Unknown,Unknown,"Blevins Ltd is currently in the negotiation stage, but insufficient information is provided to determine the company's industry or business model."
387,387,0cbFb8fd1aE2Cf8,Leroy Mooney,Krystal,Moon,"Anthony, Dunlap and English",0019668998483 ext 23960,3889892900 ext 1373,xtanner@duke.com,natasha99@atkins.biz,patterson.com,Chatbot,Disqualified,Campaign among Democrat meeting.,True,True,xtanner@duke.com,duke.com,False,True,0019668998483 ext 23960,patterson.com,1,100.0,Medium,Unknown,Unknown,The company was identified through a chatbot interaction and disqualified after being associated with a Democratic campaign meeting.
388,388,65Da9Aea5A9060A,Linda Sims,Shelley,Patrick,Walton LLC,5985952885 ext 0362,15934868171 ext 94681,yarias@shelton.com,joannehamilton@hernandez.com,fowler-tanner.com,Partner Program,On Hold,Read health southern already agency care.,True,True,yarias@shelton.com,shelton.com,True,False,5985952885 ext 0362,fowler-tanner.com,1,100.0,High,Healthcare,Unknown,Walton LLC is associated with the healthcare agency sector.
389,389,Ec99b7BC8284300,Brady Hale,Calvin,Hardy,Mccarty-Sawyer,0016452140814 ext 71056,0018246832991 ext 20430,pollardpeter@simpson.net,fsolis@harper.com,wallace.com,Other,New Lead,Respond officer drive experience.,True,True,pollardpeter@simpson.net,simpson.net,False,False,0016452140814 ext 71056,wallace.com,1,100.0,Medium,Unknown,Unknown,The available information provides insufficient evidence to determine the company's industry or business model.
390,390,a5B850f1E04ebe6,Calvin Wall,Dana,Stevenson,Mcgee Inc,3966331233,3554755093,levi67@morton-mosley.org,joe19@conner-hayes.com,bird-khan.net,Direct Traffic,Negotiation,Smile charge sort read matter.,True,True,levi67@morton-mosley.org,morton-mosley.org,True,True,3966331233,bird-khan.net,1,100.0,High,Unknown,Unknown,There is insufficient information available to determine the industry or company type for Mcgee Inc based on the provided data.
391,391,F0f5aCCfe701cDa,Douglas Petersen,Alexandria,Harrison,Chan-Santiago,7016542132 ext 9961,0012557104769 ext 4503,carterchloe@mckay.com,okaiser@moore-short.com,bolton.com,Other,Closed Won,Modern method parent relationship be up.,True,True,carterchloe@mckay.com,mckay.com,True,False,7016542132 ext 9961,bolton.com,1,100.0,High,Unknown,Unknown,"Chan-Santiago is a company associated with the domain mckay.com and the website bolton.com, with a closed won deal stage."
392,392,Bae5d8B25FF5Fd2,Duane Noble,Blake,Sanders,Santos-Mccoy,2172585386 ext 7724,0018565678658 ext 7279,tommy19@daniel.com,morrisandre@burke-holloway.org,huerta.biz,Trade Show,Closed Won,Possible hard hear case father.,True,True,tommy19@daniel.com,daniel.com,True,False,2172585386 ext 7724,huerta.biz,1,100.0,High,Unknown,Unknown,There is insufficient information to determine the industry or company type for Santos-Mccoy.
393,393,e9ed7A6cB377f3D,Shannon Whitney,Jenna,Oneill,"Boone, Kramer and Orr",0013417535683 ext 705,8787317885 ext 3872,chelsea25@huber.com,lshea@lloyd.info,strong.com,Chatbot,Closed Lost,Result wind least.,True,True,chelsea25@huber.com,huber.com,False,True,0013417535683 ext 705,strong.com,1,100.0,Medium,Unknown,Unknown,"The provided information contains insufficient data to determine the company's industry, type, or specific business activities."
394,394,7D81C37B03a5048,Darrell Orozco,Margaret,Mayer,Anderson-Cochran,9906866405 ext 404,0013348263291 ext 418,hwright@patterson.com,marciataylor@bennett.com,newton-dominguez.info,Content Marketing,Closed Lost,Above best activity enough student.,True,True,hwright@patterson.com,patterson.com,True,False,9906866405 ext 404,newton-dominguez.info,1,100.0,High,Unknown,Unknown,There is insufficient information provided to determine the industry or company type for Anderson-Cochran.
395,395,F3a12F7b4c8fFa2,Austin Alvarado,Justin,Dickerson,Price-Mcpherson,3979711621 ext 50620,15375585343 ext 0011,idixon@bird.biz,markpineda@price-carter.info,massey-long.com,Trade Show,Closed Lost,Right such senior around.,True,True,idixon@bird.biz,bird.biz,True,True,3979711621 ext 50620,massey-long.com,1,100.0,High,Unknown,Unknown,Price-Mcpherson is a company sourced from a trade show that reached a closed lost deal stage.
396,396,F10e8BadB2D8ADB,Roger Lee,Eddie,Morris,Hartman Inc,17066750977 ext 413,6398638357,cklein@scott.com,ashley72@solis.com,haney.info,Referral,Proposal Sent,Might expert card social race.,True,True,cklein@scott.com,scott.com,True,True,17066750977 ext 413,haney.info,1,100.0,High,Unknown,Unknown,"The company information provided is insufficient to determine the industry, company type, or specific business activities of Hartman Inc."
397,397,89dEEF319d1C147,Diane Crosby,Joanna,Fuentes,"Mcintyre, Cooke and Ray",4594365465 ext 22795,2132820962 ext 180,audrey67@kaiser.net,kelleyvanessa@hays-bailey.com,harris.com,Social Media,Negotiation,Drug some toward father history edge next.,True,True,audrey67@kaiser.net,kaiser.net,True,True,4594365465 ext 22795,harris.com,1,100.0,High,Unknown,Unknown,"There is insufficient information to determine the industry, company type, or business operations of Mcintyre, Cooke and Ray."
398,398,a8eF2E581f9E0ac,Mandy George,Gavin,Fields,Welch-Joseph,6486852260 ext 354,19984882019,deleonregina@burton.org,katherine43@doyle.com,meza-mcneil.com,Networking Event,Contacted,Like police since table something beautiful production.,True,True,deleonregina@burton.org,burton.org,True,True,6486852260 ext 354,meza-mcneil.com,1,100.0,High,Unknown,Unknown,"The company Welch-Joseph was identified at a networking event, but there is insufficient information to determine its industry or company type."
399,399,E3FFDB82Baa2f2f,Wesley Little,Benjamin,Gillespie,Potter PLC,0014176079387 ext 40105,3622987955 ext 52347,maxwelljordan@anthony-bell.com,xchandler@mckee.biz,lynn.com,Referral,New Lead,President among could traditional.,True,True,maxwelljordan@anthony-bell.com,anthony-bell.com,False,True,0014176079387 ext 40105,lynn.com,1,100.0,Medium,Unknown,Unknown,Potter PLC is a company identified through a referral with insufficient information to determine its industry or business model.
400,400,F9CB23a70303caC,Alison Short,Kristin,Moran,Moyer-Carrillo,6674649398,18498655603 ext 394,brittanyrandall@forbes-abbott.com,floresalexander@moss.com,hensley.biz,Facebook Ads,Contacted,Dinner exist do nice analysis plan.,True,True,brittanyrandall@forbes-abbott.com,forbes-abbott.com,True,True,6674649398,hensley.biz,1,100.0,High,Unknown,Unknown,The company Moyer-Carrillo was identified through Facebook Ads and is currently at the contacted deal stage.
401,401,32D2C39800734dE,Jacqueline Stephens,Kirsten,Small,"Mccullough, Kane and Herman",4199461505,12017504649 ext 4298,jterry@short-marquez.org,gregg61@logan.com,huynh-jones.net,Referral,Closed Won,Staff large participant road Congress degree talk usually.,True,True,jterry@short-marquez.org,short-marquez.org,True,True,4199461505,huynh-jones.net,1,100.0,High,Unknown,Unknown,The provided information does not contain sufficient details to determine the company's industry or business activities.
402,402,Ca947ceadd2e23B,Julian Estes,Howard,Hill,Snyder Inc,0017513104740,14735710517 ext 067,ginakemp@reeves.com,savannahhanson@mullen-avery.org,ross-arroyo.biz,Referral,Closed Lost,Chair since win really notice.,True,True,ginakemp@reeves.com,reeves.com,True,True,0017513104740,ross-arroyo.biz,1,100.0,High,Unknown,Unknown,"Snyder Inc is a business lead that reached a closed lost deal stage, with no specific information available regarding its industry or company operations."
403,403,8d33371F2c77cbd,Lynn Macias,Wesley,Koch,Powers Group,4903714513,16043589396 ext 15052,sotorobin@pacheco.info,alexandria51@becker-giles.org,solis.com,Google Ads,Re-Engagement,Indicate reduce recently fire campaign note society.,True,True,sotorobin@pacheco.info,pacheco.info,True,False,4903714513,solis.com,1,100.0,High,Unknown,Unknown,"Powers Group is being re-engaged as a business lead, with notes suggesting adjustments to a recent advertising campaign."
404,404,fcE2fab3E8b4bA6,Alyssa Hanson,Christy,Carson,Adams-Coleman,2847472585,5476039078,joannaliu@costa.biz,savagebrandy@malone.org,barton-reyes.info,Social Media,Qualified,Admit few address station.,True,True,joannaliu@costa.biz,costa.biz,True,True,2847472585,barton-reyes.info,1,100.0,High,Unknown,Unknown,"There is insufficient information available about Adams-Coleman to determine its industry, company type, or primary activities."
405,405,f64Abc6BF2df39C,Yvonne Roberts,Seth,Wilkins,Henson-Peters,6748583655,9403479150,melanie21@cooper.com,alecwong@gross-kirk.com,barr.com,Organic Search (Seo),Closed Lost,Democratic while amount teach indeed indeed.,True,True,melanie21@cooper.com,cooper.com,True,True,6748583655,barr.com,1,100.0,High,Unknown,Unknown,"The company Henson-Peters is associated with the websites barr.com and cooper.com, but insufficient information is provided to determine its industry or company type."
406,406,0bDB9Ec6a5F85CC,Joanna Murray,Marisa,Walls,"Osborne, Bond and Dodson",7069666710 ext 10825,7648658660,pedro66@pittman.org,averyjenna@taylor-durham.com,higgins-yoder.com,Networking Event,Contacted,New contain record upon.,True,True,pedro66@pittman.org,pittman.org,True,True,7069666710 ext 10825,higgins-yoder.com,1,100.0,High,Unknown,Unknown,"Osborne, Bond and Dodson is a company identified through a networking event with no available information regarding their specific industry or business operations."
407,407,AA7a75fF57001FD,George Carpenter,Karina,Burch,Hensley LLC,2806324184,7642603431 ext 8641,kwade@thomas-parks.com,xwatson@glover.biz,porter.net,Google Ads,Negotiation,City sort finally gas edge.,True,True,kwade@thomas-parks.com,thomas-parks.com,True,True,2806324184,porter.net,1,100.0,High,Unknown,Unknown,"Hensley LLC is a company currently in the negotiation stage, though specific information about its industry and business operations is insufficient."
408,408,C4C5054BcdC0AaE,Erika Novak,Johnny,Lawson,Torres and Sons,13502122038 ext 85413,0018209570530,jessica90@skinner-edwards.com,russellevelyn@woodward.com,spence-mcintosh.com,Retargeting Ads,Re-Engagement,Job knowledge sport off.,True,True,jessica90@skinner-edwards.com,skinner-edwards.com,False,True,13502122038 ext 85413,spence-mcintosh.com,2,100.0,Medium,Unknown,Unknown,There is insufficient information available to determine the industry or company type for Torres and Sons.
409,409,a9882cE1eaD35AF,Susan Parker,Caitlyn,Sanford,Burke-Buck,4196157861,9016012777,brent13@walsh.com,mandydavies@rice.com,stein.biz,Organic Search (Seo),Disqualified,International line best few.,True,True,brent13@walsh.com,walsh.com,True,True,4196157861,stein.biz,1,100.0,High,Unknown,Unknown,"Burke-Buck is a business entity captured through organic search, currently listed in the disqualified deal stage."
410,410,EcEFb9F671BFEcd,Phillip Dennis,Lisa,Ware,"Glenn, Summers and Pace",9546496828,16388818713 ext 648,lydia26@harrell-patrick.com,kaylee54@nixon.org,parsons.info,Chatbot,Closed Lost,Opportunity start away kind environmental.,True,True,lydia26@harrell-patrick.com,harrell-patrick.com,True,True,9546496828,parsons.info,1,100.0,High,Unknown,Unknown,"The provided information for Glenn, Summers and Pace is insufficient to determine the company's industry, type, or specific business operations."
411,411,B062566089f3966,Joseph Olsen,Jaclyn,Glover,Shannon and Sons,0014256632053 ext 81189,19112293878 ext 2506,daguilar@french.info,psilva@howell-chavez.net,good.biz,Website Form,Re-Engagement,Paper remember likely get.,True,True,daguilar@french.info,french.info,False,True,0014256632053 ext 81189,good.biz,1,100.0,Medium,Unknown,Unknown,The company provided contact information via a website form and is currently in the re-engagement stage of the sales pipeline.
412,412,f037c662dcC2639,Aaron Schmitt,Bryan,Keith,Hancock LLC,9184412955 ext 90629,3882354146,wharrell@benson.biz,orrshelley@fleming-shaffer.com,holland.org,Purchased List,Closed Lost,Red arm me thousand note cause somebody red.,True,True,wharrell@benson.biz,benson.biz,True,True,9184412955 ext 90629,holland.org,1,100.0,High,Unknown,Unknown,"Hancock LLC is a company associated with the domain holland.org, but there is insufficient information to determine its industry or business type."
413,413,3a5CBCB5fe73fF3,Tammie Nash,Holly,White,Salinas-Shelton,3789991830,2228055657 ext 794,robin64@lopez.biz,ooneal@peck.com,little.com,Organic Search (Seo),Negotiation,Yeah girl ever.,True,True,robin64@lopez.biz,lopez.biz,True,True,3789991830,little.com,1,100.0,High,Unknown,Unknown,There is insufficient information available to determine the industry or company type of Salinas-Shelton.
414,414,7F2C3FbCe6A0b51,Valerie Baird,Felicia,Kerr,Preston PLC,0013806876228,8117709185,rdeleon@saunders-gentry.com,garrettmadison@lopez.com,fritz.com,Podcast,Proposal Sent,Third have treat again behind care.,True,True,rdeleon@saunders-gentry.com,saunders-gentry.com,True,True,0013806876228,fritz.com,1,100.0,High,Unknown,Unknown,"Preston PLC is currently in the proposal stage of a business deal, with no specific information provided regarding its industry or operations."
415,415,2c2AbC7bfCE9284,Howard Wang,Alexa,Adams,Hobbs LLC,12016496524 ext 2543,8468381503 ext 1267,xsampson@escobar-francis.info,danielle33@clarke-hartman.info,french.biz,Website Form,On Hold,Measure should history book.,True,True,xsampson@escobar-francis.info,escobar-francis.info,True,True,12016496524 ext 2543,french.biz,1,100.0,High,Unknown,Unknown,Hobbs LLC submitted a form via their website with notes that provide no specific information regarding their industry or company operations.
416,416,63aCCC2fbDCc481,Kurt Brandt,Megan,Jensen,Mccarty-Stanton,8116825615,4356306676 ext 6612,maxwellclayton@goodwin.com,geoffrey88@hinton.com,johnson.net,Social Media,Re-Engagement,Manager middle there break size day financial.,True,True,maxwellclayton@goodwin.com,goodwin.com,True,True,8116825615,johnson.net,1,100.0,High,Unknown,Unknown,There is insufficient information to determine the industry or company type of Mccarty-Stanton based on the provided data.
417,417,Add0aa3C89Ecea8,Carlos Noble,Juan,Shaw,Frye-Newman,7539122651,7263132890 ext 669,dorseyjo@vega.com,sfuentes@oneal.net,maxwell.org,Networking Event,Closed Lost,Enjoy us series letter.,True,True,dorseyjo@vega.com,vega.com,True,True,7539122651,maxwell.org,1,100.0,High,Unknown,Unknown,There is insufficient information available regarding Frye-Newman to determine its industry or company type.
418,418,33aA17ec83aD5ca,Kristin Gonzalez,Olivia,Olsen,"Morse, Potter and Lyons",0019925517044,7817856203,amandatanner@thompson-perry.com,tsteele@houston-anderson.com,stanley.com,Purchased List,Closed Won,Since cultural follow receive boy camera.,True,True,amandatanner@thompson-perry.com,thompson-perry.com,True,True,0019925517044,stanley.com,1,100.0,High,Unknown,Unknown,"There is insufficient information available to determine the industry or company type for Morse, Potter and Lyons."
419,419,5F61FaD2c7BE618,Linda Murillo,Darryl,Owen,"Booker, Golden and Costa",3712334817 ext 0716,8178311209 ext 05844,krausetonya@vincent-manning.com,herbert64@riggs-lane.com,coleman.info,Other,New Lead,Financial drive each almost.,True,True,krausetonya@vincent-manning.com,vincent-manning.com,True,True,3712334817 ext 0716,coleman.info,1,100.0,High,Finance,Finance,"Booker, Golden and Costa is a company operating within the financial sector."
420,420,661A86Df79F044E,Connie Oliver,Ashlee,Swanson,Gonzales PLC,0019954341126 ext 034,3784224575 ext 9668,mburns@fox.com,jordanwood@haney.biz,randolph-mata.info,Website Form,Qualified,Perhaps I order play return mother hundred lose.,True,True,mburns@fox.com,fox.com,False,True,0019954341126 ext 034,randolph-mata.info,1,100.0,Medium,Unknown,Unknown,There is insufficient information available regarding the company's industry or business activities.
421,421,2e9DBf3d68F5E2C,Shawn Hicks,Katie,Franco,"Hood, Booth and Kramer",8037537906,14336327339 ext 6262,mclaughlintara@vazquez.com,madisonmaxwell@saunders-small.org,newton.net,Webinars,Re-Engagement,Suddenly anyone knowledge grow college if three long.,True,True,mclaughlintara@vazquez.com,vazquez.com,True,True,8037537906,newton.net,1,100.0,High,Unknown,Unknown,There is insufficient information to determine the company's industry or business model.
422,422,B91f3480d751f8a,Toni Duncan,Marco,Gill,"Burton, Strong and Shannon",17175147359 ext 259,3942892078,faulknerpedro@chaney.net,yolandachandler@greer.com,mack.info,Webinars,Contacted,Similar eye often detail.,True,True,faulknerpedro@chaney.net,chaney.net,True,True,17175147359 ext 259,mack.info,1,100.0,High,Unknown,Unknown,"The available information provides no clear evidence regarding the industry or company type for Burton, Strong and Shannon."
423,423,cBBDBf3c0AF8FbB,Clifford Moyer,Bianca,Stuart,Arroyo-Friedman,6718217045 ext 81436,0012306195957 ext 36620,shelbypage@rose.com,jerome87@peck.com,hensley-webb.org,Purchased List,Disqualified,Consumer every long recognize recent collection term.,True,True,shelbypage@rose.com,rose.com,True,False,6718217045 ext 81436,hensley-webb.org,1,100.0,High,Unknown,Unknown,The provided information for Arroyo-Friedman is insufficient to determine the company's industry or business model.
424,424,9F1A4A6Ec683cEd,Jennifer Chapman,Johnny,Jacobson,Ortega Inc,3646451564 ext 08865,13668663787,emolina@barber.net,bridgescharles@castaneda.biz,mcfarland.biz,Other,Qualified,Many participant later black.,True,True,emolina@barber.net,barber.net,True,True,3646451564 ext 08865,mcfarland.biz,1,100.0,High,Unknown,Unknown,There is insufficient information available about Ortega Inc to determine its industry or company type.
425,425,ECEAecC1d2AEf9c,Sheri Holloway,Mindy,Russo,Lutz-Donovan,18016014031,18818516007 ext 6920,huntjonathon@goodman.net,perrywalter@mcdaniel-frank.net,cunningham-bird.com,Direct Traffic,Re-Engagement,Nice color read history analysis decade field.,True,True,huntjonathon@goodman.net,goodman.net,True,True,18016014031,cunningham-bird.com,1,100.0,High,Unknown,Unknown,"Lutz-Donovan is a lead identified through direct traffic with notes referencing historical data analysis, but there is insufficient information to determine their industry or business type."
426,426,9be2DBaefc1c4ae,Kylie Nelson,Crystal,Le,Brennan Inc,9086814918 ext 189,17988307515,ehall@santana.com,bernardmicheal@spence.com,buckley.info,Social Media,On Hold,Especially enjoy camera group within.,True,True,ehall@santana.com,santana.com,True,True,9086814918 ext 189,buckley.info,1,100.0,High,Photography and Imaging,Unknown,"Brennan Inc is associated with a camera-related group, suggesting involvement in the photography or imaging sector."
427,427,2Cb2e4Da7EDc44A,Kari Hodge,Noah,Horn,Wilcox PLC,2422115665 ext 99572,4684548527 ext 5419,perrylogan@perez.com,podonnell@blair.com,hines.net,Cold Call,Closed Won,National box market.,True,True,perrylogan@perez.com,perez.com,True,True,2422115665 ext 99572,hines.net,1,100.0,High,Packaging,Manufacturing,Wilcox PLC operates within the national box market.
428,428,1cB6B9a42A58FEa,Sonya Buckley,Gary,Gould,"Potts, Murillo and Holden",14342802146 ext 933,15627559763 ext 658,dchristensen@olson-bird.com,rshaw@lewis.com,lucas.com,Purchased List,Closed Lost,Rich sport may again drop team.,True,True,dchristensen@olson-bird.com,olson-bird.com,True,True,14342802146 ext 933,lucas.com,1,100.0,High,Unknown,Unknown,"Potts, Murillo and Holden is a company whose industry and business type cannot be determined from the provided notes regarding sports teams."
429,429,fD30a1D5D1fadcc,Krystal Fitzpatrick,Amy,Orr,"Johns, Franco and Acevedo",5865529770,0017304395103 ext 3919,wnash@lutz.com,lawsonyvette@anderson-luna.net,hicks-stevens.biz,Purchased List,Proposal Sent,Apply leave me seat.,True,True,wnash@lutz.com,lutz.com,True,False,5865529770,hicks-stevens.biz,1,100.0,High,Unknown,Unknown,"There is insufficient information available to determine the industry or company type for Johns, Franco and Acevedo."
430,430,DC10CBd53f28ACd,Gregg Nunez,Edward,Bridges,Rice-Ferguson,3764990860 ext 01309,3606776092,joel09@marks.org,bookerjanice@rowland-vaughan.com,simpson.biz,Networking Event,Re-Engagement,Meeting catch whole language open put.,True,True,joel09@marks.org,marks.org,True,True,3764990860 ext 01309,simpson.biz,1,100.0,High,Unknown,Unknown,The company Rice-Ferguson is currently in the re-engagement stage of a business deal following a meeting at a networking event.
431,431,3dCc7Ff21cd8C53,Evelyn Lynch,Krystal,Boyle,"Robles, Mcclain and Hurley",0017406167343 ext 863,9916874384 ext 5133,walterstami@oneal.com,richmathew@randolph.biz,stevens-ortiz.org,Purchased List,Closed Lost,Public however teacher time film.,True,True,walterstami@oneal.com,oneal.com,False,True,0017406167343 ext 863,stevens-ortiz.org,1,100.0,Medium,Unknown,Unknown,The available information is insufficient to determine the company's industry or business operations.
432,432,C01C3E92BBdaaCB,Chris Petersen,Leslie,Williamson,Singleton-Miranda,4415233997 ext 620,15847929792 ext 743,george32@ramos-rangel.com,bgilmore@forbes-moreno.org,torres.com,Direct Traffic,Qualified,Fear hard college pull mean sister.,True,True,george32@ramos-rangel.com,ramos-rangel.com,True,True,4415233997 ext 620,torres.com,1,100.0,High,Unknown,Unknown,"There is insufficient information available to determine the industry, company type, or business activities of Singleton-Miranda."
433,433,980e4037c28cCa8,Kelly Cervantes,Alvin,Glover,Ferguson-Case,7742731957 ext 485,7746374919 ext 0194,eshah@cowan.com,festrada@salinas.net,mann.com,Trade Show,New Lead,Return require space great consumer question herself.,True,True,eshah@cowan.com,cowan.com,True,True,7742731957 ext 485,mann.com,1,100.0,High,Unknown,Unknown,The company Ferguson-Case is a new lead sourced from a trade show with no specific industry or business operations information available.
434,434,94AB57ded8eEEEe,Colton Banks,Spencer,Simmons,Chang Ltd,0012042108363 ext 190,9967664308,kblair@reed-pacheco.com,collin14@ramirez.com,dominguez.com,Networking Event,New Lead,Window what feel central artist.,True,True,kblair@reed-pacheco.com,reed-pacheco.com,False,True,0012042108363 ext 190,dominguez.com,1,100.0,Medium,Unknown,Unknown,"The available information provides no details regarding the industry, operations, or business activities of Chang Ltd."
435,435,894E5fCD9127828,Misty Ellis,Alan,Hernandez,Osborne Group,0016456382056 ext 86089,7272970957,blozano@english.com,valenzuelanancy@harrell.com,ford-warren.com,Social Media,New Lead,Without military rate attention yeah.,True,True,blozano@english.com,english.com,False,True,0016456382056 ext 86089,ford-warren.com,1,100.0,Medium,Unknown,Unknown,There is insufficient information available regarding the operations or nature of Osborne Group.
436,436,Be9db0d5a0A6c97,Deborah Hoover,Hannah,Jennings,Case-Bass,3168907939 ext 41256,0019299294992 ext 1486,akoch@nielsen.net,jamie90@wilkinson.com,gomez-nguyen.com,Website Form,Re-Engagement,Husband leg ago affect present shoulder.,True,True,akoch@nielsen.net,nielsen.net,True,False,3168907939 ext 41256,gomez-nguyen.com,1,100.0,High,Unknown,Unknown,There is insufficient information available to determine the industry or company type for Case-Bass.
437,437,BDAa24aBD0FaBd9,Martin Patterson,Oscar,Pearson,"Johnson, Cooley and Huff",0015676055966 ext 21555,3285428848 ext 1154,alejandro54@morrison.org,trujillolori@tyler.com,garza-adams.net,Retargeting Ads,On Hold,North Congress continue.,True,True,alejandro54@morrison.org,morrison.org,False,True,0015676055966 ext 21555,garza-adams.net,1,100.0,Medium,Unknown,Unknown,"There is insufficient information available to determine the industry or company type of Johnson, Cooley and Huff."
438,438,deBb1aeFcfc0258,Sheri Reeves,Yvette,Carney,"Rangel, Stone and Jordan",18826497031,5026648531,mackenzierowland@hampton.com,clarence73@porter.org,cervantes-snow.net,Chatbot,Contacted,Particular lead ability hold good behavior.,True,True,mackenzierowland@hampton.com,hampton.com,True,True,18826497031,cervantes-snow.net,1,100.0,High,Unknown,Unknown,"The lead was contacted through a chatbot, but the available information does not provide sufficient details to determine the company's industry or business model."
439,439,2CA5B46AA0EA7BB,Christina Perez,Tricia,Hines,Little-Powers,9605398047,19939101319 ext 17643,wyatt67@acosta-macias.com,gfields@barton.net,day-kelly.biz,Chatbot,Closed Won,Light always yes amount stuff.,True,True,wyatt67@acosta-macias.com,acosta-macias.com,True,False,9605398047,day-kelly.biz,1,100.0,High,Unknown,Unknown,Little-Powers is a business entity with no specific industry or company type information available in the provided notes.
440,440,80D03a2B2F0645C,Christina Copeland,Jeremy,Coleman,"Pham, Li and Wells",8615619737,2076776987 ext 1418,ortiztammie@carroll.com,velazquezscott@mcbride.com,patrick-simon.com,Purchased List,On Hold,Style instead name listen.,True,True,ortiztammie@carroll.com,carroll.com,True,True,8615619737,patrick-simon.com,1,100.0,High,Unknown,Unknown,"There is insufficient information provided to determine the industry or company type for Pham, Li and Wells."
441,441,382aCB2a8c3Eb5e,Eddie Mendoza,Colton,Jennings,"Combs, Mcmahon and Woodard",5576175953 ext 083,6475200029 ext 2095,christina11@briggs.com,jeanette26@robles.info,copeland-fry.info,Social Media,Contacted,Recently fall where evidence toward.,True,True,christina11@briggs.com,briggs.com,True,True,5576175953 ext 083,copeland-fry.info,1,100.0,High,Unknown,Unknown,"There is insufficient information available regarding the company Combs, Mcmahon and Woodard to determine its industry or business type."
442,442,8D9dF0A5EFbc7b7,Courtney Johnson,Tom,Berg,Page LLC,14717403746,2853901747 ext 049,andrea97@brock.org,craiglandry@dennis.info,gonzales-arroyo.info,Podcast,Closed Lost,Avoid industry teacher total build such.,True,True,andrea97@brock.org,brock.org,True,True,14717403746,gonzales-arroyo.info,1,100.0,High,Unknown,Unknown,There is insufficient information provided to determine the industry or company type of Page LLC.
443,443,53bBceC25Cc69e1,Kaylee Raymond,Connor,Shaw,Spencer-Vasquez,2052099544,0018209128485 ext 488,kiddjerome@chandler-duncan.com,gabriela14@jimenez.biz,lawson.org,Cold Email,On Hold,He else item this actually thus than.,True,True,kiddjerome@chandler-duncan.com,chandler-duncan.com,True,False,2052099544,lawson.org,1,100.0,High,Unknown,Unknown,There is insufficient information provided to determine the industry or company type of Spencer-Vasquez.
444,444,C619cdd64F04AC1,Tony Hernandez,Pamela,Kim,Sparks and Sons,8818364940,6707544847 ext 7094,parkslindsey@finley.biz,jaclyn27@shields.com,kirk-gomez.com,Chatbot,Disqualified,All coach size after benefit part.,True,True,parkslindsey@finley.biz,finley.biz,True,True,8818364940,kirk-gomez.com,1,100.0,High,Unknown,Unknown,The available information regarding Sparks and Sons is insufficient to determine their industry or business type.
445,445,4d45dCcdD77e64A,Sophia Luna,Toni,Evans,"Barnett, Saunders and Bartlett",3835960666 ext 70571,4824785835,anadougherty@matthews.com,pwagner@martin.com,bradford-richards.org,Google Ads,Contacted,Add ever forget government job seek.,True,True,anadougherty@matthews.com,matthews.com,True,True,3835960666 ext 70571,bradford-richards.org,1,100.0,High,Unknown,Unknown,"There is insufficient information provided to determine the industry or company type for Barnett, Saunders and Bartlett."
446,446,F5e6102CFbf78bD,Henry Walls,Pam,Walsh,"Sandoval, Bauer and Townsend",0016022972397 ext 22617,2029423053 ext 690,randallsavannah@arroyo-phelps.org,mmitchell@macdonald.info,boone.com,Content Marketing,New Lead,Add stage go number suddenly push.,True,True,randallsavannah@arroyo-phelps.org,arroyo-phelps.org,False,True,0016022972397 ext 22617,boone.com,1,100.0,Medium,Unknown,Unknown,"Sandoval, Bauer and Townsend is a new lead acquired through content marketing with no specific details provided regarding its industry or business operations."
447,447,64aDCB6d93FfbaC,Tricia Short,Robert,Lyons,Gillespie Ltd,9638405079,5232623219 ext 964,stuart72@long.org,ybean@ingram-snow.org,sullivan.com,Retargeting Ads,Closed Won,Citizen join close.,True,True,stuart72@long.org,long.org,True,True,9638405079,sullivan.com,1,100.0,High,Unknown,Unknown,"Gillespie Ltd is a business lead that has reached the Closed Won stage, though specific details regarding its industry and operations are not provided."
448,448,7Acc5b2efC2C90d,Wesley Horne,Bryan,Pollard,Curry Group,5794267972 ext 90274,9206793859 ext 3446,terryrachael@dillon.biz,vangjared@ritter.net,lawson.com,Google Ads,New Lead,Admit off they discover field.,True,True,terryrachael@dillon.biz,dillon.biz,True,True,5794267972 ext 90274,lawson.com,1,100.0,High,Unknown,Unknown,The Curry Group is a business lead sourced from Google Ads with insufficient information to determine its specific industry or company type.
449,449,fE5eFcE8e7a2B84,Omar Madden,Terrence,Moran,"Ray, Knapp and Tyler",2597239705 ext 567,0013257891046 ext 850,carl29@fitzpatrick.com,oford@wise.com,barton.net,Podcast,Disqualified,Spring happen middle free research way arm.,True,True,carl29@fitzpatrick.com,fitzpatrick.com,True,False,2597239705 ext 567,barton.net,1,100.0,High,Unknown,Unknown,The company information provided is insufficient to determine the industry or company type.
450,450,57fbfd6E374fD23,Julian Farley,Marissa,Hess,Sexton PLC,3249746694,4806118369 ext 395,jenna84@dudley.info,fgrimes@graves.net,zavala-gonzalez.info,Cold Email,New Lead,Plan figure west agent girl individual.,True,True,jenna84@dudley.info,dudley.info,True,True,3249746694,zavala-gonzalez.info,1,100.0,High,Unknown,Unknown,Sexton PLC is a company identified through a cold email lead with insufficient information to determine its specific industry or business type.
451,451,E87AfDC98ecc7d0,Chad Kelly,Jocelyn,Carrillo,"Norman, Shaffer and Hartman",8753398670 ext 43222,9076930446 ext 83498,dfoster@luna-johnson.com,swallace@ashley-tucker.com,green.org,Trade Show,Re-Engagement,Effect little better name point computer star.,True,True,dfoster@luna-johnson.com,luna-johnson.com,True,True,8753398670 ext 43222,green.org,1,100.0,High,Unknown,Unknown,"Norman, Shaffer and Hartman is a company currently in a re-engagement stage following a trade show encounter."
452,452,AB8c2eFCbc3a2e1,Sara Sampson,Gabriel,Flores,Pittman-Trevino,8105557004 ext 212,6585164470,villanuevahayden@orr.biz,marvin12@medina.info,pope.org,Webinars,Negotiation,Fill yeah write technology.,True,True,villanuevahayden@orr.biz,orr.biz,True,True,8105557004 ext 212,pope.org,1,100.0,High,Technology,Software,Pittman-Trevino is a technology-focused organization currently involved in business negotiations.
453,453,6b3A57b2BC6d441,Clinton Reid,Kylie,Pollard,Collier LLC,4965910141 ext 835,9925651804 ext 59470,madisonmata@crosby.info,chaveznicole@peck-sharp.com,gilbert.net,Retargeting Ads,New Lead,Near high far land stuff.,True,True,madisonmata@crosby.info,crosby.info,True,True,4965910141 ext 835,gilbert.net,1,100.0,High,Unknown,Unknown,Collier LLC is a new business lead sourced through retargeting ads with insufficient information available to determine its industry or company type.
454,454,880b4f705bAb2dA,Harry Powers,Erin,Casey,"Gilmore, Park and Woodward",0012589102909 ext 9557,8623417309,kenneth30@schmidt-saunders.com,terryroberts@villegas.biz,reyes-simpson.com,Partner Program,Proposal Sent,Ahead himself far others sign.,True,True,kenneth30@schmidt-saunders.com,schmidt-saunders.com,False,True,0012589102909 ext 9557,reyes-simpson.com,1,100.0,Medium,Unknown,Unknown,"Gilmore, Park and Woodward is a business lead currently in the proposal sent stage of the partner program."
455,455,e2cA4Aad2CCadfa,Julia Brandt,Melinda,Vasquez,"Gould, Liu and Cross",6624319480 ext 19666,3246617528,zhicks@wiley.com,seandowns@woodward-chandler.net,stout-harris.com,Google Ads,Closed Won,You company necessary.,True,True,zhicks@wiley.com,wiley.com,True,True,6624319480 ext 19666,stout-harris.com,1,100.0,High,Unknown,Unknown,"The company Gould, Liu and Cross is recorded as a closed won deal with no specific information available regarding its industry or business operations."
456,456,DF9b5AdEbB0d85c,Duane Chandler,Clarence,Aguirre,Hogan PLC,6837836390,17306310303 ext 81911,clarence24@werner-ortega.com,sandrabrandt@esparza-gould.com,chambers.com,Linkedin Outreach,Re-Engagement,Share until work edge others rule table.,True,True,clarence24@werner-ortega.com,werner-ortega.com,True,False,6837836390,chambers.com,1,100.0,High,Unknown,Unknown,The available information provides no details regarding the company's industry or business operations.
457,457,9b68940f0Ad0B0A,Martin Duffy,Drew,Mckinney,"Riley, Barry and Powell",7162157063 ext 56626,0019545032648 ext 02846,deleonglenda@mueller-clark.org,jo92@crane.com,summers.com,Webinars,Proposal Sent,Analysis society water citizen.,True,True,deleonglenda@mueller-clark.org,mueller-clark.org,True,False,7162157063 ext 56626,summers.com,1,100.0,High,Unknown,Unknown,"The company Riley, Barry and Powell was identified through webinars, but there is insufficient information to determine their industry or business model."
458,458,52f3ABc2bbdA20D,Ray Collier,Angel,Pierce,"Cook, Miller and English",9727943198 ext 7925,8682842803 ext 47634,sotophillip@ochoa-salas.com,waynecisneros@carpenter.com,bartlett.com,Referral,Proposal Sent,Story hospital improve claim beautiful ahead.,True,True,sotophillip@ochoa-salas.com,ochoa-salas.com,True,True,9727943198 ext 7925,bartlett.com,1,100.0,High,Healthcare,Unknown,The company is involved in a project related to hospital claims improvement.
459,459,175Eb1Cc41Dc3Fa,Brendan Beltran,Herbert,Browning,Gallegos-Murphy,17334941056 ext 4220,7364989026 ext 59289,mcdonaldkathleen@bell-glass.com,casey69@brewer.com,bowers.com,Organic Search (Seo),Closed Won,Station their person skin skin game need.,True,True,mcdonaldkathleen@bell-glass.com,bell-glass.com,True,True,17334941056 ext 4220,bowers.com,1,100.0,High,Unknown,Unknown,There is insufficient information provided to determine the industry or company type of Gallegos-Murphy.
460,460,f503E6Ac9E6cF95,Brady Rasmussen,Jade,Hess,"Vazquez, Burgess and Rubio",12278628430 ext 58216,3404957999,pedromcintyre@sutton-finley.biz,adam49@mcgee.com,hansen-hutchinson.net,Content Marketing,Qualified,Spring political but security total develop.,True,True,pedromcintyre@sutton-finley.biz,sutton-finley.biz,False,True,12278628430 ext 58216,hansen-hutchinson.net,1,100.0,Medium,Unknown,Unknown,"Vazquez, Burgess and Rubio is a company identified through content marketing with insufficient information provided to determine its specific industry or business operations."
461,461,e95Bf7e7EDc9344,Robyn Watts,Sydney,Boone,"Livingston, Fitzgerald and Duran",3293922868 ext 5954,14945438696,astokes@shepherd.com,michelleandersen@bowers-navarro.org,boyle-black.com,Purchased List,On Hold,Trip piece hand dark reveal like.,True,True,astokes@shepherd.com,shepherd.com,True,True,3293922868 ext 5954,boyle-black.com,1,100.0,High,Unknown,Unknown,"There is insufficient information provided to determine the industry or company type for Livingston, Fitzgerald and Duran."
462,462,B85D9364fDD88Ab,Carol Harvey,Sheila,Barker,"Anthony, Whitney and Blanchard",4845746782,0014689441545,cantugloria@holden.com,diamondcamacho@dorsey.com,skinner.com,Cold Call,Re-Engagement,Money teach word what.,True,True,cantugloria@holden.com,holden.com,True,True,4845746782,skinner.com,1,100.0,High,Unknown,Unknown,"There is insufficient information provided to determine the industry or company type for Anthony, Whitney and Blanchard."
463,463,EB9ffdc8cDc7A7f,Rick Perry,Grant,Hart,Pratt and Sons,4936335234 ext 34913,2452380525 ext 557,darindawson@bennett-ingram.org,byrdleslie@rivera-woodward.com,wood-mccoy.com,Facebook Ads,Negotiation,Across explain expect federal apply necessary production.,True,True,darindawson@bennett-ingram.org,bennett-ingram.org,True,True,4936335234 ext 34913,wood-mccoy.com,1,100.0,High,Unknown,Unknown,"Pratt and Sons is currently in the negotiation stage, though no specific industry or company type can be determined from the provided notes."
464,464,e1d901532eEc15b,Dominic Watkins,Carrie,Monroe,Ellis-Chung,5132588513 ext 56878,18057628057 ext 899,mabbott@garner-cline.com,joannarowe@ford-chase.com,frost.info,Partner Program,Negotiation,Up production billion above audience effort action.,True,True,mabbott@garner-cline.com,garner-cline.com,True,True,5132588513 ext 56878,frost.info,1,100.0,High,Unknown,Unknown,"Ellis-Chung is currently in a negotiation stage within a partner program, though specific information regarding its operations or industry remains unavailable."
465,465,CFf0D7b86b2cd1b,Terrance Vazquez,Veronica,Werner,Wyatt-Stanton,8042493738 ext 095,5557420570 ext 0715,yolanda46@wolf.com,edwardsjanice@zamora.com,ward-wiley.info,Organic Search (Seo),Contacted,Market education push.,True,True,yolanda46@wolf.com,wolf.com,True,True,8042493738 ext 095,ward-wiley.info,1,100.0,High,Unknown,Unknown,Wyatt-Stanton is currently focused on a market education initiative.
466,466,cA0430772Fbe75E,Leonard Vaughan,Mathew,Mclean,Bolton-Powell,0016996534027 ext 213,19992501698 ext 224,thomasmerritt@archer.com,dunlapedgar@nixon.com,ortiz-valdez.com,Direct Traffic,Contacted,Wait Mr less from various everything writer close.,True,True,thomasmerritt@archer.com,archer.com,False,True,0016996534027 ext 213,ortiz-valdez.com,1,100.0,Medium,Unknown,Unknown,There is insufficient information available to determine the industry or company type for Bolton-Powell based on the provided data.
467,467,bcBDaF84433E80d,Hunter Fowler,Sue,Serrano,Deleon-May,19225949705 ext 518,8154612313 ext 585,umanning@kelly.net,jaime55@graves-ryan.net,berry.com,Organic Search (Seo),Negotiation,Sometimes perhaps technology result whose situation.,True,True,umanning@kelly.net,kelly.net,True,True,19225949705 ext 518,berry.com,1,100.0,High,Unknown,Unknown,There is insufficient information available to determine the industry or company type for Deleon-May.
468,468,49262D1F26F44eF,Vicki Stanley,Adrienne,Bernard,Newton-Odonnell,18329766541 ext 215,5727561599 ext 70839,morgan55@shah.com,raven76@burke-stevenson.biz,quinn.com,Google Ads,Qualified,Miss even him rate build American.,True,True,morgan55@shah.com,shah.com,True,True,18329766541 ext 215,quinn.com,1,100.0,High,Unknown,Unknown,There is insufficient information available to determine the industry or company type for Newton-Odonnell based on the provided data.
469,469,c70Fe1eDccceCfD,Shawna Byrd,Tim,Perry,"Baker, Wu and Valenzuela",18054474208,8666738105 ext 48975,fpineda@schultz-rasmussen.com,dmcmillan@weiss.com,cruz-skinner.info,Organic Search (Seo),Negotiation,Three he risk admit available play huge only.,True,True,fpineda@schultz-rasmussen.com,schultz-rasmussen.com,True,True,18054474208,cruz-skinner.info,1,100.0,High,Unknown,Unknown,"The company Baker, Wu and Valenzuela is currently in the negotiation stage, though no specific industry or business operations could be determined from the provided information."
470,470,8b7eCAd8Ac5154e,Ross Wilcox,Gregg,Bell,"Lutz, Mckay and Nunez",0019365233132 ext 4884,4504800749,ngross@barrett.com,mark93@valentine-nelson.biz,beasley.net,Webinars,New Lead,Life seven sure past fill.,True,True,ngross@barrett.com,barrett.com,False,True,0019365233132 ext 4884,beasley.net,1,100.0,Medium,Unknown,Unknown,"Lutz, Mckay and Nunez is a new business lead acquired via a webinar, with no specific information provided regarding its industry or operations."
471,471,ceeEa7c6fdD5E3B,Norman Roth,Trevor,Estrada,Oconnell-Ewing,17024771824,8838272012 ext 65646,lshelton@fischer.com,erikamoss@orr.biz,austin.com,Facebook Ads,Disqualified,Night court color around effect program.,True,True,lshelton@fischer.com,fischer.com,True,True,17024771824,austin.com,1,100.0,High,Unknown,Unknown,There is insufficient information provided to determine the industry or company type for Oconnell-Ewing.
472,472,A58f7Fe0fA7CcFb,James Lawson,Brittany,Mccullough,Harrell LLC,2526833437 ext 9165,9602307344,wayne99@andrews-oneill.com,anthonyrebecca@grimes.org,berg-butler.com,Networking Event,On Hold,Behind board trouble artist.,True,True,wayne99@andrews-oneill.com,andrews-oneill.com,True,True,2526833437 ext 9165,berg-butler.com,2,100.0,High,Unknown,Unknown,The company is currently marked as on hold due to internal board issues.
473,473,Efc9b2FfC8FA76e,Marcia Kim,Melody,Klein,"Dalton, Hinton and Schaefer",9172545235,7543645703,hornekatie@murillo.com,gilbertglenda@le-briggs.com,conrad.com,Cold Call,Negotiation,Agree purpose wall.,True,True,hornekatie@murillo.com,murillo.com,True,True,9172545235,conrad.com,1,100.0,High,Unknown,Unknown,"The company is currently in the negotiation stage, but there is insufficient information to determine its industry or business type."
474,474,82B19712c7EBEcd,Stuart Clark,Andrea,Carney,Leonard and Sons,2639209123,9335891657,jordancarrie@dorsey.com,frances92@combs.com,mason-kirby.info,Website Form,On Hold,Everybody home Republican science may.,True,True,jordancarrie@dorsey.com,dorsey.com,True,True,2639209123,mason-kirby.info,1,100.0,High,Unknown,Unknown,The provided information is insufficient to determine the company's industry or business model.
475,475,cB149aBe7C131Cb,Jasmine Ewing,Ruth,Carr,Werner-Briggs,4328012089,6739205882,suarezapril@mullen.com,grace29@galvan.biz,cain-delgado.info,Content Marketing,Negotiation,Little type drug budget.,True,True,suarezapril@mullen.com,mullen.com,True,True,4328012089,cain-delgado.info,1,100.0,High,Pharmaceuticals,Healthcare,Werner-Briggs is a company involved in the drug and pharmaceutical sector currently in the negotiation stage.
476,476,8E6b25dAec05fd2,Sara Nash,Christy,Cervantes,Ramirez Inc,4813903259,4926892158,nunezjoan@weeks.com,claudiaduke@arias.com,barajas-craig.com,Partner Program,Disqualified,Character project actually prepare.,True,True,nunezjoan@weeks.com,weeks.com,True,True,4813903259,barajas-craig.com,1,100.0,High,Unknown,Unknown,Ramirez Inc is a company identified through a partner program that was disqualified as a lead due to the nature of their project.
477,477,D1abEbB5623FFd4,Spencer Patton,Angelica,Lawrence,Ray-Wu,2134279266,5784605709 ext 274,downsjamie@mcdaniel-bruce.com,sarellano@gay-nixon.com,knapp.biz,Content Marketing,Re-Engagement,Across ok fall career.,True,True,downsjamie@mcdaniel-bruce.com,mcdaniel-bruce.com,True,True,2134279266,knapp.biz,1,100.0,High,Unknown,Unknown,"There is insufficient information available to determine the industry, company type, or business activities of Ray-Wu."
478,478,3eA6c5B577bca1b,Kristina Zuniga,Reginald,Gallegos,"Decker, Romero and Robertson",7107091128 ext 90377,18814269925,sullivandrew@kramer-benjamin.biz,mnash@cross-roy.com,olson-woodard.com,Content Marketing,Qualified,Structure strategy through boy.,True,True,sullivandrew@kramer-benjamin.biz,kramer-benjamin.biz,True,True,7107091128 ext 90377,olson-woodard.com,1,100.0,High,Unknown,Unknown,"The company is identified as a qualified lead in a content marketing source, but insufficient information is provided to determine its industry or business model."
479,479,Ed0CFB262Dd3949,Beverly Potts,Kyle,Huynh,Pham and Sons,15466246578 ext 21955,5658164787 ext 59358,pedro04@mills.net,christie34@watkins.biz,santos-lara.com,Facebook Ads,Re-Engagement,Bill fine bit himself main assume here.,True,True,pedro04@mills.net,mills.net,False,True,15466246578 ext 21955,santos-lara.com,1,100.0,Medium,Unknown,Unknown,There is insufficient information available to determine the industry or company type for Pham and Sons.
480,480,Da43fBEdEAddeB1,Colleen Roach,Kelsey,Ashley,"Hensley, Wilcox and Dickerson",13612531804 ext 674,5462844800,gdonaldson@mcconnell.com,vanessa08@hunt.org,eaton.com,Partner Program,Proposal Sent,Reality cost meet responsibility report outside allow.,True,True,gdonaldson@mcconnell.com,mcconnell.com,True,True,13612531804 ext 674,eaton.com,1,100.0,High,Unknown,Unknown,AI enrichment failed
481,481,61b14Fe1bB59665,Diamond Alvarado,Henry,Graham,Mcdowell Group,6796721469 ext 13954,2299910935,edwardpalmer@brennan.info,michellestein@byrd-castillo.org,caldwell-hess.com,Purchased List,Negotiation,Natural kitchen history traditional morning seat again.,True,True,edwardpalmer@brennan.info,brennan.info,True,True,6796721469 ext 13954,caldwell-hess.com,1,100.0,High,Unknown,Unknown,There is insufficient evidence provided to determine the industry or company type for Mcdowell Group.
482,482,C01FD2B576Ebf31,Jesus Black,Claire,Gardner,Valdez and Sons,8423694115,6516080563,aliciacarrillo@sellers-crane.com,caseyroman@gibbs-robinson.com,blair-parsons.info,Partner Program,Disqualified,Along television we will.,True,True,aliciacarrillo@sellers-crane.com,sellers-crane.com,True,True,8423694115,blair-parsons.info,1,100.0,High,Unknown,Unknown,The provided information does not contain enough context to determine the company's industry or business type.
483,483,BCD98fBfca5dc42,Sue Mcguire,Carlos,Wade,"Pollard, Brooks and Hanson",18723716636 ext 9040,6826540459 ext 7554,olsonchristina@hamilton.com,lance60@delacruz-owen.biz,greene.info,Chatbot,On Hold,Official view senior meet.,True,True,olsonchristina@hamilton.com,hamilton.com,True,True,18723716636 ext 9040,greene.info,1,100.0,High,Unknown,Unknown,AI enrichment failed
484,484,64b7E77bbccbc59,Beth Nolan,Jody,Gallegos,"Bryan, Best and Beltran",5363813883 ext 07426,6784535260,marvinsanford@flowers.com,randy42@olson-powers.info,lutz.biz,Social Media,Closed Lost,Oil most still outside.,True,True,marvinsanford@flowers.com,flowers.com,True,True,5363813883 ext 07426,lutz.biz,1,100.0,High,Unknown,Unknown,"There is insufficient information provided to determine the industry or company type for Bryan, Best and Beltran."
485,485,ADCC2B6c475f36e,Tracy Mcconnell,Maxwell,Patterson,"Frank, Mccann and Stephenson",0017885110355,15952539156 ext 280,lisamcmillan@castro.com,hsoto@chang-potts.org,baxter.com,Trade Show,Re-Engagement,Career middle center science.,True,True,lisamcmillan@castro.com,castro.com,True,True,0017885110355,baxter.com,1,100.0,High,Unknown,Unknown,AI enrichment failed
486,486,8bFA5f0AdCcfCB5,Gabriela Mckee,Norman,Oconnell,Ellis-Frye,0014449034258 ext 133,14998505578,swatson@boyle.com,sandy74@santana.com,copeland.com,Chatbot,Closed Lost,On able own.,True,True,swatson@boyle.com,boyle.com,False,True,0014449034258 ext 133,copeland.com,1,100.0,Medium,Unknown,Unknown,"There is insufficient information available regarding the company Ellis-Frye to determine its industry, business type, or specific activities."
487,487,58ccefeCa40B3cD,Sheena Wilkerson,Eduardo,Lucero,Ramsey PLC,0012993902019,4536775492 ext 74580,guerreroantonio@nichols.com,newtonjade@riggs.com,tate.com,Networking Event,New Lead,I community decide training.,True,True,guerreroantonio@nichols.com,nichols.com,True,True,0012993902019,tate.com,1,100.0,High,Unknown,Unknown,AI enrichment failed
488,488,f25b1097F88E7bA,Caroline Anthony,Kathryn,Shea,"Boyd, Monroe and Adams",7708715219,0017693670008,dennisdennis@fletcher.com,sharonmccall@rowe.com,dillon-atkinson.com,Networking Event,Negotiation,East bank language impact father arm.,True,True,dennisdennis@fletcher.com,fletcher.com,True,True,7708715219,dillon-atkinson.com,1,100.0,High,Unknown,Unknown,AI enrichment failed
489,489,c53aB63BA7608c4,Meagan Wilson,Kelly,Griffith,Hudson-Payne,19476344928 ext 835,12909068411,igriffith@fuentes.com,becky37@schmitt.info,duffy-lowe.org,Partner Program,Disqualified,Fine position role analysis career world black certain.,True,True,igriffith@fuentes.com,fuentes.com,True,True,19476344928 ext 835,duffy-lowe.org,1,100.0,High,Unknown,Unknown,AI enrichment failed
490,490,008D3b51BE6E1aA,Dustin Gibson,Sonya,Richards,Mays-Bentley,6329766199 ext 4366,9504100105,vasquezgabriella@wheeler-esparza.com,diamond56@wilcox.net,robertson-paul.com,Networking Event,Re-Engagement,Language indeed such guy image others reality may.,True,True,vasquezgabriella@wheeler-esparza.com,wheeler-esparza.com,True,True,6329766199 ext 4366,robertson-paul.com,1,100.0,High,Unknown,Unknown,AI enrichment failed
491,491,76cE48A0B06FC1B,Joseph Williams,Abigail,Prince,"Burnett, Watson and Hoover",0013037963998 ext 2242,3456265727 ext 5488,kingpam@madden.com,dominique23@stephenson.com,sherman-hancock.com,Website Form,Closed Won,Inside so exist attack.,True,True,kingpam@madden.com,madden.com,False,True,0013037963998 ext 2242,sherman-hancock.com,1,100.0,Medium,Unknown,Unknown,AI enrichment failed
492,492,A810CB2f9eD4BCd,Melissa Chang,Alejandro,Knight,Ponce Ltd,2579181984,16126783760 ext 8509,lsloan@cummings.com,lopezrobyn@allison-fisher.biz,thomas-hobbs.com,Webinars,On Hold,Say citizen number and hold among report list.,True,True,lsloan@cummings.com,cummings.com,True,True,2579181984,thomas-hobbs.com,1,100.0,High,Unknown,Unknown,AI enrichment failed
493,493,b7c1Dda90D2531a,Molly Donaldson,Jane,Wiley,"Odom, Cervantes and Espinoza",4872663652,0017684461870 ext 816,allenkaitlin@boyle-webb.com,sday@gaines.biz,chaney.biz,Retargeting Ads,Qualified,Police administration position quite even treatment.,True,True,allenkaitlin@boyle-webb.com,boyle-webb.com,True,False,4872663652,chaney.biz,1,100.0,High,Unknown,Unknown,AI enrichment failed
494,494,14AbF93E89DbC59,Selena Gibbs,Brent,Krueger,Hopkins-Barr,4393035133,5133121528 ext 042,audreydiaz@pugh.com,caleb21@kramer.com,golden.com,Cold Email,Closed Lost,Tough director at blue although identify.,True,True,audreydiaz@pugh.com,pugh.com,True,True,4393035133,golden.com,1,100.0,High,Unknown,Unknown,AI enrichment failed
495,495,2f4e5BE8181D51d,Preston Wallace,Claire,Carrillo,"Mccall, Vargas and Buchanan",6262551509 ext 223,4622617655,nmoses@rangel.org,gail85@wallace-summers.biz,mcdowell-burgess.net,Networking Event,Qualified,Order cold morning at.,True,True,nmoses@rangel.org,rangel.org,True,True,6262551509 ext 223,mcdowell-burgess.net,1,100.0,High,Unknown,Unknown,AI enrichment failed
496,496,fcD0Ce89aEa903D,Terrence Lowery,Adriana,Ferguson,Trujillo-Williams,7044962307 ext 347,12568116237,jasminehampton@estrada.biz,huertalevi@pratt-mejia.biz,owens.com,Partner Program,Qualified,Anyone perform beyond deal.,True,True,jasminehampton@estrada.biz,estrada.biz,True,True,7044962307 ext 347,owens.com,1,100.0,High,Unknown,Unknown,AI enrichment failed
497,497,503b15fDc594CD1,Gabriel Morse,Jeffery,Terrell,Willis Inc,0016522363890,8759904212 ext 8175,fcherry@maynard-mason.info,nealkristine@harris-santana.org,leonard-wyatt.com,Retargeting Ads,New Lead,More court hot book.,True,True,fcherry@maynard-mason.info,maynard-mason.info,True,True,0016522363890,leonard-wyatt.com,1,100.0,High,Unknown,Unknown,AI enrichment failed
498,498,c9e4AE2E6131F0e,Evelyn Romero,Devin,Gallegos,"Chase, Barrett and Peterson",3018703449 ext 6247,0016197081939 ext 65664,ljohnson@hernandez.net,wkrueger@hicks.com,holt.com,Social Media,Closed Lost,Read poor short professional west buy level.,True,True,ljohnson@hernandez.net,hernandez.net,True,False,3018703449 ext 6247,holt.com,1,100.0,High,Unknown,Unknown,AI enrichment failed
499,499,DaC7beB95CFAef8,Jason Houston,Dana,Trevino,Best PLC,9614329347 ext 9596,17513595031 ext 826,cardenasalexandria@dougherty.org,goodross@conner.com,mcintosh-fitzgerald.com,Direct Traffic,Qualified,Sport first order write police bar.,True,True,cardenasalexandria@dougherty.org,dougherty.org,True,True,9614329347 ext 9596,mcintosh-fitzgerald.com,1,100.0,High,Unknown,Unknown,AI enrichment failed
500,500,acCb0b6CD5B1C1d,Yesenia Alvarez,Alice,Robertson,Cain PLC,3969215750,4188429636,teresa63@salinas-sutton.com,vangcharlotte@harrell-duncan.com,becker-lowe.net,Website Form,Negotiation,Especially tend agree send fall pressure.,True,True,teresa63@salinas-sutton.com,salinas-sutton.com,True,True,3969215750,becker-lowe.net,1,100.0,High,Unknown,Unknown,AI enrichment failed
501,501,0b363AA4eAA64e6,Kendra Cain,Dustin,Wheeler,"Holden, Crawford and Russo",3746187373,13099265278,gdalton@pacheco.org,pottslawrence@christensen-baxter.com,potts.com,Website Form,Re-Engagement,Back sister social claim half visit.,True,True,gdalton@pacheco.org,pacheco.org,True,True,3746187373,potts.com,1,100.0,High,Unknown,Unknown,AI enrichment failed
502,502,9dFff3A1AaD1E81,Lee Huffman,Beverly,Sosa,"Myers, Adkins and Preston",5815320612 ext 88146,4895144016,carrollmegan@joyce.com,kelseycooley@esparza.com,ibarra-gallagher.net,Purchased List,Contacted,Throw avoid may say health later.,True,True,carrollmegan@joyce.com,joyce.com,True,True,5815320612 ext 88146,ibarra-gallagher.net,1,100.0,High,Unknown,Unknown,AI enrichment failed
503,503,5ceBe11EfCEfE94,Glenda Hayes,Annette,Dean,"Perez, Best and Terrell",9518084924,7493582966 ext 65086,eoconnell@dean-mccoy.info,xdominguez@cross.biz,goodman.biz,Cold Email,New Lead,Woman actually charge camera.,True,True,eoconnell@dean-mccoy.info,dean-mccoy.info,True,True,9518084924,goodman.biz,1,100.0,High,Unknown,Unknown,AI enrichment failed
504,504,c4a7bCA1bAc7435,Kerri Colon,Carmen,Norman,"Yates, Patterson and Barron",19283284153 ext 10657,12966730597,vincentyoung@greene.info,ijoseph@greene.com,rasmussen.com,Podcast,Proposal Sent,Market kitchen case policy traditional.,True,True,vincentyoung@greene.info,greene.info,False,True,19283284153 ext 10657,rasmussen.com,1,100.0,Medium,Unknown,Unknown,AI enrichment failed
505,505,EaF2715eE8A25BF,Jeremiah Charles,Cheryl,Sparks,Haley-Le,0019434187576 ext 49199,8759151714 ext 91341,rollinsphyllis@barry.com,monicaforbes@glass.info,burns.net,Organic Search (Seo),Negotiation,Painting choice than third middle speech soldier.,True,True,rollinsphyllis@barry.com,barry.com,False,True,0019434187576 ext 49199,burns.net,1,100.0,Medium,Unknown,Unknown,AI enrichment failed
506,506,7129cdFC15aeaAb,Kara Lindsey,Taylor,Ross,Bolton-Ho,4408307848,9828681142,trevinodarlene@mills.net,breanna79@landry.com,solis.com,Google Ads,On Hold,Ago discover build reach everyone.,True,True,trevinodarlene@mills.net,mills.net,True,True,4408307848,solis.com,1,100.0,High,Unknown,Unknown,AI enrichment failed
507,507,e1200a2E21B6401,Allen Austin,Karla,Berger,Bruce-Fritz,7723387329,8243543143,eduardodixon@casey.biz,jasonhickman@greer-mcbride.org,hensley.com,Facebook Ads,On Hold,Camera set occur even.,True,True,eduardodixon@casey.biz,casey.biz,True,True,7723387329,hensley.com,1,100.0,High,Unknown,Unknown,AI enrichment failed
508,508,300dCE819f53b04,Marcia Morgan,Gordon,Holloway,Mercado PLC,8399046709,5204379886 ext 730,mullinsmadeline@larson-burgess.info,nmcbride@oneal-robinson.com,spence.com,Content Marketing,Re-Engagement,Name news participant that executive Congress reduce last.,True,True,mullinsmadeline@larson-burgess.info,larson-burgess.info,True,True,8399046709,spence.com,1,100.0,High,Unknown,Unknown,AI enrichment failed
509,509,fAedDEA82205a3f,Felicia Estes,Rachael,Mcintyre,Meadows-Mendoza,19103025367 ext 3566,4926460927,kendra15@sherman-schultz.com,tylerbright@peterson-hopkins.com,tran.net,Networking Event,Negotiation,She after culture four quality personal treatment care.,True,True,kendra15@sherman-schultz.com,sherman-schultz.com,True,True,19103025367 ext 3566,tran.net,1,100.0,High,Unknown,Unknown,AI enrichment failed
510,510,c2fC75bA11BfD47,Jeff Oneill,Blake,Kim,Shaw-Kim,18439117328 ext 18104,0018028305213 ext 4070,cohentravis@clayton-gentry.org,townsendcarly@byrd.biz,logan-buck.org,Cold Call,Disqualified,Here central bring along let list find.,True,True,cohentravis@clayton-gentry.org,clayton-gentry.org,False,False,18439117328 ext 18104,logan-buck.org,1,100.0,Medium,Unknown,Unknown,AI enrichment failed
511,511,5Dea7d2d7C4561D,John Finley,Tyler,Kramer,Manning-Welch,18446172535,5863879195,jakebrennan@weeks.biz,priscilla46@hurley.info,sloan.biz,Social Media,Proposal Sent,Debate effect ability great action despite.,True,True,jakebrennan@weeks.biz,weeks.biz,True,True,18446172535,sloan.biz,1,100.0,High,Unknown,Unknown,AI enrichment failed
512,512,d39426e5dDCcE11,Adam Lamb,Harry,Osborne,Weeks-Yang,0017468443194 ext 83844,7004507790,alexandraoliver@bowen-everett.com,rachaellowe@hooper.com,frost.com,Linkedin Outreach,New Lead,Computer support effort fact weight place.,True,True,alexandraoliver@bowen-everett.com,bowen-everett.com,False,True,0017468443194 ext 83844,frost.com,1,100.0,Medium,Unknown,Unknown,AI enrichment failed
513,513,EFacbc5150BcE2f,Destiny Phelps,Sierra,Mcneil,"Sawyer, Phillips and Gallegos",9836505331,4308604630,ramseyandrea@hahn-petersen.org,wayne11@howell.biz,perez.com,Website Form,Closed Won,Middle night grow smile.,True,True,ramseyandrea@hahn-petersen.org,hahn-petersen.org,True,True,9836505331,perez.com,1,100.0,High,Unknown,Unknown,AI enrichment failed
514,514,02dadFAe2DaF5CB,Justin Chaney,Pedro,Dorsey,Bernard Inc,5117500437,9776913109 ext 86912,qgilbert@dillon-osborn.com,oconnellandres@webster.net,boyer.com,Social Media,Closed Lost,Quickly last phone question low.,True,True,qgilbert@dillon-osborn.com,dillon-osborn.com,True,True,5117500437,boyer.com,1,100.0,High,Unknown,Unknown,AI enrichment failed
515,515,EEBfC87F98db812,Stephanie Davila,Kathy,Coleman,"Shaffer, Cameron and Palmer",6645630962 ext 7002,8992387342 ext 61106,gallowayspencer@sharp-harrington.biz,erikafuller@cross.com,patterson-moreno.com,Google Ads,Closed Lost,Draw his nor quite skin animal explain business.,True,True,gallowayspencer@sharp-harrington.biz,sharp-harrington.biz,True,True,6645630962 ext 7002,patterson-moreno.com,1,100.0,High,Unknown,Unknown,AI enrichment failed
516,516,c35Ced7E4DBE9df,Noah Stevens,Bruce,Owens,Cervantes and Sons,9858455360 ext 4592,9685325367,lmckay@long-boyle.com,christopher86@bennett.com,bolton.info,Organic Search (Seo),Re-Engagement,Ask American third necessary.,True,True,lmckay@long-boyle.com,long-boyle.com,True,True,9858455360 ext 4592,bolton.info,1,100.0,High,Unknown,Unknown,AI enrichment failed
517,517,34AABc897aFC7de,Penny Mckay,Bradley,Mccormick,Oconnell Ltd,19135622319 ext 37176,14557326505 ext 132,pinedaroy@pacheco.info,penningtonwanda@fletcher.com,ellis.org,Cold Email,Disqualified,Effect she top.,True,True,pinedaroy@pacheco.info,pacheco.info,False,True,19135622319 ext 37176,ellis.org,1,100.0,Medium,Unknown,Unknown,AI enrichment failed
518,518,ABb2fe27b7B7EBc,Bernard Ford,Lucas,Evans,West Group,4189404254 ext 17972,0012852237056 ext 047,eileenoconnor@bowman.com,anthonyjay@gardner.biz,leonard-barr.info,Cold Email,On Hold,Wait answer cold.,True,True,eileenoconnor@bowman.com,bowman.com,True,False,4189404254 ext 17972,leonard-barr.info,1,100.0,High,Unknown,Unknown,AI enrichment failed
519,519,d8Ae1D7557EcD25,Jerry Payne,Kenneth,Burnett,Keith LLC,14545288719 ext 6469,4509281635 ext 8148,kristenharrington@stewart.com,hayden62@snyder.org,braun.com,Facebook Ads,On Hold,Republican leg sell admit relationship.,True,True,kristenharrington@stewart.com,stewart.com,True,True,14545288719 ext 6469,braun.com,1,100.0,High,Unknown,Unknown,AI enrichment failed
520,520,8FEEf6BCA0fA1dE,Phyllis Wright,Russell,Gallegos,Tucker-Gay,0019487083022,7219647961,sergio31@weber.com,danieltyler@singleton-jefferson.com,ibarra-love.com,Webinars,Re-Engagement,Forget manager candidate stock action again foreign.,True,True,sergio31@weber.com,weber.com,True,True,0019487083022,ibarra-love.com,1,100.0,High,Unknown,Unknown,AI enrichment failed
521,521,855EB28252D4FEd,Dorothy Wyatt,Cristina,Christian,"Lamb, Bowen and Padilla",2367693844 ext 0088,5406876781,martin73@gregory-stanley.net,hwall@moreno.net,lopez.com,Partner Program,Re-Engagement,Live that adult wife know similar line.,True,True,martin73@gregory-stanley.net,gregory-stanley.net,True,True,2367693844 ext 0088,lopez.com,1,100.0,High,Unknown,Unknown,AI enrichment failed
522,522,31eF00b67Cf319D,Greg Townsend,Philip,Banks,Rios and Sons,3975442416 ext 58462,7837941012,edgar71@nguyen-hansen.info,garzabetty@avila.net,coffey.com,Other,Closed Won,Picture watch research yard plant nearly truth wait.,True,True,edgar71@nguyen-hansen.info,nguyen-hansen.info,True,True,3975442416 ext 58462,coffey.com,1,100.0,High,Unknown,Unknown,AI enrichment failed
523,523,f0827e2f3eeC624,Cameron Boyle,Misty,Lam,Good-Gordon,3869446783 ext 147,8404887564,imorales@meyer.info,matthewmullen@wilcox.biz,black.org,Purchased List,On Hold,Add car risk sit commercial want plan according.,True,True,imorales@meyer.info,meyer.info,True,True,3869446783 ext 147,black.org,1,100.0,High,Unknown,Unknown,AI enrichment failed
524,524,ADdE2EDeF47AC75,Denise Washington,Aaron,Logan,"Wall, Pearson and Williamson",8864486933 ext 78508,0017308011133 ext 20997,nicolas95@conway-torres.com,kevinford@gilmore-crosby.com,tapia.com,Trade Show,Closed Lost,Whom instead occur stuff board identify.,True,True,nicolas95@conway-torres.com,conway-torres.com,True,False,8864486933 ext 78508,tapia.com,1,100.0,High,Unknown,Unknown,AI enrichment failed
525,525,02C0A994e89686B,Nichole Sharp,Sonya,Campbell,Ochoa LLC,14942624147 ext 781,15242051361 ext 47918,micheleduarte@santos-salazar.com,vincent94@garrison-bullock.info,hutchinson.org,Content Marketing,Re-Engagement,City part determine.,True,True,micheleduarte@santos-salazar.com,santos-salazar.com,True,False,14942624147 ext 781,hutchinson.org,1,100.0,High,Unknown,Unknown,AI enrichment failed
526,526,E0EeACc83DE63ae,Chase Valenzuela,Mike,Boyle,Ford Ltd,9559522449 ext 5554,16279389689,neil79@frye.com,dylanbaxter@aguirre.com,clarke.com,Referral,Contacted,Young including spend day.,True,True,neil79@frye.com,frye.com,True,True,9559522449 ext 5554,clarke.com,1,100.0,High,,,
527,527,A8E3A3d0BFFE5b9,Connor Barr,Erika,Vincent,"Villanueva, Mckinney and Gray",4035721233,7293204924 ext 457,stephanie76@york.com,jaclynguerra@norman-sellers.com,mercer.info,Retargeting Ads,Qualified,Edge style approach house.,True,True,stephanie76@york.com,york.com,True,True,4035721233,mercer.info,1,100.0,High,,,
528,528,7a0d3e76Ae8cc8B,Marissa Taylor,Shelley,Leblanc,"Rogers, Mercado and Copeland",4916306719,5224857802,khogan@maynard.net,joecannon@clements.biz,dickson-ramsey.com,Other,Disqualified,Agency month card.,True,True,khogan@maynard.net,maynard.net,True,True,4916306719,dickson-ramsey.com,1,100.0,High,,,
529,529,FcffBe5E7ccE7A9,Fernando Shields,Alec,Summers,Nelson-Bowen,14402337381,0014662803377 ext 5182,jill40@odom.net,waynemercer@bowman-perez.org,christensen.com,Content Marketing,Proposal Sent,We better attention town.,True,True,jill40@odom.net,odom.net,True,False,14402337381,christensen.com,1,100.0,High,,,
530,530,B925EDE2f46EAFA,Susan Leonard,Bryce,Kemp,Johnson Group,16713460880,7344158404,penny57@guzman.com,rosalesmia@murray.com,marshall.net,Facebook Ads,New Lead,Something interesting air executive themselves.,True,True,penny57@guzman.com,guzman.com,True,True,16713460880,marshall.net,1,100.0,High,,,
531,531,cBC5E3f9bee57E8,Shaun Wood,Charlene,Gross,"Boone, Neal and Bates",5527195745,2786276440,caitlynchen@fuller-baldwin.biz,mbecker@bruce.com,hawkins.com,Referral,On Hold,Respond talk arrive care piece.,True,True,caitlynchen@fuller-baldwin.biz,fuller-baldwin.biz,True,True,5527195745,hawkins.com,1,100.0,High,,,
532,532,a433F09dA4CE7be,Julian Mercado,Clinton,Cabrera,"Snyder, Rogers and Manning",4365838312,7667470306,dbranch@guerrero.com,ukirk@strong-curry.info,buchanan.info,Purchased List,New Lead,Finally suffer stand order source.,True,True,dbranch@guerrero.com,guerrero.com,True,True,4365838312,buchanan.info,1,100.0,High,,,
533,533,3DF23Fb9A2b7458,Melanie Morrow,Henry,Davila,"Santos, Lambert and Bean",8858338717,2929000569 ext 109,suesloan@jacobson.com,daisyferguson@bryan.org,maddox.net,Chatbot,On Hold,Campaign traditional describe standard deal career.,True,True,suesloan@jacobson.com,jacobson.com,True,True,8858338717,maddox.net,1,100.0,High,,,
534,534,44d4aeB7DDDD3FF,Larry Scott,Ronnie,Cameron,Nelson Inc,5013055827,8916391264,montesamanda@shah.org,jross@jones.net,silva.biz,Chatbot,New Lead,Attention guess detail since water.,True,True,montesamanda@shah.org,shah.org,True,True,5013055827,silva.biz,1,100.0,High,,,
535,535,2BDAB1EE5b234f8,Erik Moore,Leah,Carpenter,Gould-Newman,0015848654673,6876797984,cspears@landry.net,gmorales@craig.com,ortega-yoder.com,Networking Event,Negotiation,Argue hard close among.,True,True,cspears@landry.net,landry.net,True,True,0015848654673,ortega-yoder.com,1,100.0,High,,,
536,536,E1f2E14cEBc6aBB,Kerri Mckee,Dustin,Austin,White-Dunn,8588057531,16876484980 ext 34185,audreyroach@callahan-nunez.net,ashlee46@ramirez-warner.net,dudley-moses.com,Direct Traffic,Disqualified,Radio pressure son eye run language.,True,True,audreyroach@callahan-nunez.net,callahan-nunez.net,True,False,8588057531,dudley-moses.com,1,100.0,High,,,
537,537,01f7AA4D4Ad0dBA,Ruben Evans,Marc,Peters,Chavez-Mcknight,14392081651 ext 50767,12685702465 ext 5803,cardenascory@davies.com,rangelandrea@valentine-levine.info,hahn.org,Facebook Ads,Disqualified,Purpose resource other significant others city interesting well.,True,True,cardenascory@davies.com,davies.com,False,True,14392081651 ext 50767,hahn.org,1,100.0,Medium,,,
538,538,be4Eb6dBfC4AbC8,Chris Turner,Madison,Sheppard,"Banks, Stout and Arias",0018688567858 ext 0889,6756811879,rasmussenlogan@levy.net,angela36@zamora.net,farmer-mcclain.com,Podcast,Closed Won,List parent until become.,True,True,rasmussenlogan@levy.net,levy.net,False,True,0018688567858 ext 0889,farmer-mcclain.com,1,100.0,Medium,,,
539,539,E3FBc1eD30A0BFc,Alexandra Hart,Nathaniel,Shelton,Daniels PLC,0012296357470 ext 335,0017558262698 ext 7222,reidjodi@jennings.org,richardcarmen@austin-hernandez.com,stokes.net,Networking Event,Re-Engagement,Smile economy actually federal.,True,True,reidjodi@jennings.org,jennings.org,False,False,0012296357470 ext 335,stokes.net,1,100.0,Medium,,,
540,540,BE2Febbf2eb92ef,Clayton Mcpherson,Audrey,Kelley,Odom Ltd,6648045728 ext 31665,8347449222,cesarjohns@allen.com,sloancaitlyn@goodwin.net,pennington.com,Organic Search (Seo),Closed Won,Goal site hold maintain street.,True,True,cesarjohns@allen.com,allen.com,True,True,6648045728 ext 31665,pennington.com,1,100.0,High,,,
541,541,5eC091EeF5Eeaa1,Tricia Bass,Keith,Carpenter,"Mills, Hardy and Osborne",8463273147,2605835054 ext 75913,morrisonsummer@roberts.com,xduarte@mooney.com,conner.biz,Cold Call,Negotiation,System project new finally be.,True,True,morrisonsummer@roberts.com,roberts.com,True,True,8463273147,conner.biz,1,100.0,High,,,
542,542,E2A6F3234aA8430,Sharon Reese,Carlos,Blackburn,Salinas-Camacho,4693549162 ext 0467,8487507789 ext 029,nichole85@hernandez.info,csavage@werner.com,riley-holloway.com,Referral,Closed Won,What meeting however mouth test build open.,True,True,nichole85@hernandez.info,hernandez.info,True,True,4693549162 ext 0467,riley-holloway.com,1,100.0,High,,,
543,543,1a793E4BBAfFa48,Monica Guerra,Mckenzie,Heath,"Hendrix, Shaffer and Mercado",0018489929611 ext 605,0013229017370 ext 8792,lutzkyle@sexton-house.biz,grimeskeith@harrison.com,dickson-hester.biz,Content Marketing,Negotiation,Organization total any note already perhaps.,True,True,lutzkyle@sexton-house.biz,sexton-house.biz,False,False,0018489929611 ext 605,dickson-hester.biz,1,100.0,Medium,,,
544,544,4737f0e01E5Bc1F,Cassandra Brock,Dustin,Hill,Bird Group,0014293296198 ext 65112,7377761900 ext 2835,lmoran@rowland-kidd.com,roger56@lopez.com,harrell.com,Trade Show,Qualified,Recent measure especially list use.,True,True,lmoran@rowland-kidd.com,rowland-kidd.com,False,True,0014293296198 ext 65112,harrell.com,1,100.0,Medium,,,
545,545,9Bcd37FEa7F4DcD,Gavin Hart,Barbara,Mccarthy,"Bowen, Sampson and Dillon",15579501241,4495848226 ext 883,cowanjason@rhodes.com,mikaylabrooks@ochoa-boyd.com,howard-love.com,Content Marketing,Closed Won,Pretty gas measure tell save different important home.,True,True,cowanjason@rhodes.com,rhodes.com,True,True,15579501241,howard-love.com,1,100.0,High,,,
546,546,DF23283Af6Af6FD,Paige Patton,Cristian,Neal,Stein LLC,6764016163,8149790551,susan22@trujillo-copeland.com,kelleychelsey@meyer.com,branch.com,Social Media,Re-Engagement,Nation little method.,True,True,susan22@trujillo-copeland.com,trujillo-copeland.com,True,True,6764016163,branch.com,1,100.0,High,,,
547,547,BB298f39d9c1AE2,Angelica Salinas,Norma,Collier,Hill PLC,5648575991,13513843061 ext 9699,christiankellie@moyer.info,vanessa00@vargas.biz,mcneil.net,Partner Program,Closed Won,Democrat perhaps room.,True,True,christiankellie@moyer.info,moyer.info,True,True,5648575991,mcneil.net,1,100.0,High,,,
548,548,10acdBedc7baE05,Julie Soto,Glen,Cervantes,"Barry, Mcintyre and Mercer",13855960778 ext 5619,0013328160374 ext 6575,joel03@carlson.com,billnolan@vance-waters.info,daniels.com,Podcast,New Lead,Back cell meet deep certain over.,True,True,joel03@carlson.com,carlson.com,True,False,13855960778 ext 5619,daniels.com,1,100.0,High,,,
549,549,a810A4c3Dd4d828,Alexis Acosta,Todd,Curtis,Nunez-Pittman,3714578461 ext 905,0017025945243 ext 899,jeremiahmills@barry.com,owagner@andrews.info,cain.com,Facebook Ads,Negotiation,Tend mean sing serve full above relationship but.,True,True,jeremiahmills@barry.com,barry.com,True,False,3714578461 ext 905,cain.com,1,100.0,High,,,
550,550,7BBF466DDb2d068,Edgar Mcpherson,Johnathan,Mata,Werner-Sheppard,3492633126 ext 040,7916848920 ext 3572,shelbykline@morrison.com,brianaatkins@small-mcclain.net,tyler.com,Facebook Ads,On Hold,Hope tell beat pattern newspaper end plant.,True,True,shelbykline@morrison.com,morrison.com,True,True,3492633126 ext 040,tyler.com,1,100.0,High,,,
551,551,E64a5372Ea806aE,Justin Bolton,Helen,Sandoval,"Bonilla, Hood and Bright",2978327501 ext 0647,5964112304,rkerr@carey.org,hhogan@rodriguez-meyers.com,duncan.net,Podcast,On Hold,Prevent lead probably amount behavior seven exactly shake.,True,True,rkerr@carey.org,carey.org,True,True,2978327501 ext 0647,duncan.net,1,100.0,High,,,
552,552,5a0337a8b31bafC,Savannah Dillon,Gerald,Brown,Michael-Kemp,14575680207 ext 9835,12538654678 ext 11978,roger01@rush.com,trevinomonique@odonnell-calhoun.info,green.com,Referral,Closed Lost,Science law brother thousand a major.,True,True,roger01@rush.com,rush.com,True,False,14575680207 ext 9835,green.com,1,100.0,High,,,
553,553,e67773D8AAA8dbF,Johnathan Stephenson,Derek,Medina,Fletcher-Brennan,4916734928 ext 8585,6538820087,kiddgwendolyn@summers.com,andrea60@hickman-wilcox.com,farrell.com,Website Form,Re-Engagement,Public sea ever ahead itself issue most.,True,True,kiddgwendolyn@summers.com,summers.com,True,True,4916734928 ext 8585,farrell.com,1,100.0,High,,,
554,554,1ABB77ee3c0a4Bf,Eileen Wolf,Eddie,Crosby,Ross-Huffman,0013049165112 ext 890,6942696297,mikaylahensley@good-garcia.net,juan04@wiggins-serrano.com,lowe.info,Retargeting Ads,Re-Engagement,Green glass make none practice.,True,True,mikaylahensley@good-garcia.net,good-garcia.net,False,True,0013049165112 ext 890,lowe.info,1,100.0,Medium,,,
555,555,B1E40e0c400B25d,Damon Mata,Edwin,Holland,Boone-Jordan,4403006874 ext 511,7915229634 ext 80682,sallison@buckley.com,ykeller@oneill.com,mccarty.org,Trade Show,Negotiation,Need standard truth affect tell agent whatever.,True,True,sallison@buckley.com,buckley.com,True,True,4403006874 ext 511,mccarty.org,1,100.0,High,,,
556,556,6D3b6FbC0fdAfe8,Karina Huffman,Meghan,Russell,Mays-Joyce,15982741267 ext 8931,5452022796,hubbardmisty@andersen.com,mercadoholly@vargas.biz,holden-jarvis.com,Social Media,Closed Won,Agree live audience after few dog.,True,True,hubbardmisty@andersen.com,andersen.com,True,True,15982741267 ext 8931,holden-jarvis.com,1,100.0,High,,,
557,557,2ceD38Ef48D96BA,Cassandra Harper,Jeff,Zavala,"Potter, Jimenez and Larson",4852323535,0014822310715 ext 289,gregory83@esparza.com,chrisbarnes@gilbert.org,kim-hopkins.com,Organic Search (Seo),Re-Engagement,Sport continue hard both avoid just oil prepare.,True,True,gregory83@esparza.com,esparza.com,True,False,4852323535,kim-hopkins.com,1,100.0,High,,,
558,558,D4Cf07EBc6b9F5A,Alisha Kent,Jeanette,Jackson,"Mueller, Levine and Berry",3163112411,7069898009,reginaldbauer@burke-fox.biz,duartebrianna@savage.net,hendrix.net,Other,On Hold,Loss miss machine political media create anything.,True,True,reginaldbauer@burke-fox.biz,burke-fox.biz,True,True,3163112411,hendrix.net,1,100.0,High,,,
559,559,EC0fD0556b6AaBB,Cristina Kline,Kristie,Dawson,"Graves, Sutton and Harding",8754496505,5513362073 ext 1846,lcortez@summers.info,gutierrezjillian@snyder.biz,wolf.info,Other,Negotiation,Feeling reflect catch factor sense majority technology government.,True,True,lcortez@summers.info,summers.info,True,True,8754496505,wolf.info,1,100.0,High,,,
560,560,8156AfEab8EA022,Sean Hampton,Victor,Romero,Wade-Patrick,17328905823,6965772414 ext 1110,amberlee@copeland.com,masseycorey@andrews.info,grimes-fuller.com,Content Marketing,Qualified,It land measure author develop easy fight issue.,True,True,amberlee@copeland.com,copeland.com,True,True,17328905823,grimes-fuller.com,1,100.0,High,,,
561,561,caa9c9fB7172AF2,Jermaine Blackwell,Jared,White,"Middleton, Arias and Edwards",3136719401 ext 7510,0018893605044,carterdaisy@calhoun.com,ilucero@henry-norman.com,salinas-gentry.info,Linkedin Outreach,On Hold,Image at that radio north themselves wide.,True,True,carterdaisy@calhoun.com,calhoun.com,True,True,3136719401 ext 7510,salinas-gentry.info,1,100.0,High,,,
562,562,5BAf0bfeE1d597C,Abigail Parker,Martha,Reid,Rogers-Vang,4408328569,7477719358,stran@gonzales-potts.com,hobbssara@blackburn.com,stephenson.com,Google Ads,Closed Lost,List television involve test full recent get couple.,True,True,stran@gonzales-potts.com,gonzales-potts.com,True,True,4408328569,stephenson.com,1,100.0,High,,,
563,563,f309FD0d9b01991,Nina Perez,Carla,Tate,Gibbs-Ortiz,17182920552 ext 48235,5235862429 ext 499,elizabethtapia@glenn.com,utownsend@farrell.biz,shields-roy.com,Website Form,Qualified,Example Democrat produce member think full hospital drop.,True,True,elizabethtapia@glenn.com,glenn.com,False,True,17182920552 ext 48235,shields-roy.com,1,100.0,Medium,,,
564,564,CeD0503344Cc0ce,Abigail Terrell,Stefanie,Roberson,Brooks PLC,0017983388208,0016664747937 ext 32967,clinton24@cochran.com,jpeterson@stevenson-beltran.com,hull.net,Social Media,Negotiation,Family behavior Democrat stand.,True,True,clinton24@cochran.com,cochran.com,True,False,0017983388208,hull.net,1,100.0,High,,,
565,565,4A1ABb2CEd777CC,Nicole Fields,Destiny,Wood,Cole Ltd,3468405774,18805853979,kyle01@short.com,gabriel35@lara.com,randolph.biz,Cold Call,Re-Engagement,Power mention describe low perform sell.,True,True,kyle01@short.com,short.com,True,True,3468405774,randolph.biz,1,100.0,High,,,
566,566,73F52EBAd0efC7d,Chad Lutz,Ralph,Mayo,Olson-Brown,0017945586404,9685754446,mandy20@decker.com,savannahdodson@hendrix.com,cowan.com,Cold Email,Contacted,Ok idea group story she third anyone.,True,True,mandy20@decker.com,decker.com,True,True,0017945586404,cowan.com,1,100.0,High,,,
567,567,8Cb0cA9D241d41c,Katherine Swanson,Henry,Swanson,"Day, Owen and Francis",12233251164,18736951033 ext 802,skaufman@howe-sharp.biz,danahouse@villegas.com,williams-weaver.com,Cold Call,Closed Lost,Treat top event where become.,True,True,skaufman@howe-sharp.biz,howe-sharp.biz,True,True,12233251164,williams-weaver.com,1,100.0,High,,,
568,568,B7AdcF64dD7aCBA,Mia Herring,Tara,Taylor,Hurst-Coffey,5812302725 ext 928,5222707742 ext 4979,nealgabriela@bautista-wilson.com,blakejessica@meadows-underwood.com,dougherty.com,Content Marketing,Closed Won,Under power call eye voice nature individual.,True,True,nealgabriela@bautista-wilson.com,bautista-wilson.com,True,True,5812302725 ext 928,dougherty.com,1,100.0,High,,,
569,569,1E2aB4939BBCFe7,Cristina Daugherty,Danny,Combs,Bentley Inc,8474644972,8622314067 ext 446,ebecker@greer.com,khanbrendan@guerrero.com,joseph.com,Linkedin Outreach,New Lead,Film politics since able view.,True,True,ebecker@greer.com,greer.com,True,True,8474644972,joseph.com,1,100.0,High,,,
570,570,1BbaFC08dAC5cCC,Ruben Maxwell,Rickey,Grimes,Bailey and Sons,2708529415,18316358148 ext 084,hawkinsmegan@baird-franco.info,kristi01@santiago-villegas.net,leach.org,Linkedin Outreach,Disqualified,Only cause pull party education whatever among.,True,True,hawkinsmegan@baird-franco.info,baird-franco.info,True,True,2708529415,leach.org,1,100.0,High,,,
571,571,CFadAe7a870030C,Cody Mann,Carrie,Sellers,"Ellis, Simpson and Terry",2329539338,3356425436 ext 7150,katie50@sandoval.biz,john47@burnett.com,evans-reid.com,Networking Event,New Lead,Hour store generation back.,True,True,katie50@sandoval.biz,sandoval.biz,True,True,2329539338,evans-reid.com,1,100.0,High,,,
572,572,f05464A1D1C9afA,Chad Duffy,Diane,Chan,Klein Ltd,7157727246 ext 3538,4073123423,patricia12@may-ibarra.com,evanellis@gonzalez.net,mccarthy.info,Retargeting Ads,Proposal Sent,Interview anything crime find line.,True,True,patricia12@may-ibarra.com,may-ibarra.com,True,True,7157727246 ext 3538,mccarthy.info,1,100.0,High,,,
573,573,45BCEf4f0bBE0E6,Nancy Keith,Harold,Hodge,Parker LLC,6734970908,7804175472 ext 69504,miguel61@lozano.com,laurenhurst@bolton-parsons.com,morgan.org,Google Ads,Contacted,Room forget power green truth fine special.,True,True,miguel61@lozano.com,lozano.com,True,True,6734970908,morgan.org,1,100.0,High,,,
574,574,D94Bf20aC16Ac84,Regina Banks,Tracie,Choi,Reed-Mooney,15822352688 ext 38069,0013855212830 ext 8158,debbiemiles@hammond-carroll.info,donna87@holder.com,zhang-vega.org,Chatbot,Proposal Sent,Claim guy pattern too.,True,True,debbiemiles@hammond-carroll.info,hammond-carroll.info,False,False,15822352688 ext 38069,zhang-vega.org,1,100.0,Medium,,,
575,575,d5F7feDc5FEE364,Belinda Baxter,Bernard,Crawford,Davis Ltd,14659342592 ext 867,2357315435 ext 00116,alisha98@burgess-gentry.org,carlymora@braun-reid.com,avila-armstrong.com,Website Form,Closed Lost,Area a stock save boy win almost.,True,True,alisha98@burgess-gentry.org,burgess-gentry.org,True,True,14659342592 ext 867,avila-armstrong.com,1,100.0,High,,,
576,576,fC4C2f9D8C0DD1A,Blake Mosley,Jake,Gallegos,Dalton Inc,16739514256,7559460647 ext 477,crawforddarlene@cox.com,brandi99@young.com,odom.biz,Retargeting Ads,Negotiation,Growth as feeling day half.,True,True,crawforddarlene@cox.com,cox.com,True,True,16739514256,odom.biz,1,100.0,High,,,
577,577,8DfDb8eec9DC3a9,Mandy Weber,Carrie,Hanna,Dawson-Sanchez,9819855684,0012126514784,wileybradley@beard.com,billowens@gentry.com,mcintosh-elliott.com,Webinars,Proposal Sent,Successful return professional fight.,True,True,wileybradley@beard.com,beard.com,True,True,9819855684,mcintosh-elliott.com,1,100.0,High,,,
578,578,e36dB2c14Ea5ffc,Luis Arellano,Norman,Edwards,Kent Inc,9249176313,0019317486347 ext 240,ian63@bowman.com,colleenmcmahon@horn-fisher.com,houston.com,Direct Traffic,Disqualified,There human perform southern rest ten.,True,True,ian63@bowman.com,bowman.com,True,False,9249176313,houston.com,1,100.0,High,,,
579,579,0b96F2E6FdE9d4d,Elaine Foster,Robert,Mccormick,"Flowers, Manning and Snyder",4677680386,8945066901 ext 3447,audreyestrada@dudley.com,zbruce@roy-gamble.org,bautista.info,Facebook Ads,Closed Lost,Adult across something bring woman center.,True,True,audreyestrada@dudley.com,dudley.com,True,True,4677680386,bautista.info,1,100.0,High,,,
580,580,184054074e5C8A6,Howard Morrison,Kathryn,Carson,"Gibbs, Collins and Patterson",13198133969 ext 0541,0019815439704,sheabianca@lam-walker.com,fvelasquez@thompson.com,huber-barber.com,Facebook Ads,Qualified,Seven data north response popular drop two south.,True,True,sheabianca@lam-walker.com,lam-walker.com,True,True,13198133969 ext 0541,huber-barber.com,1,100.0,High,,,
581,581,Bcf0BFa6002cc9f,Zachary Barry,Kristina,Drake,Burke PLC,9723675386,9956265428 ext 3510,savannah85@leon.net,heather73@owen.com,watkins.biz,Retargeting Ads,Qualified,Stay those nearly carry medical often military.,True,True,savannah85@leon.net,leon.net,True,True,9723675386,watkins.biz,1,100.0,High,,,
582,582,7f34cBeaDbBD24d,Thomas Case,Adriana,Hickman,"Cooke, Beltran and Joseph",3033788225 ext 32768,8697681803,holly63@key.com,gentryerika@rivas.com,clay-simpson.biz,Retargeting Ads,On Hold,Line there me onto.,True,True,holly63@key.com,key.com,True,True,3033788225 ext 32768,clay-simpson.biz,1,100.0,High,,,
583,583,D45CDa5038AAc25,Michelle Rosales,Cheryl,Lewis,Sparks-Greer,8819742723,13825164828 ext 9571,kbass@molina-rojas.com,karimiddleton@mcpherson.com,garza-chaney.com,Trade Show,Contacted,Sure represent special science however.,True,True,kbass@molina-rojas.com,molina-rojas.com,True,True,8819742723,garza-chaney.com,1,100.0,High,,,
584,584,Ef8783fADDbD18B,Max Cuevas,Eduardo,Russell,"Richard, Zuniga and Decker",4398384532,12322923861 ext 36946,bnash@oconnell-yang.info,jesusodonnell@herman.com,fischer.biz,Facebook Ads,Proposal Sent,Staff minute doctor color better.,True,True,bnash@oconnell-yang.info,oconnell-yang.info,True,False,4398384532,fischer.biz,1,100.0,High,,,
585,585,Fe34f96a5F3b503,Morgan Lindsey,Laurie,Everett,"Stevenson, Raymond and Le",0018589373617 ext 716,0013182574551 ext 62277,hoffmanlydia@giles-jackson.org,tonya08@andrade-merritt.info,barber.com,Website Form,Disqualified,Be must return himself generation.,True,True,hoffmanlydia@giles-jackson.org,giles-jackson.org,False,False,0018589373617 ext 716,barber.com,1,100.0,Medium,,,
586,586,9ae9FC3a87Abe03,Paula Ponce,Lee,Ford,Meyer-Lane,0014358174260 ext 253,4438970151 ext 1204,oscarmiller@bennett-vazquez.com,david66@bautista.net,joseph.com,Organic Search (Seo),On Hold,Song suggest exactly much somebody character head.,True,True,oscarmiller@bennett-vazquez.com,bennett-vazquez.com,False,True,0014358174260 ext 253,joseph.com,1,100.0,Medium,,,
587,587,eDDCEEbf6192E2E,Nancy Welch,Heidi,Avila,Knapp-Baldwin,9825633677 ext 212,9239161509,connie06@hanna.com,sophia89@rice.com,maldonado-frye.info,Cold Email,Closed Lost,Floor record idea foot.,True,True,connie06@hanna.com,hanna.com,True,True,9825633677 ext 212,maldonado-frye.info,1,100.0,High,,,
588,588,dc20b0AeBcC6f2a,Gabriela Carroll,Mike,Richard,York-Diaz,9608852231 ext 0919,6187560567 ext 514,hannahnolan@montes.com,mccarthyalfred@zavala.net,hendricks.com,Networking Event,Disqualified,Today rise break western leave.,True,True,hannahnolan@montes.com,montes.com,True,True,9608852231 ext 0919,hendricks.com,1,100.0,High,,,
589,589,A25abFD1903ACBD,Madison Reynolds,Maxwell,Stokes,"Rose, Lamb and Pratt",8073492589 ext 57274,9704858444,dalton71@barrett.org,carla26@hooper-benjamin.info,kerr.com,Other,Closed Won,Health decision thought than science sometimes common.,True,True,dalton71@barrett.org,barrett.org,True,True,8073492589 ext 57274,kerr.com,1,100.0,High,,,
590,590,FAb33E0609bc7d0,Traci Marks,Dalton,Chang,Walsh-Thornton,8989749197,16826588054,donald47@buchanan.net,lucasdennis@dennis-everett.net,schneider.info,Retargeting Ads,Re-Engagement,Occur nice support.,True,True,donald47@buchanan.net,buchanan.net,True,True,8989749197,schneider.info,1,100.0,High,,,
591,591,CaEA32e699E77De,Cameron Mooney,Jackie,Good,Garza-Burgess,6122411071,7243508779,gavin94@schaefer.net,maureenhouse@monroe.org,martin.com,Linkedin Outreach,Proposal Sent,We start remember effect remain determine.,True,True,gavin94@schaefer.net,schaefer.net,True,True,6122411071,martin.com,1,100.0,High,,,
592,592,9Bfe9C91Fac15d4,Meagan Leach,Connor,Hopkins,Ferrell LLC,13527175788 ext 044,2423336889 ext 335,krista97@huynh.com,ypowers@bartlett-nelson.com,solomon.org,Cold Email,Disqualified,Might ten try possible fish.,True,True,krista97@huynh.com,huynh.com,True,True,13527175788 ext 044,solomon.org,1,100.0,High,,,
593,593,FaEaaAFeC70bEFd,Ana Gallagher,Isaiah,Strong,Dodson Ltd,0013794954839,8896712567 ext 53796,adam51@good-anderson.com,mcintyrebill@douglas.com,parsons.com,Social Media,Qualified,Up while traditional action manage maintain.,True,True,adam51@good-anderson.com,good-anderson.com,True,True,0013794954839,parsons.com,1,100.0,High,,,
594,594,0bbEA39d3095DC1,Jackie Turner,Kaitlyn,Hancock,Young Group,7487362181,18718266220 ext 6867,cartertammy@zavala-morse.com,wyattbuck@larsen-shepard.com,hester.com,Networking Event,Closed Lost,Science card involve run expert.,True,True,cartertammy@zavala-morse.com,zavala-morse.com,True,True,7487362181,hester.com,1,100.0,High,,,
595,595,ffe2Ef3eD5a3BE7,Miguel Everett,Jasmine,Middleton,Sharp Inc,5388971155 ext 7522,2439037055,hoodterri@chang.com,atyler@combs-christensen.com,lester.com,Chatbot,Disqualified,Third similar anyone.,True,True,hoodterri@chang.com,chang.com,True,True,5388971155 ext 7522,lester.com,1,100.0,High,,,
596,596,c73db4ddaCb8ed0,Nicholas Mcgee,Gail,Turner,"Singleton, Rice and Hancock",3192012680 ext 8860,3959230436 ext 02362,shelia27@bradford-walters.net,nquinn@best.biz,wagner-bush.com,Cold Email,Closed Lost,Hour hotel create money activity.,True,True,shelia27@bradford-walters.net,bradford-walters.net,True,True,3192012680 ext 8860,wagner-bush.com,1,100.0,High,,,
597,597,77BDae1AdAaCBe6,Jacob Hays,Luke,Norris,"Zuniga, Ellis and Lozano",13527153897 ext 920,6463138793,jesusnielsen@krause-zamora.com,juanmays@miles-stout.com,sandoval.org,Google Ads,Negotiation,Key cut cell sister group always forward.,True,True,jesusnielsen@krause-zamora.com,krause-zamora.com,True,True,13527153897 ext 920,sandoval.org,1,100.0,High,,,
598,598,acC5b19a8CEFBeA,Ariel Becker,Darren,Vega,Andersen PLC,4383533386 ext 7564,7962472883,qlee@burgess.com,fuentesdarlene@stafford.com,branch.com,Organic Search (Seo),New Lead,Get whether realize perhaps ask born.,True,True,qlee@burgess.com,burgess.com,True,True,4383533386 ext 7564,branch.com,1,100.0,High,,,
599,599,2cA79efeDF24aeC,Makayla Garner,Christina,Allison,"Harrington, Cabrera and Knapp",6236522839 ext 13613,3474581981,caitlyn22@raymond.biz,ytanner@graham.com,montes-pennington.com,Podcast,Contacted,Marriage also manage figure away long if build.,True,True,caitlyn22@raymond.biz,raymond.biz,True,True,6236522839 ext 13613,montes-pennington.com,1,100.0,High,,,
600,600,cf46DD5b71f4C67,Dustin Ali,Alfred,Juarez,Melton-Mcintosh,4338003741,9812141716 ext 50045,jhenry@zamora.biz,qnash@yu.com,adkins.com,Chatbot,Closed Won,How third customer represent quality mind boy seven.,True,True,jhenry@zamora.biz,zamora.biz,True,True,4338003741,adkins.com,1,100.0,High,,,
601,601,70eBC34Dd9f1403,Marilyn Townsend,Sandra,Carter,Dorsey-Henson,0012685128543 ext 443,4425201858 ext 668,gjackson@miller-wheeler.biz,johnsonjoel@harding-strickland.biz,blackwell.com,Cold Email,Re-Engagement,Participant water from almost matter take surface.,True,True,gjackson@miller-wheeler.biz,miller-wheeler.biz,False,True,0012685128543 ext 443,blackwell.com,1,100.0,Medium,,,
602,602,EEA8c04f50b14CE,Holly James,Donald,Johnston,"Singleton, Butler and Garrett",0013688571798 ext 29412,0017986593032 ext 59774,randallautumn@sherman.info,davisroberto@myers-moon.info,sparks.com,Purchased List,New Lead,Radio address product personal lose pass training.,True,True,randallautumn@sherman.info,sherman.info,False,False,0013688571798 ext 29412,sparks.com,1,100.0,Medium,,,
603,603,d7c7Af5940A98b8,Tony Poole,Erin,Burns,Terrell-Travis,14484404993,15972337321 ext 707,raysavannah@bauer.com,lonnieherring@conway.com,bailey.com,Podcast,Closed Won,Know hard senior project.,True,True,raysavannah@bauer.com,bauer.com,True,True,14484404993,bailey.com,1,100.0,High,,,
604,604,b96bDF5DF5FaD3A,Rebekah Woodard,Brian,Rollins,Whitehead-Mckenzie,0013833499602 ext 1524,5985045602 ext 48098,tristancain@huff-coffey.com,cassie10@wise.com,singleton.biz,Webinars,Qualified,Conference product he everyone strong local.,True,True,tristancain@huff-coffey.com,huff-coffey.com,False,True,0013833499602 ext 1524,singleton.biz,1,100.0,Medium,,,
605,605,0d34EcaAF884F43,Sonia Deleon,Tammy,Li,Sutton-Clements,8249968521 ext 0788,15634586904 ext 718,alexanderdestiny@peterson.net,macdonaldcurtis@stafford.org,petersen.info,Linkedin Outreach,Contacted,Develop test place relate detail animal.,True,True,alexanderdestiny@peterson.net,peterson.net,True,True,8249968521 ext 0788,petersen.info,1,100.0,High,,,
606,606,090463Ee34A5CCf,Selena Charles,Janice,Terrell,"Wilkins, Navarro and Proctor",0014227485589 ext 282,6235906381,richsusan@shields.net,brianakeith@clark.com,snow.biz,Other,Disqualified,Figure administration low court much.,True,True,richsusan@shields.net,shields.net,False,True,0014227485589 ext 282,snow.biz,1,100.0,Medium,,,
607,607,B7fDAB75CF0B2F9,Sabrina Burton,Victor,Clark,"English, Herrera and Hancock",13233858991 ext 5670,9365746896 ext 5123,penny59@morris.biz,destinyodom@watts.net,todd.com,Google Ads,Disqualified,Pressure place why onto.,True,True,penny59@morris.biz,morris.biz,True,True,13233858991 ext 5670,todd.com,1,100.0,High,,,
608,608,3f2BBFD822aacfA,Mario Burch,Virginia,Adams,"Ewing, Collier and Shepherd",17864851994 ext 66114,18427915926 ext 64367,jhammond@cowan-strickland.com,janicesanford@bray.com,beck-stevenson.info,Content Marketing,Contacted,World few goal leader letter describe early.,True,True,jhammond@cowan-strickland.com,cowan-strickland.com,False,False,17864851994 ext 66114,beck-stevenson.info,1,100.0,Medium,,,
609,609,6C333D15be3EFBe,Nathan Bonilla,Jody,Pace,"Kirby, Hale and Haynes",8665499423,8216284471,francisodom@cooper-klein.com,cantujose@nguyen.com,franklin.com,Podcast,Contacted,Rather machine for blood only check.,True,True,francisodom@cooper-klein.com,cooper-klein.com,True,True,8665499423,franklin.com,1,100.0,High,,,
610,610,6dEfDBB232aE5f3,Rebekah Valencia,Paul,Rosales,"Mccann, Clay and Mclaughlin",3216111225 ext 8144,4525697614,douglas71@avery.com,beltrankrista@kim.com,howard.info,Website Form,New Lead,Common provide current cell.,True,True,douglas71@avery.com,avery.com,True,True,3216111225 ext 8144,howard.info,1,100.0,High,,,
611,611,0EEaaBCd1B1E616,Audrey Clay,Mandy,Brooks,Flowers LLC,2209513836,8258606622,mjefferson@mckee.com,houstonangie@lozano.info,barnes.com,Podcast,Contacted,Play act them cause build mean later.,True,True,mjefferson@mckee.com,mckee.com,True,True,2209513836,barnes.com,1,100.0,High,,,
612,612,b1E3bf6991c7411,Brady Little,Sherry,Pope,"Collins, Tate and Thornton",7079718979,2143303618 ext 5762,omiles@ho-chaney.com,tim77@arellano.com,acosta-poole.com,Partner Program,Closed Won,Radio have small country money finally sport nearly.,True,True,omiles@ho-chaney.com,ho-chaney.com,True,True,7079718979,acosta-poole.com,1,100.0,High,,,
613,613,D01ff11CA25dfC7,Krista House,Dominic,Walton,Grant-Franklin,7132604145 ext 2682,6765334780,jeannebrady@logan-fleming.com,darin98@mcpherson.info,petersen.org,Content Marketing,New Lead,Truth cause reduce candidate decide whom discover.,True,True,jeannebrady@logan-fleming.com,logan-fleming.com,True,True,7132604145 ext 2682,petersen.org,1,100.0,High,,,
614,614,bBfC2b17F5D1afE,Vernon Erickson,Maureen,Morgan,Bernard Ltd,4636793903 ext 2733,6136798735 ext 895,nsparks@archer-raymond.com,gvalencia@dunn-hardin.com,gonzales-gillespie.org,Networking Event,New Lead,Current drive song sport key tree.,True,True,nsparks@archer-raymond.com,archer-raymond.com,True,True,4636793903 ext 2733,gonzales-gillespie.org,1,100.0,High,,,
615,615,77A7AA41CffC516,Shane Nielsen,Jill,Pena,Newton Ltd,6217584963 ext 016,4178348220 ext 406,dlindsey@frederick-gregory.com,juliajones@flowers.com,church.info,Partner Program,Closed Lost,Modern live also themselves be.,True,True,dlindsey@frederick-gregory.com,frederick-gregory.com,True,True,6217584963 ext 016,church.info,1,100.0,High,,,
616,616,cdd5Ed389bAF7A5,Shari Beltran,Frances,Tucker,Wright Inc,19993154239,0017079697387 ext 28480,lancewilkinson@mathews.net,marvin17@bryant-ayala.com,mccarthy.com,Trade Show,On Hold,Yet carry wear get social.,True,True,lancewilkinson@mathews.net,mathews.net,True,False,19993154239,mccarthy.com,1,100.0,High,,,
617,617,a1109c9685E8b1A,Kaitlyn Sexton,Jacob,Burton,Herrera-Rodgers,5516763473,0012147871313 ext 6645,gfernandez@le-small.net,usheppard@webster.com,good.info,Facebook Ads,Re-Engagement,Goal once once coach especially guess week.,True,True,gfernandez@le-small.net,le-small.net,True,False,5516763473,good.info,1,100.0,High,,,
618,618,E5de17f5dDebFf4,Faith Newman,Edward,Ponce,Wilson and Sons,9118046659,0016362661825 ext 66475,phyllisstevens@shah.com,sshea@waller.com,blanchard.com,Retargeting Ads,Re-Engagement,Affect defense join agreement education until turn.,True,True,phyllisstevens@shah.com,shah.com,True,False,9118046659,blanchard.com,1,100.0,High,,,
619,619,12f039d0bb4643B,Joanna Doyle,Sonia,Drake,Larson-Gould,12217154636 ext 55001,5338819137 ext 100,lauren22@boyer.org,dennisbooker@griffith-haas.info,zavala.com,Facebook Ads,New Lead,Table none structure parent those north.,True,True,lauren22@boyer.org,boyer.org,False,True,12217154636 ext 55001,zavala.com,1,100.0,Medium,,,
620,620,3Fd2aBBBf9b0bE0,Frederick Haney,Tracey,Brewer,Matthews-Chandler,5728773880,6278895685 ext 990,hailey34@matthews.com,jackson58@michael.com,goodman-winters.info,Cold Email,Closed Won,Protect agreement sing drug professor war someone expert.,True,True,hailey34@matthews.com,matthews.com,True,True,5728773880,goodman-winters.info,1,100.0,High,,,
621,621,49Bb21FFF3ffAf4,Katherine Dunn,Nathaniel,Travis,"Horne, Taylor and Crane",5297111363,3384398340,mike11@wilson-vang.com,mariopayne@krause-malone.com,conner.biz,Organic Search (Seo),Disqualified,Side natural quite help unit government.,True,True,mike11@wilson-vang.com,wilson-vang.com,True,True,5297111363,conner.biz,1,100.0,High,,,
622,622,2F8651AFcf5a67e,Gavin Kirk,Rose,Frazier,"Black, Mccullough and Richardson",0015375716008,3285007454,ophillips@levy.biz,clayselena@haas-mejia.com,jacobson.info,Google Ads,Closed Won,Take economy might friend.,True,True,ophillips@levy.biz,levy.biz,True,True,0015375716008,jacobson.info,1,100.0,High,,,
623,623,eD8171AE8d8C7a6,Makayla Weaver,Jocelyn,Evans,Cooper Ltd,6675350522 ext 7232,3482643923 ext 18803,catherinechambers@gonzalez.com,tstewart@wade.org,chan.com,Networking Event,Closed Won,He enter talk movie garden computer.,True,True,catherinechambers@gonzalez.com,gonzalez.com,True,True,6675350522 ext 7232,chan.com,1,100.0,High,,,
624,624,d4Ef1fCddf897E4,Ivan James,Isabel,Walker,Dalton-Browning,6889013903 ext 847,8014094015,craigluna@dunn.com,haneyrobyn@stokes-blackburn.com,farley-cordova.net,Content Marketing,Closed Won,Approach become would administration well smile top draw.,True,True,craigluna@dunn.com,dunn.com,True,True,6889013903 ext 847,farley-cordova.net,1,100.0,High,,,
625,625,d1cCDf0b54D0AEc,Virginia Lindsey,Lucas,Hubbard,"Murphy, Barton and Murray",5933968755,8167325191 ext 830,gfuentes@murray-ochoa.com,jacquelinehendricks@mcgrath.org,ibarra.biz,Partner Program,Disqualified,Almost month enter necessary window share.,True,True,gfuentes@murray-ochoa.com,murray-ochoa.com,True,True,5933968755,ibarra.biz,1,100.0,High,,,
626,626,C9917efCD352Cf4,Shaun Yu,Jamie,Huber,"Reynolds, Terry and Bates",6154323760,5803879451 ext 8910,danielslori@hester-crane.net,bethdowns@porter.biz,nunez.com,Trade Show,Proposal Sent,Leader include past their maintain record imagine.,True,True,danielslori@hester-crane.net,hester-crane.net,True,True,6154323760,nunez.com,1,100.0,High,,,
627,627,d6F8ECea2C5cdfA,Laurie Valdez,Latoya,Burgess,Martinez-Juarez,0014204936943 ext 653,9485453564,dayivan@welch.info,vwood@gamble.com,melton-hood.net,Google Ads,Negotiation,Use husband new development eat.,True,True,dayivan@welch.info,welch.info,False,True,0014204936943 ext 653,melton-hood.net,1,100.0,Medium,,,
628,628,3ca0627D056bd95,Patricia Carter,Whitney,Deleon,"Bush, Rocha and Miranda",5746377244,0016102985410 ext 20178,hector44@cantu-murray.com,juan82@gordon.net,tate.com,Direct Traffic,Proposal Sent,Its it top few eat yard.,True,True,hector44@cantu-murray.com,cantu-murray.com,True,False,5746377244,tate.com,1,100.0,High,,,
629,629,54A577b361e1E31,Sonya Avila,Brad,Stokes,Whitehead Ltd,4388635386 ext 3263,6798202300 ext 3391,gallaghergrace@stuart.net,dudleybreanna@ali.com,huerta.com,Partner Program,Disqualified,Operation many radio it.,True,True,gallaghergrace@stuart.net,stuart.net,True,True,4388635386 ext 3263,huerta.com,1,100.0,High,,,
630,630,cEaB93df79A4a32,Rebekah Nichols,Terrance,Franco,"Hubbard, Blake and Dillon",16515252073,3467666036,wmcgee@colon.net,urangel@barnett.com,bishop.org,Chatbot,Contacted,Issue change civil onto another piece choice.,True,True,wmcgee@colon.net,colon.net,True,True,16515252073,bishop.org,1,100.0,High,,,
631,631,c5cf2B2adbbbc6B,Melissa Blackburn,Savannah,French,Hayes Ltd,17823577296,9697043095 ext 8295,umercado@hicks-pollard.com,kristi37@gay.com,keller.com,Networking Event,Qualified,Current population character.,True,True,umercado@hicks-pollard.com,hicks-pollard.com,True,True,17823577296,keller.com,1,100.0,High,,,
632,632,815Fa261A32EA1C,Shelia Roberson,Angela,Tapia,"Foster, Hooper and Green",19284400361,9099191802 ext 249,darrylewing@atkins.com,tasha88@branch.com,gibson.com,Content Marketing,Closed Lost,During either wish pull difficult sea myself.,True,True,darrylewing@atkins.com,atkins.com,True,True,19284400361,gibson.com,1,100.0,High,,,
633,633,E802B17A24E36bc,Hannah Campos,Reginald,Wright,Cherry-Jacobson,5484556317 ext 9239,13408456134 ext 39169,darius53@richards.com,ricardogrant@scott.net,houston.com,Partner Program,Qualified,Before form determine.,True,True,darius53@richards.com,richards.com,True,False,5484556317 ext 9239,houston.com,1,100.0,High,,,
634,634,9a6cDbb69BfEedd,George Pope,Cathy,Carson,Gilbert Group,18886355422 ext 9282,6529254077 ext 4393,shellybolton@pena.com,claytonrenee@price-snyder.net,herring-cole.com,Referral,Closed Lost,Election story half voice his.,True,True,shellybolton@pena.com,pena.com,True,True,18886355422 ext 9282,herring-cole.com,1,100.0,High,,,
635,635,bc64e8FCe56d7bE,Charles Wise,Renee,Castaneda,"Johnston, Sanchez and Schmidt",0013807001195 ext 41741,19339565893 ext 86084,tanyaraymond@mccarthy-curtis.biz,stokesevan@dorsey-grant.com,villanueva.info,Webinars,Negotiation,Artist live reflect wrong standard listen property scientist.,True,True,tanyaraymond@mccarthy-curtis.biz,mccarthy-curtis.biz,False,False,0013807001195 ext 41741,villanueva.info,1,100.0,Medium,,,
636,636,46AeFcc5Ee6c5EA,Marcia Skinner,Caroline,Stout,Ho-Day,7482792795 ext 88311,5642559306 ext 34380,tammy78@zimmerman.com,fwyatt@marquez.biz,dodson-hurley.net,Facebook Ads,New Lead,Development interest stock might not including high.,True,True,tammy78@zimmerman.com,zimmerman.com,True,True,7482792795 ext 88311,dodson-hurley.net,1,100.0,High,,,
637,637,d8068eEafeE9fB4,Leonard Clayton,Johnathan,Meadows,"Davis, Mcdaniel and Byrd",8826720327,8734830333,geoffreykane@valenzuela-duffy.com,vcortez@fischer.com,nichols.com,Content Marketing,Closed Lost,Mr five mention us always risk image.,True,True,geoffreykane@valenzuela-duffy.com,valenzuela-duffy.com,True,True,8826720327,nichols.com,1,100.0,High,,,
638,638,1afEbA40942775f,Teresa Holloway,Colin,Wallace,Irwin and Sons,0012218699749 ext 00214,5867618506 ext 9605,glenhuerta@rios.com,patricia60@reyes-pitts.org,butler-wall.com,Trade Show,Qualified,Start laugh movement right exactly indeed put movement.,True,True,glenhuerta@rios.com,rios.com,False,True,0012218699749 ext 00214,butler-wall.com,1,100.0,Medium,,,
639,639,5edEA03dad444E5,Casey Stevens,Darrell,Rice,Freeman Inc,19353908101 ext 98078,16917621880 ext 96146,xmalone@gray-combs.net,padillaellen@tyler.com,love-andrews.net,Cold Call,Closed Won,Mind father foreign approach structure character.,True,True,xmalone@gray-combs.net,gray-combs.net,False,False,19353908101 ext 98078,love-andrews.net,1,100.0,Medium,,,
640,640,BaCcfec5919fDC8,Casey Goodman,Isaiah,Hinton,"Cummings, Holloway and Shea",6935133303 ext 062,3245861420 ext 50795,mburgess@schmidt.biz,laurennichols@welch-horton.com,stokes-ali.com,Purchased List,Proposal Sent,Become well us wind speak themselves.,True,True,mburgess@schmidt.biz,schmidt.biz,True,True,6935133303 ext 062,stokes-ali.com,1,100.0,High,,,
641,641,Eb2Ce677aa089fB,Elaine Branch,Timothy,Duarte,Aguirre Group,6078419324,0012205018227,hunterbonilla@macdonald.com,jeff18@ryan.com,dominguez.com,Partner Program,Proposal Sent,Spring whom movement successful answer community house.,True,True,hunterbonilla@macdonald.com,macdonald.com,True,True,6078419324,dominguez.com,1,100.0,High,,,
642,642,ACDDbc52d26Aa66,Tabitha Vargas,Bryan,Blackwell,"Levine, Pearson and Acevedo",0016395734443 ext 96090,2706499897,gordon80@lutz-franklin.com,marvinbass@bridges.org,brady.net,Website Form,Contacted,Level sound candidate.,True,True,gordon80@lutz-franklin.com,lutz-franklin.com,False,True,0016395734443 ext 96090,brady.net,1,100.0,Medium,,,
643,643,Cad860B1f47FdA1,Jeanette Chang,Lonnie,Gilmore,"Solis, Campbell and Berger",5217476711 ext 409,19783734615 ext 27963,anthonyrose@booth-robles.com,sotodarlene@barajas-norton.com,bonilla.com,Retargeting Ads,New Lead,Radio control provide wide but local bill.,True,True,anthonyrose@booth-robles.com,booth-robles.com,True,False,5217476711 ext 409,bonilla.com,1,100.0,High,,,
644,644,96BE8cfe60F82bF,Michele Weeks,Isabel,Lyons,"Bray, Perkins and Tate",7643905715 ext 7184,18045005693 ext 41952,mcameron@finley.com,fernando97@hickman.com,harper.com,Retargeting Ads,Disqualified,Parent air win machine question.,True,True,mcameron@finley.com,finley.com,True,False,7643905715 ext 7184,harper.com,1,100.0,High,,,
645,645,CED2A01Ee2a69ED,Jodi Wolf,Krista,Harvey,Ware-Stephenson,6287472396 ext 67130,8578869635 ext 3106,ihuber@best.net,cruzsylvia@small-acosta.com,austin.com,Other,Proposal Sent,Share decade television manager.,True,True,ihuber@best.net,best.net,True,True,6287472396 ext 67130,austin.com,1,100.0,High,,,
646,646,C024C8df93D3D1D,Nichole Owens,Tanner,Guerrero,Velasquez and Sons,0018695529492,7243677492 ext 03030,lunaangel@klein-maxwell.org,darlene17@fitzgerald.com,petty.com,Retargeting Ads,Proposal Sent,Open house father figure space.,True,True,lunaangel@klein-maxwell.org,klein-maxwell.org,True,True,0018695529492,petty.com,1,100.0,High,,,
647,647,3B5EaCC9F2b5eB5,Melinda Maxwell,Jacob,Pitts,Wiggins-Ingram,8483601198 ext 22951,0012073559261 ext 95374,taylorsherry@lynch.biz,glara@vance.com,fisher.com,Cold Call,New Lead,Enter sometimes enough travel.,True,True,taylorsherry@lynch.biz,lynch.biz,True,False,8483601198 ext 22951,fisher.com,1,100.0,High,,,
648,648,EB92fceF9Db82CE,Calvin Santos,Cody,Stafford,Trevino-Lowery,4198064554,16436541457 ext 8358,mackenzie95@wise.info,meagan92@myers-chapman.com,hull-wolf.com,Content Marketing,Re-Engagement,Claim sense wall herself ahead those news.,True,True,mackenzie95@wise.info,wise.info,True,True,4198064554,hull-wolf.com,1,100.0,High,,,
649,649,dc9FE62c1E55AA5,Diane Boyle,Jack,Howard,"Bruce, Alvarez and Schneider",0017053610639 ext 4176,3338618039,hwilcox@craig.net,watsoncasey@daniels.com,rodgers.com,Chatbot,Closed Won,Always member region attention although age.,True,True,hwilcox@craig.net,craig.net,False,True,0017053610639 ext 4176,rodgers.com,1,100.0,Medium,,,
650,650,80750F58bE11fdD,Jackson Glass,Alejandro,Chambers,Mclean-Reilly,17234109627,9886210217,warnermonique@guzman-house.com,alisha40@nichols-horne.com,curry.com,Direct Traffic,Negotiation,Hold then nor push main.,True,True,warnermonique@guzman-house.com,guzman-house.com,True,True,17234109627,curry.com,1,100.0,High,,,
651,651,Aca7396a5Ac8574,Logan Sawyer,Julia,Campbell,Haley LLC,14025998245,2476894693,allenjacqueline@howell.info,spencejavier@zavala.com,winters.com,Organic Search (Seo),New Lead,Me key relate response to.,True,True,allenjacqueline@howell.info,howell.info,True,True,14025998245,winters.com,1,100.0,High,,,
652,652,8Aa14DFDc95Db6E,Gerald Lawrence,Karla,Gamble,"Obrien, Browning and Webster",16653370093,6257040620 ext 683,cbradshaw@ashley-kennedy.biz,kylie55@moody.net,harrison.com,Other,Proposal Sent,Organization artist sing contain laugh military who bit.,True,True,cbradshaw@ashley-kennedy.biz,ashley-kennedy.biz,True,True,16653370093,harrison.com,1,100.0,High,,,
653,653,1d5EfCa292aF0Ff,Connor Rogers,Brooke,Green,"Hammond, Vazquez and Clay",0014364026675 ext 703,9605167599,lynnjody@ryan-delgado.biz,huangdrew@buchanan-fuentes.net,lewis.com,Direct Traffic,On Hold,Seat but fly lawyer.,True,True,lynnjody@ryan-delgado.biz,ryan-delgado.biz,False,True,0014364026675 ext 703,lewis.com,1,100.0,Medium,,,
654,654,6E1AD0c76f2bCBd,Wyatt Chapman,Carol,Cordova,"Russell, Davies and Simon",12168167776 ext 98659,0013647298342,cheryl78@townsend.com,duffyrenee@alvarez-orr.org,chavez.org,Podcast,Negotiation,Although should several financial a song pay.,True,True,cheryl78@townsend.com,townsend.com,False,True,12168167776 ext 98659,chavez.org,1,100.0,Medium,,,
655,655,a1F5E58b86C91A4,Sally Harrison,Kenneth,Matthews,Richmond Ltd,5097789973 ext 7174,0016594902352 ext 3447,dgoodwin@cook.org,laurie90@brooks.com,leblanc.com,Direct Traffic,Negotiation,Coach success name structure relationship.,True,True,dgoodwin@cook.org,cook.org,True,False,5097789973 ext 7174,leblanc.com,1,100.0,High,,,
656,656,B636Ce8FbecB55f,Robyn Suarez,Sheri,Pham,Parsons-Livingston,6487740376,3733717716 ext 395,malikmorgan@meyer-mcneil.net,wilkinsgina@johnston.net,blevins-farmer.info,Content Marketing,Contacted,Professional produce range growth outside fire.,True,True,malikmorgan@meyer-mcneil.net,meyer-mcneil.net,True,True,6487740376,blevins-farmer.info,1,100.0,High,,,
657,657,13CC93e0b674AaB,Reginald Tanner,Lynn,Moss,Pruitt Ltd,8344167051,14602517021 ext 954,smacdonald@aguilar.net,gchang@peters.com,holt-vasquez.com,Cold Call,Disqualified,Sign political memory better travel factor pick treatment.,True,True,smacdonald@aguilar.net,aguilar.net,True,True,8344167051,holt-vasquez.com,1,100.0,High,,,
658,658,675E2a5D770cD61,Derek Larsen,John,Lara,Pierce Inc,3752913856,3539533814 ext 7235,jefferylane@wilcox.biz,ifrost@sheppard.com,robinson.com,Linkedin Outreach,Negotiation,Miss set away may imagine gun everything.,True,True,jefferylane@wilcox.biz,wilcox.biz,True,True,3752913856,robinson.com,1,100.0,High,,,
659,659,f1E27F1A031CBab,Bethany Adkins,Eduardo,Stanton,Hebert Ltd,8633090981 ext 4697,6415230448 ext 6563,qbush@holland.com,ifarmer@clay.com,madden-mccormick.com,Purchased List,Qualified,Try stop guess shoulder TV.,True,True,qbush@holland.com,holland.com,True,True,8633090981 ext 4697,madden-mccormick.com,1,100.0,High,,,
660,660,6f78f2d9A4bCA2b,Paula Freeman,Jerome,Rivera,"Lee, Sloan and Huber",9132628232,7184611533 ext 022,brookecook@mcpherson.com,shari64@li-trevino.com,rhodes-blankenship.com,Networking Event,New Lead,Letter production everything include catch job.,True,True,brookecook@mcpherson.com,mcpherson.com,True,True,9132628232,rhodes-blankenship.com,1,100.0,High,,,
661,661,4C1Ba5Ef64D1A8a,Joy Garrison,Teresa,Dunn,"Ponce, Howell and Mcintyre",9848778382 ext 620,5445254273 ext 58164,marissa43@ball.biz,trevor73@whitehead-stokes.com,gonzalez.com,Chatbot,On Hold,Management add clearly race thus give analysis remember.,True,True,marissa43@ball.biz,ball.biz,True,True,9848778382 ext 620,gonzalez.com,1,100.0,High,,,
662,662,EbCf946F9aB46C4,Doris Ali,Patty,Randolph,Beck Inc,2148718977,0014074972941,wrightmax@maynard-allen.com,perry89@sweeney.com,morrison.net,Facebook Ads,Qualified,Vote environmental well which raise save.,True,True,wrightmax@maynard-allen.com,maynard-allen.com,True,True,2148718977,morrison.net,1,100.0,High,,,
663,663,B59abcdaF4617f9,Briana Kelley,Anna,Colon,Hogan Group,7464889408 ext 855,5175134437,vbarker@herring-espinoza.com,estephens@mcmahon.com,whitehead.com,Podcast,On Hold,Marriage six side offer figure.,True,True,vbarker@herring-espinoza.com,herring-espinoza.com,True,True,7464889408 ext 855,whitehead.com,1,100.0,High,,,
664,664,7B52dfC8cea2AbF,Stacie Tran,Gordon,Yoder,Rodgers-Bowman,5506181750,9144394614,bullockkathleen@schultz.biz,gillespiegabriella@kim.info,chase-carrillo.com,Linkedin Outreach,On Hold,Relate particular word.,True,True,bullockkathleen@schultz.biz,schultz.biz,True,True,5506181750,chase-carrillo.com,1,100.0,High,,,
665,665,ad27DCd136dB27e,Renee Hart,Don,Gross,"Schmidt, Elliott and Mcintyre",13632148358 ext 1889,14494732360,abigaildorsey@frazier.com,caitlinpruitt@gay.org,zuniga.info,Podcast,Contacted,Foreign side protect affect water expert.,True,True,abigaildorsey@frazier.com,frazier.com,True,True,13632148358 ext 1889,zuniga.info,1,100.0,High,,,
666,666,CA2C34A52DB3D91,Mallory Hebert,Sara,Ho,"Chang, Miller and Leblanc",0015477765530 ext 05590,15698593714 ext 55654,cantrellclinton@blevins.com,tcamacho@zimmerman.biz,mitchell.com,Trade Show,Proposal Sent,Major whether show night region little.,True,True,cantrellclinton@blevins.com,blevins.com,False,False,0015477765530 ext 05590,mitchell.com,1,100.0,Medium,,,
667,667,F0A0BfAD3D9E9eF,Martin Fox,Hayley,Schmidt,Richardson-Lynn,4315850948,5508572069,murilloalice@jackson.com,jhubbard@bolton.info,henry-berry.com,Linkedin Outreach,Contacted,Indicate her visit can.,True,True,murilloalice@jackson.com,jackson.com,True,True,4315850948,henry-berry.com,1,100.0,High,,,
668,668,48CAFaA1eDeAA24,Neil Mcneil,Herbert,Blevins,Flores-Lane,7009767344 ext 35091,19016227594 ext 13110,jeffery84@atkinson.org,isantana@monroe.biz,hays.com,Webinars,Negotiation,Too letter scene others special sister.,True,True,jeffery84@atkinson.org,atkinson.org,True,False,7009767344 ext 35091,hays.com,1,100.0,High,,,
669,669,91B22F98ce3FFc3,Madeline Woods,Kellie,Maddox,Nguyen-Jenkins,6848160541 ext 753,3478161041 ext 9224,vlarsen@miranda-rodgers.com,ideleon@coleman.net,kirk.info,Linkedin Outreach,Negotiation,Culture require billion never particular.,True,True,vlarsen@miranda-rodgers.com,miranda-rodgers.com,True,True,6848160541 ext 753,kirk.info,1,100.0,High,,,
670,670,a7Bc16CDD81bfBa,Rodney Sexton,Shane,Gilbert,"Cordova, Chang and Snyder",9886764491,0019723528826 ext 1244,gordonkeith@dominguez.com,jaredlang@vega.org,hodges.com,Chatbot,Closed Lost,Water they thousand tree coach even stand for.,True,True,gordonkeith@dominguez.com,dominguez.com,True,False,9886764491,hodges.com,1,100.0,High,,,
671,671,d0FfD6e96100BE2,Bryce Miranda,Diamond,Reyes,Espinoza PLC,7667044695,0018752741949 ext 793,carlyellison@holmes.net,vickiwade@hamilton-ritter.com,rowland-arnold.com,Networking Event,Proposal Sent,Land economic return two.,True,True,carlyellison@holmes.net,holmes.net,True,False,7667044695,rowland-arnold.com,1,100.0,High,,,
672,672,aF2f5Ed7a61EdFE,Keith Duncan,Jo,Ferrell,Grant Group,4426897253,9328709438,edwardsmarco@velasquez.com,jamesbenson@stark-dyer.org,gregory.com,Chatbot,Disqualified,Fact answer end product hundred production situation.,True,True,edwardsmarco@velasquez.com,velasquez.com,True,True,4426897253,gregory.com,1,100.0,High,,,
673,673,caCffac9A0Acd5d,Clayton Farrell,Gerald,Robertson,"Reeves, Hampton and Bird",7534732174 ext 401,8706075680,gmarquez@beard-cole.info,elizabethlindsey@hawkins.com,mcknight-meadows.info,Trade Show,Re-Engagement,Here third fast decide be within kind.,True,True,gmarquez@beard-cole.info,beard-cole.info,True,True,7534732174 ext 401,mcknight-meadows.info,1,100.0,High,,,
674,674,dA3BcE55fc0C702,Donna White,Dale,Forbes,House and Sons,0014765538701 ext 6602,9544607082,evelynspears@hickman.com,mckenzie84@cowan.com,wiley.com,Organic Search (Seo),Re-Engagement,Write response service morning.,True,True,evelynspears@hickman.com,hickman.com,False,True,0014765538701 ext 6602,wiley.com,1,100.0,Medium,,,
675,675,B7682AE0FC60d06,Gordon Ellison,Makayla,Mcdonald,"Dougherty, Richardson and Bass",9007612821,4633173601 ext 16967,kanediane@bautista.com,mckaylindsey@rogers-rowland.net,werner.com,Podcast,Closed Won,Guy four can officer foot.,True,True,kanediane@bautista.com,bautista.com,True,True,9007612821,werner.com,1,100.0,High,,,
676,676,8dA9FC8bb14dEB5,Tristan Melton,Ian,Dorsey,"Lester, Houston and Carrillo",6892966368 ext 7571,9654278737 ext 9588,robertoriggs@sutton.info,robert45@cooke.net,andersen.biz,Retargeting Ads,Closed Lost,Bank break think.,True,True,robertoriggs@sutton.info,sutton.info,True,True,6892966368 ext 7571,andersen.biz,1,100.0,High,,,
677,677,350E31EDB873f83,Mindy Bradshaw,Glen,Davila,Strickland and Sons,4985861656,3275906439 ext 101,isabella83@becker-mccarty.biz,reneehurley@sawyer.org,jennings.org,Other,On Hold,Conference adult lot house nearly student.,True,True,isabella83@becker-mccarty.biz,becker-mccarty.biz,True,True,4985861656,jennings.org,1,100.0,High,,,
678,678,CFD4A19637DDb9A,Allen Hutchinson,Thomas,Krueger,Franklin Group,0016753716299 ext 65070,8552362439 ext 911,vickie39@bennett-blake.info,duncantanner@perry-christian.com,bonilla.com,Cold Email,Re-Engagement,Stay later once bill somebody.,True,True,vickie39@bennett-blake.info,bennett-blake.info,False,True,0016753716299 ext 65070,bonilla.com,1,100.0,Medium,,,
679,679,4246ffc8a250ab5,Kelsey Richard,Darren,Simmons,"Aguilar, Long and Holt",6806812352 ext 653,2156707508 ext 598,frederickharrington@wise.info,kentfreeman@barry.biz,bird-crawford.net,Google Ads,Closed Won,Worry class suddenly face fly play.,True,True,frederickharrington@wise.info,wise.info,True,True,6806812352 ext 653,bird-crawford.net,1,100.0,High,,,
680,680,DF6Bfcf5FfDCFfE,Danny Wiggins,Darius,Trevino,May-Jordan,7957093894,14906097973,hancocksherry@kemp.biz,edixon@nixon.info,macdonald.com,Google Ads,Closed Won,Deal voice cultural indicate kind thank hold.,True,True,hancocksherry@kemp.biz,kemp.biz,True,True,7957093894,macdonald.com,1,100.0,High,,,
681,681,CAfD54A1c55aB82,Victor Klein,Natasha,Travis,Bishop-Zuniga,19435494900 ext 250,6266028258,brittneymcfarland@swanson-frost.biz,erica88@woodard.com,beasley.com,Content Marketing,Re-Engagement,Tax full next nothing character military school.,True,True,brittneymcfarland@swanson-frost.biz,swanson-frost.biz,True,True,19435494900 ext 250,beasley.com,1,100.0,High,,,
682,682,5A1EF5927E35CcD,Jasmine Lyons,Chase,Pineda,"Todd, Dunlap and Mathis",4186931072,3095124189 ext 8093,rebecca28@ware.info,brettsawyer@rivera-curtis.com,frey.com,Website Form,Proposal Sent,Special yes avoid whose.,True,True,rebecca28@ware.info,ware.info,True,True,4186931072,frey.com,1,100.0,High,,,
683,683,ceEB79ddfbaC07b,Kristy Lara,Natasha,Maddox,Moss-Collier,0016387996701 ext 485,3196308749,alex97@davenport-kaiser.com,fgomez@barrera.com,osborne.com,Cold Call,Qualified,Course price including clear quite off end.,True,True,alex97@davenport-kaiser.com,davenport-kaiser.com,False,True,0016387996701 ext 485,osborne.com,1,100.0,Medium,,,
684,684,fdba7EF0f7F6Eb5,Ivan Winters,Crystal,Lee,Reese Group,5183139659,6593284004,jasmine98@avery-williams.com,vernonjohns@archer.info,petty-fowler.com,Cold Call,Qualified,Fact your think safe.,True,True,jasmine98@avery-williams.com,avery-williams.com,True,True,5183139659,petty-fowler.com,1,100.0,High,,,
685,685,f9A7Bba9f9eb5AC,Fred Malone,Nicholas,Krause,Lindsey-Gallegos,8359608436 ext 7434,7722970989 ext 55575,kristine98@bird-daugherty.com,terrellvirginia@herman-bryan.org,blair.com,Referral,Negotiation,Field worry participant.,True,True,kristine98@bird-daugherty.com,bird-daugherty.com,True,True,8359608436 ext 7434,blair.com,1,100.0,High,,,
686,686,6447Df12a7f0a1f,Maxwell Wilkerson,Alex,West,Meza Inc,18783605483 ext 4641,2795179111,vgriffin@larson.com,jordan95@johnston-espinoza.com,neal.org,Content Marketing,Disqualified,Though action civil small then help personal property.,True,True,vgriffin@larson.com,larson.com,True,True,18783605483 ext 4641,neal.org,1,100.0,High,,,
687,687,BED44Cc0EA6b197,Earl Holland,Linda,Griffin,Mcknight-Lloyd,13167260298 ext 39992,0014478566512 ext 0848,cole25@ho.com,reillyjessica@wade.com,odom.com,Organic Search (Seo),Negotiation,We resource any whose.,True,True,cole25@ho.com,ho.com,False,False,13167260298 ext 39992,odom.com,1,100.0,Medium,,,
688,688,d0627C7D3B59eb2,Sherri Little,Tonya,Rivas,"Bell, George and Ryan",6928551018 ext 9165,7887241022 ext 315,leonpearson@peck.com,leslieriddle@levine.com,rich.com,Purchased List,On Hold,Structure like financial military human sell thus.,True,True,leonpearson@peck.com,peck.com,True,True,6928551018 ext 9165,rich.com,1,100.0,High,,,
689,689,C511Fc9E3C57aCc,Pamela Mayer,Gregory,Gates,Smith-Hodges,0017662685570 ext 9238,9542901940 ext 485,vanessagrant@buckley.org,stronggreg@wyatt.biz,barber.net,Direct Traffic,Contacted,Reveal inside back system describe thing.,True,True,vanessagrant@buckley.org,buckley.org,False,True,0017662685570 ext 9238,barber.net,1,100.0,Medium,,,
690,690,A16bbbb6E1Bd6Fd,Tasha Bowen,Mercedes,Ho,Dennis-Shaffer,2826077197 ext 505,2089775542,briggsglenda@thomas.com,gabrielle91@bishop.net,gill.com,Social Media,Disqualified,Enter leader moment candidate.,True,True,briggsglenda@thomas.com,thomas.com,True,True,2826077197 ext 505,gill.com,1,100.0,High,,,
691,691,cce8a1bcDcCFC4c,Martha Trevino,Rebecca,Fowler,Frazier-Sheppard,7382324213,7724578892 ext 832,carrdana@villarreal.com,carol72@goodwin.com,benson-frye.com,Podcast,Re-Engagement,Short go fish goal leg explain control.,True,True,carrdana@villarreal.com,villarreal.com,True,True,7382324213,benson-frye.com,1,100.0,High,,,
692,692,9cd1B0086fdd7Af,Darryl Bentley,Ricky,Greene,Reyes-Abbott,3655893867 ext 85067,0016728566551 ext 4416,parkertara@kidd.com,sbeasley@buck.com,ferrell-west.com,Partner Program,Negotiation,Key laugh south win.,True,True,parkertara@kidd.com,kidd.com,True,False,3655893867 ext 85067,ferrell-west.com,1,100.0,High,,,
693,693,d47489461Db8C32,Beverly Acosta,Johnny,Randolph,Sweeney Ltd,9355231085 ext 8959,6235159709 ext 341,qorr@ford-carrillo.net,robin65@murphy.com,acosta.com,Networking Event,New Lead,After finish help state protect increase brother chance.,True,True,qorr@ford-carrillo.net,ford-carrillo.net,True,True,9355231085 ext 8959,acosta.com,1,100.0,High,,,
694,694,fFC94f55FcfbFBE,Tyrone Kent,Ann,Winters,Lewis-Warner,7075271494,12829320187 ext 736,heathfred@strong-bender.com,omcbride@galloway-dixon.info,mccall-marks.org,Retargeting Ads,Qualified,Next produce series arm through itself likely.,True,True,heathfred@strong-bender.com,strong-bender.com,True,True,7075271494,mccall-marks.org,1,100.0,High,,,
695,695,30EC43a53aEB08a,Kara Blevins,Rickey,Hancock,Perkins-Shannon,8858509722 ext 8051,2008686549,nathan09@snow.com,trocha@carney.com,jensen.biz,Social Media,Closed Lost,Onto represent woman office suddenly foot career.,True,True,nathan09@snow.com,snow.com,True,True,8858509722 ext 8051,jensen.biz,1,100.0,High,,,
696,696,e9f3DB6969f8514,Joyce Wilson,Ellen,Roberts,Parker-Garner,3025394845 ext 02055,7445344464 ext 317,glen12@gross.com,mirandapage@stephenson.com,diaz.com,Trade Show,Re-Engagement,Start part everyone specific five whether at.,True,True,glen12@gross.com,gross.com,True,True,3025394845 ext 02055,diaz.com,1,100.0,High,,,
697,697,adc1Cbede2FAFeA,Perry Rasmussen,Raven,Oliver,Kemp PLC,0018564325366,4357928647,howelljasmine@skinner.info,nancyhayden@wilson.com,stone.net,Linkedin Outreach,Qualified,Garden back however use.,True,True,howelljasmine@skinner.info,skinner.info,True,True,0018564325366,stone.net,1,100.0,High,,,
698,698,cEdb0EfbC5DA54E,Brandi Horton,Derek,Howard,Carpenter Group,4813648163 ext 41531,5956638332 ext 979,leachdesiree@peterson.com,trevorweiss@castaneda.org,salazar-olson.org,Chatbot,Re-Engagement,Until reason treatment pick.,True,True,leachdesiree@peterson.com,peterson.com,True,True,4813648163 ext 41531,salazar-olson.org,1,100.0,High,,,
699,699,64f87bFeB5bebDD,Veronica Bradley,Samantha,Rich,"Hayden, Shah and Mccoy",8645898816,2669949294,heidi75@haley.net,dariuswaters@jordan.biz,murphy.net,Trade Show,On Hold,Many research newspaper at goal cost culture.,True,True,heidi75@haley.net,haley.net,True,True,8645898816,murphy.net,1,100.0,High,,,
700,700,ce22b1a6aaAEFc6,Nicholas Woodard,Shannon,Ayala,Vaughn-Stewart,6026734877,13985983832,gallowaybrandi@hood-matthews.org,cherylnovak@horton-wolf.com,hodge.biz,Trade Show,Proposal Sent,Few skill pass show.,True,True,gallowaybrandi@hood-matthews.org,hood-matthews.org,True,True,6026734877,hodge.biz,1,100.0,High,,,
701,701,D7AB7b088De9C9a,Shaun Merritt,Chad,Arellano,Lynch-Mathews,12795382983 ext 16757,0012269737272 ext 159,higginsjack@walls-singh.net,brendaburgess@todd.com,gilmore.biz,Chatbot,Re-Engagement,Sign adult require third them.,True,True,higginsjack@walls-singh.net,walls-singh.net,False,False,12795382983 ext 16757,gilmore.biz,1,100.0,Medium,,,
702,702,04f8af59C5455b1,Audrey Golden,Dawn,Castillo,Ferrell Inc,2769169330,19937497860,driley@khan-reeves.com,duanesampson@simpson-pittman.org,patton.org,Referral,Re-Engagement,Day partner attention whom authority pretty owner.,True,True,driley@khan-reeves.com,khan-reeves.com,True,True,2769169330,patton.org,1,100.0,High,,,
703,703,9e8a058fb378ded,Margaret Holland,Warren,Frey,Dunlap LLC,5777690033,9366124071 ext 5723,andres64@clements.com,bradfordchelsey@cooley.info,shields-hanna.biz,Purchased List,Closed Won,Course sort cover sea security.,True,True,andres64@clements.com,clements.com,True,True,5777690033,shields-hanna.biz,2,100.0,High,,,
704,704,0c2631cf4C9ee4B,Peggy Tucker,Robert,Gordon,"Fritz, Craig and Combs",4487982629 ext 2863,0012594432903,cristianpeters@fry-stout.com,adriennebautista@howell.org,cruz.com,Partner Program,Closed Lost,Stuff very bar also other.,True,True,cristianpeters@fry-stout.com,fry-stout.com,True,True,4487982629 ext 2863,cruz.com,1,100.0,High,,,
705,705,e97C78fCb2CCb6B,Grant Hawkins,Christine,Hamilton,Spencer-Ross,14812779044 ext 906,9074239259 ext 8633,villegasbriana@shaffer.com,angelicabrock@lucero.com,christian.com,Direct Traffic,Closed Lost,Dinner me protect represent own reason.,True,True,villegasbriana@shaffer.com,shaffer.com,True,True,14812779044 ext 906,christian.com,1,100.0,High,,,
706,706,B71e154EabF1Ab5,Lacey Espinoza,Clifford,Mckinney,Bennett-Cunningham,4724461147 ext 8643,0016234018492 ext 9178,donaldmurphy@sparks-sawyer.com,fritzgabrielle@oconnell-wells.org,rocha.biz,Direct Traffic,Qualified,Up white them how.,True,True,donaldmurphy@sparks-sawyer.com,sparks-sawyer.com,True,False,4724461147 ext 8643,rocha.biz,1,100.0,High,,,
707,707,399d7B6DBBdcBdb,Gabriela Hodge,Hayden,Trujillo,"Duran, Thompson and Burton",5359314087,7715396045,henrymcmahon@hahn.com,howemichaela@best.com,ritter-mueller.net,Chatbot,Contacted,Gun amount training conference identify put from.,True,True,henrymcmahon@hahn.com,hahn.com,True,True,5359314087,ritter-mueller.net,1,100.0,High,,,
708,708,f6B2626f9Db3AC4,Jack Simmons,William,Garza,Singleton Inc,15138837738 ext 35320,5776451792,slowery@rodriguez.biz,greg67@ross.info,kirk.com,Cold Email,Closed Lost,Little instead beautiful north sport will.,True,True,slowery@rodriguez.biz,rodriguez.biz,False,True,15138837738 ext 35320,kirk.com,1,100.0,Medium,,,
709,709,C20f6e0ed987c9A,Chelsea Wang,Clayton,Kline,"Cruz, Rios and Church",0012467523442,2943987833 ext 675,blairalexandra@brennan.org,fletcherjustin@orozco.biz,salas-morse.info,Other,New Lead,Idea form newspaper more evidence act fight could.,True,True,blairalexandra@brennan.org,brennan.org,True,True,0012467523442,salas-morse.info,1,100.0,High,,,
710,710,DEEBfeEaedFFbEc,Jean Jefferson,April,Cantu,Smith-Kramer,4098476785,19716925944,vgates@singh.com,candacehayes@bauer.info,zimmerman.com,Retargeting Ads,Disqualified,Budget adult career sea.,True,True,vgates@singh.com,singh.com,True,True,4098476785,zimmerman.com,1,100.0,High,,,
711,711,Ec0c419A037ED10,Derrick Huffman,Alexander,Morris,"Hendrix, Jefferson and Gaines",5285720097,4624431964,kristopher61@irwin.org,mosleyian@riggs.com,harrison.com,Cold Email,New Lead,Senior right light expert read exactly clearly.,True,True,kristopher61@irwin.org,irwin.org,True,True,5285720097,harrison.com,1,100.0,High,,,
712,712,6eea11E6F7ad497,Mackenzie Howe,Ebony,Velazquez,"Reeves, Patterson and Walls",6349272931,5845741676 ext 590,joyce65@larson.org,lbrowning@crawford.com,schaefer.com,Direct Traffic,Proposal Sent,Range family production significant unit.,True,True,joyce65@larson.org,larson.org,True,True,6349272931,schaefer.com,1,100.0,High,,,
713,713,B222bf903EbdF0d,Ashley Hartman,Jean,Rocha,Cardenas-Roberson,0014403187724,5174020633,stanley87@sellers.com,feliciasimmons@maxwell.biz,mitchell.biz,Chatbot,On Hold,Type perhaps beautiful adult field feeling throw.,True,True,stanley87@sellers.com,sellers.com,True,True,0014403187724,mitchell.biz,1,100.0,High,,,
714,714,8Cc4beFFfb7DBD2,Max Krueger,Darryl,Harper,"Wang, Peck and Pearson",0013739979588 ext 9813,8965535244,fernando87@frazier-young.info,lonniehampton@whitaker.com,snyder.net,Other,Negotiation,People mother commercial trial understand town.,True,True,fernando87@frazier-young.info,frazier-young.info,False,True,0013739979588 ext 9813,snyder.net,1,100.0,Medium,,,
715,715,a2BbedDAb900fc1,Kyle Fry,Glenn,Wolfe,Douglas LLC,4748289822,9969032219,gavin28@collins.com,harrisdarryl@mcgee.com,duran-powers.com,Website Form,Disqualified,Find report message case know decide nation outside.,True,True,gavin28@collins.com,collins.com,True,True,4748289822,duran-powers.com,1,100.0,High,,,
716,716,1d4eBfEdDbA3f1C,Beverly Moon,Kerry,Clayton,Hooper-Strickland,2432916750 ext 8844,12734310416 ext 142,reginaldowens@marks-vazquez.com,paul97@coffey.com,cooley-clark.info,Linkedin Outreach,Proposal Sent,Investment feeling white weight.,True,True,reginaldowens@marks-vazquez.com,marks-vazquez.com,True,True,2432916750 ext 8844,cooley-clark.info,1,100.0,High,,,
717,717,5e207E42bA5Bfff,Andre Beck,Joseph,Orr,Fitzgerald-Arellano,19388081804 ext 9466,0015696713214 ext 753,jasmine29@vargas.info,kim19@maynard.com,ross-fry.com,Partner Program,Disqualified,Like every west specific reason.,True,True,jasmine29@vargas.info,vargas.info,True,False,19388081804 ext 9466,ross-fry.com,1,100.0,High,,,
718,718,fb0cF19eAe9Dadf,Emma Livingston,April,Orozco,Perkins Group,7497292746,9147252097,linda16@leblanc.com,cervantesshaun@hood.com,olsen.com,Social Media,Re-Engagement,Rise notice family five radio civil sort.,True,True,linda16@leblanc.com,leblanc.com,True,True,7497292746,olsen.com,1,100.0,High,,,
719,719,3e65AAb20e2f844,Shane Hooper,Tony,Gordon,Conner-Kaiser,6809062944,14807089716,wilkinsdawn@stephens.com,burtonyvonne@woodward.com,flores.net,Podcast,Closed Won,Environment blue power.,True,True,wilkinsdawn@stephens.com,stephens.com,True,True,6809062944,flores.net,1,100.0,High,,,
720,720,aD2Fdd8DF4Ea0b0,Summer Grimes,Mindy,Henderson,Cooke-Hoffman,8876483950 ext 4121,18214219564 ext 268,briana73@hartman.biz,sharmon@atkins.com,newton.com,Retargeting Ads,Negotiation,Require property shoulder environmental drive hope.,True,True,briana73@hartman.biz,hartman.biz,True,True,8876483950 ext 4121,newton.com,1,100.0,High,,,
721,721,EE2F417263c0FDC,Kenneth Davidson,Mariah,Little,Vazquez-Chen,8727799203 ext 93013,0012833127562,danielbridget@kaufman.com,sheryl77@gould-wiggins.com,fitzpatrick-ray.org,Google Ads,Disqualified,Travel something role.,True,True,danielbridget@kaufman.com,kaufman.com,True,True,8727799203 ext 93013,fitzpatrick-ray.org,1,100.0,High,,,
722,722,bBeD7Ea67d82Edc,Audrey Williams,Kevin,Madden,Haley-Leon,6836356733,2729290719 ext 5932,lozanodesiree@clayton.net,wolfebrian@espinoza-golden.biz,hurst.net,Social Media,New Lead,Enjoy recognize alone meet popular increase he.,True,True,lozanodesiree@clayton.net,clayton.net,True,True,6836356733,hurst.net,1,100.0,High,,,
723,723,c4013E8bdB0aF4a,Lacey Anderson,Garrett,Sandoval,Weeks Group,0012964205040 ext 32848,0012954195058,dylan69@hudson-bishop.net,camachomarilyn@west.com,guzman-berger.info,Google Ads,New Lead,East walk late body that.,True,True,dylan69@hudson-bishop.net,hudson-bishop.net,False,True,0012964205040 ext 32848,guzman-berger.info,1,100.0,Medium,,,
724,724,3ca01Aa5D900fEf,Tim Salinas,Gerald,Andersen,Cline Group,6972232336 ext 28550,17237590243 ext 470,petersencaitlin@donaldson.com,savannahmcmillan@lutz.net,day.com,Facebook Ads,Qualified,Receive second speech trial ground nature.,True,True,petersencaitlin@donaldson.com,donaldson.com,True,True,6972232336 ext 28550,day.com,1,100.0,High,,,
725,725,9Fd33B0DDE7B00e,Patty Dodson,Natalie,Duke,"Morrison, Sosa and Lucas",3535425010 ext 8537,19117653653,tracysmall@cantrell.biz,bwalton@mann.com,osborn.com,Facebook Ads,Qualified,Smile detail guess throughout drive society.,True,True,tracysmall@cantrell.biz,cantrell.biz,True,True,3535425010 ext 8537,osborn.com,1,100.0,High,,,
726,726,ECDEa0C55Fad0CE,Meghan Gay,Ariel,Mcintyre,Bean-Conrad,8807882202 ext 784,8856138319 ext 28974,bernardbonnie@cantu.biz,hkirby@li.com,branch.com,Cold Call,New Lead,Green person turn friend movie family next.,True,True,bernardbonnie@cantu.biz,cantu.biz,True,True,8807882202 ext 784,branch.com,1,100.0,High,,,
727,727,8fbC027F5ed0f5C,Darrell Monroe,Marcia,Howe,"Lin, Soto and Moses",0014895499385 ext 4030,9184968613,tcurtis@sullivan-clayton.com,alisonglenn@byrd-collier.com,mckenzie.biz,Referral,Contacted,Character win create imagine during.,True,True,tcurtis@sullivan-clayton.com,sullivan-clayton.com,False,True,0014895499385 ext 4030,mckenzie.biz,1,100.0,Medium,,,
728,728,A44e7EBffA8C1FF,Wanda Travis,Ricky,Elliott,"Cardenas, Kemp and Strong",0019608209947 ext 906,6043307616 ext 84936,martha99@morales-day.info,oheath@juarez.info,short-glover.org,Purchased List,Proposal Sent,Assume staff lead.,True,True,martha99@morales-day.info,morales-day.info,False,True,0019608209947 ext 906,short-glover.org,1,100.0,Medium,,,
729,729,Abf10740db3e8E6,Leon Mills,Adrienne,Bass,Preston Ltd,2189364774 ext 568,0015948970345 ext 680,mollycampbell@garrison-montes.com,mullenelijah@patterson.net,duke.org,Cold Email,New Lead,Throw feeling candidate do than.,True,True,mollycampbell@garrison-montes.com,garrison-montes.com,True,False,2189364774 ext 568,duke.org,1,100.0,High,,,
730,730,eD6EF31cea9acef,Rickey Stewart,Alisha,Stafford,"Black, Beard and Lee",2734022103,7375219921,christybowman@gallegos.com,paulroberta@levy.com,huff.com,Podcast,On Hold,Yeah this finally although able instead.,True,True,christybowman@gallegos.com,gallegos.com,True,True,2734022103,huff.com,1,100.0,High,,,
731,731,23f9EeCb089bE15,Betty Patel,Karen,Zavala,Howell LLC,0013813307461 ext 5173,4366143585 ext 47958,vicki43@bell.info,samuelhouse@ritter.com,contreras.com,Podcast,Contacted,Thousand reality social clearly at stage change.,True,True,vicki43@bell.info,bell.info,False,True,0013813307461 ext 5173,contreras.com,1,100.0,Medium,,,
732,732,Ea3Ce812DBB50a6,Chad Small,Jason,Branch,Orr Group,16086897335 ext 8425,8425566277 ext 3681,haaskristie@hughes-hurley.info,johnathanarcher@gallegos.com,avery.com,Direct Traffic,Proposal Sent,Investment debate order take.,True,True,haaskristie@hughes-hurley.info,hughes-hurley.info,True,True,16086897335 ext 8425,avery.com,1,100.0,High,,,
733,733,5565262eFb36c7b,Hannah Keith,Marvin,Stark,Beck LLC,0018517222801,9535255596,louisdean@snyder.info,kurtchung@brandt-anthony.com,giles.info,Linkedin Outreach,New Lead,Level human people sing.,True,True,louisdean@snyder.info,snyder.info,True,True,0018517222801,giles.info,1,100.0,High,,,
734,734,f1cCF3fFF79f6E3,Adrienne Yang,Gabriel,Farrell,"Bryan, Levine and Baldwin",9435574422 ext 6059,8393803272,paigecunningham@stevens.net,ericksontara@ashley.info,marshall.com,Organic Search (Seo),Contacted,Consumer front bank light ahead.,True,True,paigecunningham@stevens.net,stevens.net,True,True,9435574422 ext 6059,marshall.com,1,100.0,High,,,
735,735,f9aA10BB849b2cd,Emily Sweeney,Tyrone,Dougherty,"Macdonald, Sexton and Chavez",6932876281,13808859073,anamalone@rhodes.com,kristithomas@alvarado-douglas.net,elliott-crosby.info,Website Form,Proposal Sent,Need office trial myself issue kitchen.,True,True,anamalone@rhodes.com,rhodes.com,True,True,6932876281,elliott-crosby.info,1,100.0,High,,,
736,736,5ae3ddC9f4A1294,Bobby Arnold,Herbert,Henry,Fritz-Ellison,15577610478 ext 6507,6324621076,ebonyerickson@mcdaniel.com,wrightmckenzie@dickerson.com,powell-mccarty.com,Podcast,Closed Won,Really just several face join me.,True,True,ebonyerickson@mcdaniel.com,mcdaniel.com,True,True,15577610478 ext 6507,powell-mccarty.com,1,100.0,High,,,
737,737,DB9ff26ea9dc7Ca,Allison Vazquez,Melody,Jackson,Maxwell LLC,5688544228,0017704055137 ext 2884,melinda58@hughes-best.biz,meyerjonathon@sparks-curtis.net,holt.com,Webinars,Re-Engagement,Measure allow street rule once.,True,True,melinda58@hughes-best.biz,hughes-best.biz,True,False,5688544228,holt.com,1,100.0,High,,,
738,738,A3A968Cede53DeA,Arthur Shaffer,Judith,Frost,Lewis Ltd,5638107572 ext 3905,7307268851 ext 183,atkinsondiana@allen-love.com,reillybrittany@owen.com,baird.net,Other,Contacted,Learn building guy environment memory.,True,True,atkinsondiana@allen-love.com,allen-love.com,True,True,5638107572 ext 3905,baird.net,1,100.0,High,,,
739,739,7019edc86F6fcDf,Adrienne Hanson,Rose,Hickman,"Stanton, Meyers and Lindsey",8407213337 ext 660,6276046300,malik73@doyle.com,barreraaaron@vance.com,daugherty-koch.com,Trade Show,Contacted,Finish computer particular hundred hand thought firm why.,True,True,malik73@doyle.com,doyle.com,True,True,8407213337 ext 660,daugherty-koch.com,1,100.0,High,,,
740,740,D816BA99cCec337,Yolanda Holmes,Marcia,George,Perry-Mccall,2354207960 ext 76378,3543950175,haley84@smith.info,cristian98@gillespie.biz,sanford-mcneil.com,Partner Program,Closed Won,Grow design even environmental compare various here.,True,True,haley84@smith.info,smith.info,True,True,2354207960 ext 76378,sanford-mcneil.com,1,100.0,High,,,
741,741,F2D21a3A216fDa1,Sonia Greer,Carolyn,Christian,Freeman Group,17592418558 ext 239,7792642927 ext 419,greggmartin@wall.com,zreeves@richardson-trevino.info,nixon.com,Cold Email,New Lead,Quality suddenly door green every member within raise.,True,True,greggmartin@wall.com,wall.com,True,True,17592418558 ext 239,nixon.com,1,100.0,High,,,
742,742,E9ccae0CD7714F9,Trevor Mccarthy,Albert,Dudley,Foster-Stark,4995301781,3518445858 ext 59889,haydenrosales@schmitt.info,fitzgeralddale@holder.biz,huynh.info,Content Marketing,On Hold,Form Mrs statement toward resource study.,True,True,haydenrosales@schmitt.info,schmitt.info,True,True,4995301781,huynh.info,1,100.0,High,,,
743,743,1BA64BB50fB0Cce,Shannon Webb,Derrick,Gilmore,Conner-Yoder,8934529908,4848033558,jenningsjessica@beltran.com,yvonne78@wilcox-patel.biz,le.com,Social Media,Qualified,Its difference everyone move trade life though.,True,True,jenningsjessica@beltran.com,beltran.com,True,True,8934529908,le.com,1,100.0,High,,,
744,744,C3ADAf6e8463573,Edward Fry,Dillon,Pham,Copeland-Levine,16128913922 ext 42852,4219132752 ext 720,neil29@stokes.com,frances01@mullins.biz,stein-kaufman.com,Organic Search (Seo),Proposal Sent,Great week left since.,True,True,neil29@stokes.com,stokes.com,False,True,16128913922 ext 42852,stein-kaufman.com,1,100.0,Medium,,,
745,745,FaD78cE3cc0efa9,Anita Flowers,Tabitha,Lucero,Tyler-Newman,0014058898638 ext 1868,0019504672772 ext 26001,ohamilton@owen.com,clarence92@caldwell-powers.org,potts.org,Chatbot,Closed Won,Always to yeah bed seek.,True,True,ohamilton@owen.com,owen.com,False,False,0014058898638 ext 1868,potts.org,1,100.0,Medium,,,
746,746,eA3eBC8Aed65A19,Luis Rice,Darryl,Rivas,Kirby-Nguyen,9629244079 ext 20887,5294309651 ext 42152,whitney73@franklin-gamble.org,bailey45@oconnell.info,jarvis.com,Linkedin Outreach,Contacted,Picture adult any sell manage here.,True,True,whitney73@franklin-gamble.org,franklin-gamble.org,True,True,9629244079 ext 20887,jarvis.com,1,100.0,High,,,
747,747,9FE0d0a6F2dcacC,George Owen,Paige,Waller,Farley PLC,9952033446 ext 5541,4293178650,pjohns@ayers-tucker.org,gabriella55@monroe.com,pierce.com,Chatbot,Closed Won,Dark fire student trip.,True,True,pjohns@ayers-tucker.org,ayers-tucker.org,True,True,9952033446 ext 5541,pierce.com,1,100.0,High,,,
748,748,B1E38D835f9dC25,Sean Wood,Meredith,Mcdowell,Collins and Sons,8566616553,18816858133 ext 88343,lrodriguez@brady.com,ygross@rios.net,ayala.com,Direct Traffic,Qualified,Pattern culture development I difference.,True,True,lrodriguez@brady.com,brady.com,True,False,8566616553,ayala.com,1,100.0,High,,,
749,749,75dFaBDD1fC6aAD,Allison Crawford,Alvin,Carr,Simmons-Yoder,5508004571,0012832646942,bkey@stephens.org,christylandry@gomez.org,mccann.net,Facebook Ads,New Lead,Himself center all news carry let.,True,True,bkey@stephens.org,stephens.org,True,True,5508004571,mccann.net,1,100.0,High,,,
750,750,6E2A5BeB72Da8Ea,Bill Mathews,Caleb,Sanchez,Ferguson Group,17209692251 ext 0042,17808203556 ext 751,woodsjoy@rollins-boyle.com,curtisemma@rivas-barry.net,mcmahon.com,Retargeting Ads,Contacted,Want us good contain worry drive sit.,True,True,woodsjoy@rollins-boyle.com,rollins-boyle.com,True,True,17209692251 ext 0042,mcmahon.com,2,100.0,High,,,
751,751,CdF1ecE740AB2AE,Corey Lawson,Elizabeth,Terry,Davies-Hayes,0015727405191 ext 0827,9785459017 ext 795,cortezyolanda@nichols.com,gina40@clark-thomas.com,miles.com,Other,New Lead,Hair represent yard involve control back accept.,True,True,cortezyolanda@nichols.com,nichols.com,False,True,0015727405191 ext 0827,miles.com,1,100.0,Medium,,,
752,752,2cBA2CAace12Efb,Gail Browning,Joel,Sawyer,"Beard, Payne and Padilla",4148773907 ext 63187,7597781949,avazquez@durham.com,eddieschneider@chandler.com,galloway.com,Linkedin Outreach,Re-Engagement,Pass guess capital key bag reduce subject.,True,True,avazquez@durham.com,durham.com,True,True,4148773907 ext 63187,galloway.com,1,100.0,High,,,
753,753,a01ABaDDB10C4ED,Troy Acevedo,Dorothy,Gay,Martin-Coleman,8695239205 ext 818,13108484550 ext 0080,marc63@flowers.com,bentonralph@raymond.org,bradley-schroeder.info,Partner Program,On Hold,Bar power deal at place national.,True,True,marc63@flowers.com,flowers.com,True,True,8695239205 ext 818,bradley-schroeder.info,1,100.0,High,,,
754,754,08E14BBCBb0c911,Jody Norton,Riley,Sharp,Shaffer-Doyle,5204459118 ext 265,3099221727 ext 217,sandovalelaine@davies.com,dhahn@gallagher.com,holland.com,Website Form,Disqualified,Ask crime administration these assume resource natural smile.,True,True,sandovalelaine@davies.com,davies.com,True,True,5204459118 ext 265,holland.com,1,100.0,High,,,
755,755,b7a973D27129ebE,Jacqueline Wolfe,Julie,Bishop,Spencer-Beltran,0019057194863 ext 97766,3938434984,eugene53@hoover.net,howard75@mcfarland.org,odonnell.com,Direct Traffic,New Lead,Finally wall risk rest interesting any.,True,True,eugene53@hoover.net,hoover.net,False,True,0019057194863 ext 97766,odonnell.com,1,100.0,Medium,,,
756,756,50accA29F92da97,Jaclyn Andrews,Russell,Lin,"Travis, Lucero and Edwards",5852730184,8553997758,gabriela87@valentine.net,kristie59@haley-swanson.com,buck.com,Content Marketing,Closed Lost,Two across evening attack.,True,True,gabriela87@valentine.net,valentine.net,True,True,5852730184,buck.com,1,100.0,High,,,
757,757,3eA347Be8a6Dcb3,Kim Patrick,Annette,Bruce,Robbins Inc,2925909152,5034219624,lambivan@yates.com,yhuang@shelton.com,lopez.com,Website Form,Proposal Sent,Help building win financial after more.,True,True,lambivan@yates.com,yates.com,True,True,2925909152,lopez.com,1,100.0,High,,,
758,758,9Aed4Aa79c31aec,Gabrielle Stone,Terri,Sullivan,Terry Ltd,7749106775 ext 5404,7679051352 ext 8129,xlucero@zamora.info,kbooker@ponce.com,hill-tucker.com,Google Ads,Contacted,Culture full make middle safe.,True,True,xlucero@zamora.info,zamora.info,True,True,7749106775 ext 5404,hill-tucker.com,2,100.0,High,,,
759,759,1b57ed2eC52f0Ab,Earl Melendez,Marc,Velez,"Lowery, Larson and Davenport",0015205263574 ext 29554,0012544575725,jillianmann@sosa.org,danielsshelia@sanford.org,stout-herman.com,Direct Traffic,Qualified,Per fill weight blue leader thought.,True,True,jillianmann@sosa.org,sosa.org,False,True,0015205263574 ext 29554,stout-herman.com,1,100.0,Medium,,,
760,760,83F8e290356E96B,Leah Abbott,Joyce,Wright,Kerr-Bowers,3859680893,5343262023,delacruzdean@hooper.info,costaemily@shannon.org,gordon.com,Cold Email,Contacted,Spring go once man family.,True,True,delacruzdean@hooper.info,hooper.info,True,True,3859680893,gordon.com,1,100.0,High,,,
761,761,9b83bFe81b5DfFF,Andrew Pratt,Seth,Zuniga,"Moreno, Osborne and Mckee",9499868770,4275844291,beverlybuchanan@bray.biz,fosborne@bartlett-stevens.com,kramer-hurley.net,Content Marketing,New Lead,Easy they almost daughter get unit act.,True,True,beverlybuchanan@bray.biz,bray.biz,True,True,9499868770,kramer-hurley.net,1,100.0,High,,,
762,762,C81a8Fbe5b3a176,Regina Lynch,Oscar,Potts,"Strong, Greene and Hampton",0017044996672 ext 039,17485508036 ext 219,mjohnson@berger-weeks.com,halenathan@wilcox.info,torres-hayden.com,Other,Contacted,Main few knowledge away clearly.,True,True,mjohnson@berger-weeks.com,berger-weeks.com,False,True,0017044996672 ext 039,torres-hayden.com,1,100.0,Medium,,,
763,763,a25E4Ed00CE5a85,Sheri Tyler,Alison,Blackburn,Fitzgerald PLC,6813505980 ext 756,0018202495903,oalexander@frye-ponce.com,rodney84@stein-cooper.com,skinner-frey.com,Retargeting Ads,Re-Engagement,Think may there daughter this.,True,True,oalexander@frye-ponce.com,frye-ponce.com,True,True,6813505980 ext 756,skinner-frey.com,1,100.0,High,,,
764,764,EcDeBB31de3B4c7,Katie Ortega,Elizabeth,Vargas,Melendez-Yates,0013994085464 ext 81422,3679119788 ext 82554,brycemontoya@payne-chung.com,gina67@johns.com,pearson.com,Cold Call,Qualified,Their wear Mrs design.,True,True,brycemontoya@payne-chung.com,payne-chung.com,False,True,0013994085464 ext 81422,pearson.com,1,100.0,Medium,,,
765,765,AFdAB096fBa4b65,Meagan Bray,Dominique,Spence,Newton-Collier,8597178508,5337535722 ext 6917,alam@bond.com,francisjanice@acosta.com,bender.com,Website Form,New Lead,Watch return weight research service reach.,True,True,alam@bond.com,bond.com,True,True,8597178508,bender.com,1,100.0,High,,,
766,766,95AF2b9EeDFBdb4,Virginia Hancock,Jeffrey,Butler,House-Bowers,4927149403,2316182646 ext 907,npollard@may-lara.com,armstrongbernard@martin.com,estrada-griffin.biz,Organic Search (Seo),Qualified,But quickly provide member.,True,True,npollard@may-lara.com,may-lara.com,True,True,4927149403,estrada-griffin.biz,1,100.0,High,,,
767,767,F08A179eFF6Bb02,John Mason,Wendy,Castillo,Joseph Ltd,4846258172,0016846275764 ext 8580,xmathis@christensen.com,groberts@williams-dorsey.info,molina.info,Retargeting Ads,Disqualified,Author option rule upon rather wonder player.,True,True,xmathis@christensen.com,christensen.com,True,False,4846258172,molina.info,1,100.0,High,,,
768,768,1eae4c4ea532F04,Natalie Zamora,Latasha,Mercer,Downs-Watson,4942090203 ext 0919,6957796725 ext 09421,hurleygreg@key.com,wyattmullins@lewis.com,townsend-escobar.info,Trade Show,Negotiation,Tough safe quite capital few nearly soldier country.,True,True,hurleygreg@key.com,key.com,True,True,4942090203 ext 0919,townsend-escobar.info,1,100.0,High,,,
769,769,B9BfedFee1aFceB,Patricia Carter,Samuel,Tate,Francis Ltd,6467194828 ext 3649,0012542584846 ext 5637,uadams@christensen-chapman.com,ncharles@sanders.net,gilbert.com,Organic Search (Seo),Proposal Sent,Animal public represent life.,True,True,uadams@christensen-chapman.com,christensen-chapman.com,True,False,6467194828 ext 3649,gilbert.com,1,100.0,High,,,
770,770,3aA9D98fF1fFD91,Malik Watkins,Aimee,Armstrong,"Sims, Carlson and Yates",6265084298,6678561633,tvargas@leonard-payne.net,ocowan@church.org,ferguson-khan.com,Networking Event,Qualified,Movie gas feel give vote.,True,True,tvargas@leonard-payne.net,leonard-payne.net,True,True,6265084298,ferguson-khan.com,1,100.0,High,,,
771,771,c38017DEb27686B,April Edwards,Clinton,Atkins,Mann-Rice,5935631860,13855614985 ext 783,smartin@arellano.com,copelandlonnie@benton.com,mccormick-glass.com,Referral,Contacted,Purpose painting third suggest person character improve.,True,True,smartin@arellano.com,arellano.com,True,True,5935631860,mccormick-glass.com,1,100.0,High,,,
772,772,B6CD4aDd4894Cd7,Jim Chandler,Luis,Leach,Blair Ltd,9769217711 ext 84904,2245738594 ext 73941,vwu@boone.info,barnettcheryl@reid.com,palmer-macias.com,Organic Search (Seo),Contacted,Adult their together different.,True,True,vwu@boone.info,boone.info,True,True,9769217711 ext 84904,palmer-macias.com,1,100.0,High,,,
773,773,B4B030cBabBbddb,Brianna Anthony,Jake,Scott,Hale-Callahan,13253839502 ext 802,6026132296 ext 88875,terrancecurtis@downs.com,fmontoya@golden-carrillo.biz,luna-cunningham.com,Purchased List,Contacted,Here same seven everything tell goal piece.,True,True,terrancecurtis@downs.com,downs.com,True,True,13253839502 ext 802,luna-cunningham.com,1,100.0,High,,,
774,774,CB6E02e5c30eD8e,Samuel Bell,Robin,Huff,"Griffin, Hale and Gilmore",6999684969 ext 5110,8712708547,hjohns@west-barton.info,chorn@fox-castaneda.info,frey.net,Direct Traffic,On Hold,Work tonight relate chair development little another.,True,True,hjohns@west-barton.info,west-barton.info,True,True,6999684969 ext 5110,frey.net,1,100.0,High,,,
775,775,22866b8d6e29827,Yolanda Fields,Carlos,Beltran,"Mckinney, Olson and Mcdowell",5705301029 ext 2748,7648837357 ext 224,terrymaria@chen.com,higginskerri@rodgers.com,morgan.com,Other,On Hold,Police trip when enter.,True,True,terrymaria@chen.com,chen.com,True,True,5705301029 ext 2748,morgan.com,1,100.0,High,,,
776,776,F0BBfC83bBbbD90,Jill Drake,Philip,Everett,Simmons-Terrell,0013612827249,13449951203 ext 07771,hannah64@huynh.net,rsnow@york-frost.com,lawson.net,Webinars,New Lead,Study eat third particular better him could.,True,True,hannah64@huynh.net,huynh.net,True,False,0013612827249,lawson.net,1,100.0,High,,,
777,777,34f8B92Ff384854,Jeanne Mccormick,James,Bishop,"Bush, Gallagher and Andersen",4505494107 ext 2113,0012443566711,candicethomas@choi.com,zsellers@ritter.com,pham.com,Linkedin Outreach,New Lead,Doctor peace debate best size property.,True,True,candicethomas@choi.com,choi.com,True,True,4505494107 ext 2113,pham.com,1,100.0,High,,,
778,778,0aCBA2060503D15,Morgan Payne,Kevin,Melton,Allen Ltd,3039358317,19323116710 ext 3620,delacruzlucas@costa.info,isnow@mcmillan-crosby.org,manning-calhoun.net,Referral,Disqualified,Behavior book democratic bit necessary.,True,True,delacruzlucas@costa.info,costa.info,True,True,3039358317,manning-calhoun.net,1,100.0,High,,,
779,779,45fbc7f7e3BC5BC,Kristi Hull,Jenny,Franco,Brown-Mills,8308064288 ext 287,2255214152,kenneth18@welch-mcguire.info,lutzchristine@armstrong-rosales.org,fernandez.biz,Website Form,Disqualified,Air military particular.,True,True,kenneth18@welch-mcguire.info,welch-mcguire.info,True,True,8308064288 ext 287,fernandez.biz,1,100.0,High,,,
780,780,FaAfCc30DabA8fd,Craig Stanley,Shelley,Shea,"Oconnell, Faulkner and Meza",6362983300,12304777881 ext 08389,rhonda88@serrano.com,francis40@hutchinson.info,thornton.org,Webinars,Qualified,Huge peace discuss standard young.,True,True,rhonda88@serrano.com,serrano.com,True,False,6362983300,thornton.org,1,100.0,High,,,
781,781,f14824a6939B02c,Catherine Bridges,Stacie,Nichols,Martinez-Hernandez,4018005503,0012332701102 ext 829,kdaniels@rodriguez.com,chelsea35@rogers-irwin.biz,medina-rojas.info,Linkedin Outreach,Qualified,Her family word.,True,True,kdaniels@rodriguez.com,rodriguez.com,True,False,4018005503,medina-rojas.info,1,100.0,High,,,
782,782,3EAD221AF6F5BE6,Eugene Norman,Derrick,Chung,Novak-Conway,6197901036,19934771991,ronniequinn@beck.com,rpage@george-fletcher.com,peterson.com,Organic Search (Seo),Qualified,Much college so their.,True,True,ronniequinn@beck.com,beck.com,True,True,6197901036,peterson.com,1,100.0,High,,,
783,783,6C29F2e552ca2C2,Melanie Hoover,Derrick,Larson,"Novak, Wilcox and Murillo",6465103943,9814160063 ext 4050,daviescolleen@tate-salinas.com,mark86@mccann.com,duarte-bryan.com,Retargeting Ads,New Lead,More when call field still news eat.,True,True,daviescolleen@tate-salinas.com,tate-salinas.com,True,True,6465103943,duarte-bryan.com,1,100.0,High,,,
784,784,b13CC8C7f5ad1Ff,Candice Tucker,Vicki,Ayers,Boyd LLC,5772862366,2823299548,phylliscraig@hancock-hoffman.com,jasminphelps@roy-fletcher.org,rasmussen.biz,Google Ads,Closed Won,Run choose threat support vote even.,True,True,phylliscraig@hancock-hoffman.com,hancock-hoffman.com,True,True,5772862366,rasmussen.biz,1,100.0,High,,,
785,785,A6ABdd1Dfaa9A1f,Roberto Peterson,Lisa,Tate,Jones and Sons,6982651415 ext 149,5178809320,villajoshua@irwin-fitzgerald.com,stuartlynch@krause-jacobson.com,peterson.com,Google Ads,New Lead,Program high skill oil success officer.,True,True,villajoshua@irwin-fitzgerald.com,irwin-fitzgerald.com,True,True,6982651415 ext 149,peterson.com,1,100.0,High,,,
786,786,6B6697B4A75CD7b,Damon Neal,Margaret,Faulkner,Acosta Inc,4428651890 ext 3887,19197046842 ext 9031,bill10@santana.com,collierjade@grant.com,prince.com,Other,Qualified,Project organization tend alone data particular.,True,True,bill10@santana.com,santana.com,True,True,4428651890 ext 3887,prince.com,1,100.0,High,,,
787,787,25AC70cCBD7a6bb,Jennifer Payne,Bryan,Evans,"Chavez, Arnold and Henderson",7096050917,18333017887,madison57@hudson.com,kathryn81@palmer.info,pitts.com,Cold Call,Negotiation,Drop break mind certain age walk.,True,True,madison57@hudson.com,hudson.com,True,True,7096050917,pitts.com,1,100.0,High,,,
788,788,d0Ba4B48CF258f8,Bianca Holden,Leah,Zavala,"Rowland, Nicholson and Singh",16138215487 ext 531,7612780122 ext 86906,rickeyeverett@conner.com,carolynterry@castaneda.com,shelton.net,Trade Show,Closed Won,Area front contain experience.,True,True,rickeyeverett@conner.com,conner.com,True,True,16138215487 ext 531,shelton.net,1,100.0,High,,,
789,789,CE1a1FD656D16B8,Tara Liu,Bobby,Wilson,"Bond, Ingram and Cordova",19364481795 ext 3037,8874191791,misty93@morris.info,mark37@maynard.biz,gross-joyce.com,Chatbot,On Hold,Provide fight economic action decision summer.,True,True,misty93@morris.info,morris.info,True,True,19364481795 ext 3037,gross-joyce.com,1,100.0,High,,,
790,790,53cdeeDC5f151Cf,Kirsten Gonzalez,April,Mccormick,Sosa and Sons,0019943827380 ext 969,3064405229,maynarderica@bolton-mckee.com,waynecisneros@walter.com,sawyer-cobb.com,Google Ads,On Hold,Attention professor what administration trip participant wind.,True,True,maynarderica@bolton-mckee.com,bolton-mckee.com,False,True,0019943827380 ext 969,sawyer-cobb.com,1,100.0,Medium,,,
791,791,efE2e9Ce608f2bd,Heather Myers,Jon,Bird,Blevins Ltd,8055145563 ext 3427,8783121370 ext 22063,ellisontricia@montoya.com,yfrederick@garrison.info,espinoza-moss.com,Podcast,On Hold,Take want scene box.,True,True,ellisontricia@montoya.com,montoya.com,True,True,8055145563 ext 3427,espinoza-moss.com,2,100.0,High,,,
792,792,aBC04903ce38bc1,Jake Mooney,Dorothy,Wilcox,"Browning, Johnson and Barry",5073522221 ext 2734,14867675441 ext 175,christinafowler@davila-daniel.com,dan03@chambers.com,miles.com,Website Form,Negotiation,Political capital consumer though.,True,True,christinafowler@davila-daniel.com,davila-daniel.com,True,True,5073522221 ext 2734,miles.com,1,100.0,High,,,
793,793,816A29dDc2F169a,Lucas Sanders,Glen,Beck,Knight-Diaz,6585689924 ext 572,0015738448149 ext 0350,meaganwilkerson@ferguson-daugherty.info,zstevenson@ballard.com,romero.org,Retargeting Ads,Disqualified,New will month available country national meet.,True,True,meaganwilkerson@ferguson-daugherty.info,ferguson-daugherty.info,True,False,6585689924 ext 572,romero.org,1,100.0,High,,,
794,794,dcd268c0dc2E6F8,Nicolas Duncan,Brianna,Hebert,"Hendricks, Knight and Rose",12575033916 ext 2761,5243536791 ext 441,darryl77@baird.com,darrylhuffman@ho-klein.info,nguyen.com,Google Ads,Re-Engagement,Professor drive forget admit.,True,True,darryl77@baird.com,baird.com,True,True,12575033916 ext 2761,nguyen.com,1,100.0,High,,,
795,795,4DeB665ea94a8BF,Priscilla Murillo,Tami,Blanchard,"Harris, Dyer and Romero",0015868755940 ext 1635,4586917625 ext 5426,crystal16@russo-mann.biz,travisgarza@miller.net,dudley-norton.com,Social Media,Disqualified,Mr situation few present.,True,True,crystal16@russo-mann.biz,russo-mann.biz,False,True,0015868755940 ext 1635,dudley-norton.com,1,100.0,Medium,,,
796,796,bA8Cf1CbbdEeE2B,Johnathan Fletcher,Hailey,Finley,"Massey, Sheppard and Richardson",7954149076,9997795683 ext 0122,joanne20@snow.biz,gli@little.biz,rocha.com,Facebook Ads,New Lead,Financial indeed art personal situation defense head.,True,True,joanne20@snow.biz,snow.biz,True,True,7954149076,rocha.com,1,100.0,High,,,
797,797,D31de5be34dB91e,Emma Guzman,Nathaniel,Hale,Combs LLC,9066218894,8343820695,virginia02@castaneda.com,christygates@lee-burgess.info,patel-hayden.com,Networking Event,Disqualified,Billion consumer social daughter.,True,True,virginia02@castaneda.com,castaneda.com,True,True,9066218894,patel-hayden.com,1,100.0,High,,,
798,798,C4D0b9aCa88cce8,Kelli Reid,Marco,Bowers,"Diaz, Duarte and Foster",7086849211 ext 82393,4017907735,sylviagordon@bond-macdonald.info,hickmanvickie@chaney.net,parsons.com,Trade Show,On Hold,Outside threat know.,True,True,sylviagordon@bond-macdonald.info,bond-macdonald.info,True,True,7086849211 ext 82393,parsons.com,1,100.0,High,,,
799,799,6Cb0582d4d04ac3,Cassandra Stein,Rodney,Olson,Hoover-Ramirez,9328009773 ext 5878,8865107275 ext 8785,ujimenez@cooley.com,mcconnellcarly@nielsen.biz,caldwell.com,Cold Call,Proposal Sent,Third lay tell save measure experience.,True,True,ujimenez@cooley.com,cooley.com,True,True,9328009773 ext 5878,caldwell.com,1,100.0,High,,,
800,800,1aA29eDdb79eAfc,Kenneth Nicholson,Nicholas,Cain,Moreno-Weber,9356480393 ext 10935,7032439808 ext 5636,lynchbonnie@massey-kirk.com,marcohart@cobb-heath.com,malone.com,Social Media,Proposal Sent,Career writer year tree hope news use.,True,True,lynchbonnie@massey-kirk.com,massey-kirk.com,True,True,9356480393 ext 10935,malone.com,1,100.0,High,,,
801,801,FC6e4f84DeCAbCC,Trevor Byrd,Jared,Larson,Herring Group,8478200475 ext 215,8509022157,bullockcody@stark-hebert.com,georgegene@costa-higgins.info,hensley.com,Cold Call,Closed Lost,Tend of health can.,True,True,bullockcody@stark-hebert.com,stark-hebert.com,True,True,8478200475 ext 215,hensley.com,1,100.0,High,,,
802,802,bcdEB40ECADB7Ed,Marissa Clay,Teresa,Petersen,Perkins-Allen,5064656408 ext 573,12206148085 ext 66226,eileenhudson@mayo-mcpherson.org,tom71@walls.org,moody.com,Networking Event,Proposal Sent,Image also history cell take.,True,True,eileenhudson@mayo-mcpherson.org,mayo-mcpherson.org,True,False,5064656408 ext 573,moody.com,1,100.0,High,,,
803,803,Aa026eC7eCb425c,Kyle Petersen,Cesar,Reilly,Rosario-Meza,6994783885 ext 791,5689743056 ext 2886,joannehess@weber.biz,nfisher@roach.com,soto.com,Organic Search (Seo),Closed Won,Story game whatever state successful.,True,True,joannehess@weber.biz,weber.biz,True,True,6994783885 ext 791,soto.com,1,100.0,High,,,
804,804,32832951d5bEeDd,Marcus Pitts,Willie,Lozano,Wilkins-Marsh,3529731976,4734253757 ext 6169,vdavidson@hughes.com,tranrobert@wilkins.com,figueroa.com,Linkedin Outreach,On Hold,Difficult consider less your.,True,True,vdavidson@hughes.com,hughes.com,True,True,3529731976,figueroa.com,1,100.0,High,,,
805,805,F4059EA8C8E4Ce1,Kristine Harvey,Mitchell,Farley,"Mack, Livingston and Salazar",9312707672,0012338737871,reneebell@gates-hampton.com,melissa63@brown.com,osborn.org,Networking Event,Closed Lost,Standard stage religious specific ball north whom physical.,True,True,reneebell@gates-hampton.com,gates-hampton.com,True,True,9312707672,osborn.org,1,100.0,High,,,
806,806,a5ce3cf18d17251,Jonathan Duncan,Mitchell,Cooley,"Guerra, Case and Pratt",5498126194 ext 9404,0016799607315 ext 509,qarellano@wade.com,ewingjohnny@walters.net,proctor-arnold.com,Partner Program,Proposal Sent,Painting hope environment buy technology claim.,True,True,qarellano@wade.com,wade.com,True,False,5498126194 ext 9404,proctor-arnold.com,1,100.0,High,,,
807,807,cDcaC7Fe266490e,Terrence Chambers,Harold,Maxwell,Santiago-Walker,3558270714 ext 08100,12964008365 ext 6778,edwin89@hobbs.com,wandamata@walker-alvarez.com,parks.com,Direct Traffic,Proposal Sent,Budget accept seven give.,True,True,edwin89@hobbs.com,hobbs.com,True,True,3558270714 ext 08100,parks.com,1,100.0,High,,,
808,808,32a95a3E873dFe3,Rick Campbell,Jared,Aguilar,"Glover, Holloway and Forbes",2499080366,0016816426469 ext 497,eberger@morton.com,hendricksmarco@ray-osborn.com,christensen.org,Cold Email,Proposal Sent,Product property institution others million happen.,True,True,eberger@morton.com,morton.com,True,False,2499080366,christensen.org,1,100.0,High,,,
809,809,5990de720CDfCC1,Roger Lindsey,Betty,Hardin,"Huang, Christensen and Eaton",0015758322341 ext 0470,2053684436,kristen64@aguirre.com,weissdebra@barr-horn.com,bautista.com,Other,Negotiation,Door democratic avoid population.,True,True,kristen64@aguirre.com,aguirre.com,False,True,0015758322341 ext 0470,bautista.com,1,100.0,Medium,,,
810,810,E99A1cF4fBDA1cC,Collin Paul,Isaac,Maddox,Fox LLC,19503381517 ext 405,2243257627 ext 3591,rmeza@li.net,sherylhicks@phillips.com,cline-mayer.info,Direct Traffic,Proposal Sent,Far serve call under change receive.,True,True,rmeza@li.net,li.net,True,True,19503381517 ext 405,cline-mayer.info,1,100.0,High,,,
811,811,0cBce03ac0D65Eb,Kimberly Bryant,Rhonda,Fritz,"Bonilla, Brooks and Humphrey",2469243991 ext 8349,16446999887 ext 9706,andersenerin@hays-murillo.biz,georgehayley@mcmahon-carney.biz,sandoval.com,Content Marketing,New Lead,Easy these newspaper much.,True,True,andersenerin@hays-murillo.biz,hays-murillo.biz,True,True,2469243991 ext 8349,sandoval.com,1,100.0,High,,,
812,812,6dE7df1b4be16Fd,Ryan Hopkins,Warren,Yu,"Haynes, Navarro and Huynh",0014744552543 ext 5113,9007277401 ext 9051,georgewalker@huff.com,mrojas@lutz.com,thompson.biz,Linkedin Outreach,Proposal Sent,Word ground hope receive drug woman difference.,True,True,georgewalker@huff.com,huff.com,False,True,0014744552543 ext 5113,thompson.biz,1,100.0,Medium,,,
813,813,ae4c2e7e7e25cbA,Damon Cordova,Taylor,Baxter,Estes-Willis,9814085311,0015727726147,woodannette@vaughn.com,lancebraun@vargas.com,tate.com,Website Form,Qualified,Coach month participant.,True,True,woodannette@vaughn.com,vaughn.com,True,True,9814085311,tate.com,1,100.0,High,,,
814,814,56cEB581988AE77,Stuart Olsen,Richard,Petersen,Dixon-Franco,4968067377,3779912181,haleygalloway@tucker.com,joycebright@casey-mcdowell.com,harrison-velez.com,Direct Traffic,On Hold,Red show course memory.,True,True,haleygalloway@tucker.com,tucker.com,True,True,4968067377,harrison-velez.com,1,100.0,High,,,
815,815,493D9e5B04DD67c,Nathan Oliver,Cynthia,Diaz,"Rangel, Summers and French",8325660015 ext 487,0016756096025 ext 2620,whitneyeduardo@barnett-murphy.biz,mezakimberly@pugh.com,castillo.org,Facebook Ads,Re-Engagement,Send mind benefit how.,True,True,whitneyeduardo@barnett-murphy.biz,barnett-murphy.biz,True,False,8325660015 ext 487,castillo.org,1,100.0,High,,,
816,816,3C139a401737BE4,Riley Atkinson,Brianna,Harvey,"Fuentes, Shaw and Herman",8073988660 ext 168,8538263073 ext 90530,marie63@mathews.com,fhunter@garner.com,hebert.com,Retargeting Ads,Qualified,Three material beautiful old relate find agent right.,True,True,marie63@mathews.com,mathews.com,True,True,8073988660 ext 168,hebert.com,1,100.0,High,,,
817,817,87fECfC643Cd6F1,Edgar Koch,Jackson,Dunlap,Rowland PLC,12472685582 ext 29817,19712073633 ext 6911,mayers@merritt.com,wisebrittany@spencer.net,stanton.com,Retargeting Ads,Re-Engagement,Happy travel what but security window effect hear.,True,True,mayers@merritt.com,merritt.com,False,True,12472685582 ext 29817,stanton.com,1,100.0,Medium,,,
818,818,3f66A10F11d3409,Luis Hatfield,Noah,Callahan,Parrish and Sons,2052479084 ext 456,8309324341 ext 23091,ginastevenson@maddox.com,lindsaypineda@warren.com,berg.com,Other,Proposal Sent,Employee more law worker only door nothing.,True,True,ginastevenson@maddox.com,maddox.com,True,True,2052479084 ext 456,berg.com,1,100.0,High,,,
819,819,9feE9B4bf870ecB,Kristopher Khan,Hayden,Gallegos,"Silva, Santana and Meyer",5753082679 ext 93357,6055686070,gsantiago@hutchinson.com,xrocha@lee.com,lowery.org,Linkedin Outreach,Re-Engagement,Rise everybody maybe bed down.,True,True,gsantiago@hutchinson.com,hutchinson.com,True,True,5753082679 ext 93357,lowery.org,1,100.0,High,,,
820,820,ddD76D4237EAa0a,Randall Key,Diamond,Valdez,Strong and Sons,8307475596 ext 273,6412808031 ext 87646,josephmegan@hays-wise.com,elijah72@santos.com,werner.com,Trade Show,Re-Engagement,Population whom contain.,True,True,josephmegan@hays-wise.com,hays-wise.com,True,True,8307475596 ext 273,werner.com,1,100.0,High,,,
821,821,0cac1224CFCdd9e,Jackson Vaughn,Rebecca,Tanner,"Kelly, Arroyo and Faulkner",8134968627 ext 0729,0014807873103 ext 746,sheryl33@green-hall.info,preston99@stuart.net,lang.biz,Referral,Qualified,During factor rather top movement through maintain modern.,True,True,sheryl33@green-hall.info,green-hall.info,True,False,8134968627 ext 0729,lang.biz,1,100.0,High,,,
822,822,1F12cDfEF8C48c8,Vincent Garner,Taylor,Gould,Lara-Hoffman,8477848409 ext 62750,7306360912 ext 66471,seanberry@hammond-pruitt.biz,salinasleah@oneill.org,ayers.biz,Linkedin Outreach,Closed Won,Television history full risk can late clear.,True,True,seanberry@hammond-pruitt.biz,hammond-pruitt.biz,True,True,8477848409 ext 62750,ayers.biz,1,100.0,High,,,
823,823,eFCCBaB2EdD6dCc,Gabriella Pruitt,Tyler,Obrien,"Trujillo, Ewing and Hicks",0018165956814 ext 85362,6502214318,brayraymond@espinoza.info,deanna97@meyer.com,nixon-kirk.com,Partner Program,Re-Engagement,Role run investment during.,True,True,brayraymond@espinoza.info,espinoza.info,False,True,0018165956814 ext 85362,nixon-kirk.com,1,100.0,Medium,,,
824,824,e4beA5963d4C94F,Melvin Hammond,Alejandra,Wood,Tapia-Matthews,3427079125,4336469666,darylvang@beck.com,owensbrandy@black-harrison.org,love.net,Google Ads,Closed Won,When according sea hour town suddenly add.,True,True,darylvang@beck.com,beck.com,True,True,3427079125,love.net,1,100.0,High,,,
825,825,5be98089FA5bA15,Derrick Cohen,Paul,Morrison,Simpson-Briggs,3283445799 ext 803,6824986709 ext 73090,harold81@hammond.com,pmueller@mays-ward.org,barron.org,Webinars,Contacted,Off everybody big.,True,True,harold81@hammond.com,hammond.com,True,True,3283445799 ext 803,barron.org,1,100.0,High,,,
826,826,DE15aDd93ea1db6,Mallory Fischer,Brandy,Guzman,"Hinton, Costa and Wiggins",9792629452 ext 808,7863773567 ext 1317,wkent@zimmerman.com,loretta19@day-barrett.com,grant.net,Trade Show,Proposal Sent,Performance impact with soon discover in political.,True,True,wkent@zimmerman.com,zimmerman.com,True,True,9792629452 ext 808,grant.net,1,100.0,High,,,
827,827,BcFe181660Ed6b0,Jenna Madden,Wesley,Galvan,Fry-Carlson,2849426862,7598649989 ext 471,kenneth65@arroyo-donaldson.info,fredtrevino@fitzgerald-nunez.com,stein.info,Facebook Ads,Proposal Sent,Budget indicate team important black.,True,True,kenneth65@arroyo-donaldson.info,arroyo-donaldson.info,True,True,2849426862,stein.info,1,100.0,High,,,
828,828,5E433dCF6F8df4C,Faith Dickerson,Tiffany,Dalton,Rangel-Young,7887791074,0013272425054 ext 033,buchanandylan@knox.info,tabitharusso@kaufman.biz,conway.biz,Google Ads,Negotiation,Value agreement senior mind admit.,True,True,buchanandylan@knox.info,knox.info,True,False,7887791074,conway.biz,1,100.0,High,,,
829,829,2a1e5cB9572eFC9,Bianca Schmidt,Mackenzie,Baldwin,Hartman and Sons,9663664025 ext 41184,6477890940,snewman@bright.info,sharonwagner@larsen.info,mcmahon-huff.com,Retargeting Ads,On Hold,State strategy take role.,True,True,snewman@bright.info,bright.info,True,True,9663664025 ext 41184,mcmahon-huff.com,1,100.0,High,,,
830,830,b1a42a8EA8e0f35,Shelley Spencer,Teresa,Kramer,Kirby-Gould,5318054158 ext 411,17657509328 ext 92338,lpacheco@hickman.biz,braykristine@pennington.biz,carlson-chandler.info,Content Marketing,Disqualified,Situation identify article treatment or happen.,True,True,lpacheco@hickman.biz,hickman.biz,True,False,5318054158 ext 411,carlson-chandler.info,1,100.0,High,,,
831,831,d418bbF0b680D6a,Pamela Simpson,Kathleen,Ibarra,Roth-Adkins,7172732705,7526759888 ext 6123,mauricebooth@shepherd.biz,glenn26@gutierrez-sanchez.info,weiss.com,Podcast,Contacted,Though hospital woman go national.,True,True,mauricebooth@shepherd.biz,shepherd.biz,True,True,7172732705,weiss.com,1,100.0,High,,,
832,832,5d8dA2E2BC00fe7,Courtney Moses,April,Valencia,Terry Ltd,4649024763,0015373713959,vernon13@powers-diaz.info,keykristina@jefferson.com,franco-savage.com,Chatbot,Closed Won,Never cell material marriage front focus various.,True,True,vernon13@powers-diaz.info,powers-diaz.info,True,True,4649024763,franco-savage.com,2,100.0,High,,,
833,833,Be725FC6EfCB65C,Paul Strickland,Johnny,Bryan,Edwards LLC,0019388451148 ext 97613,2316463260,mindy02@beck.com,zwoods@clayton-conley.com,holder-cisneros.com,Direct Traffic,On Hold,Money mother read record main seat Republican.,True,True,mindy02@beck.com,beck.com,False,True,0019388451148 ext 97613,holder-cisneros.com,1,100.0,Medium,,,
834,834,8BdF20CC4F0272a,Theodore Levine,Lance,Callahan,Farrell Group,0017656798771 ext 75378,0018905795511 ext 252,jbrown@wolfe-may.net,kristachen@rush.com,chapman.com,Social Media,Re-Engagement,Save too listen our song spend.,True,True,jbrown@wolfe-may.net,wolfe-may.net,False,False,0017656798771 ext 75378,chapman.com,1,100.0,Medium,,,
835,835,19Ec6dbDe131eEC,Joann Collier,Nicole,Fletcher,Buchanan LLC,5988334963 ext 4312,9544545952,abigail06@jackson.com,lindsay38@chase.com,ford.com,Webinars,On Hold,Point whose your white stage.,True,True,abigail06@jackson.com,jackson.com,True,True,5988334963 ext 4312,ford.com,1,100.0,High,,,
836,836,b33fEb2C8Edf92E,Charles Myers,Janice,Hopkins,Dorsey Inc,0016166948093 ext 817,7009142903 ext 17908,robertamosley@potts.com,mcarlson@blackwell-owen.com,baldwin.com,Networking Event,Contacted,Left check mean ten American expert.,True,True,robertamosley@potts.com,potts.com,False,True,0016166948093 ext 817,baldwin.com,1,100.0,Medium,,,
837,837,D5693790de05dF1,Claudia Bray,Sherry,Everett,Malone and Sons,4984695335 ext 414,0013113629042,robbinsbrady@hensley-mays.org,erin34@mercado.org,soto-hubbard.com,Organic Search (Seo),Contacted,Method couple threat line local condition purpose social.,True,True,robbinsbrady@hensley-mays.org,hensley-mays.org,True,True,4984695335 ext 414,soto-hubbard.com,1,100.0,High,,,
838,838,Ff33B98aDcbFa1A,Wayne Mueller,Andrew,Pruitt,"Gray, Andrews and Duarte",3745797991 ext 120,6457836194 ext 3649,curtisjesse@farley.com,ssimmons@wade.info,rodriguez-nunez.info,Retargeting Ads,Closed Won,War beautiful member herself necessary movement beyond.,True,True,curtisjesse@farley.com,farley.com,True,True,3745797991 ext 120,rodriguez-nunez.info,1,100.0,High,,,
839,839,d65C45C4e7A4Ea0,Madison Reyes,Cheyenne,Barber,Choi-Figueroa,8123060331,0018706369756 ext 0465,amylam@solis.com,eowen@mathews.biz,ho-villarreal.org,Cold Email,Closed Won,Level every either enter easy.,True,True,amylam@solis.com,solis.com,True,False,8123060331,ho-villarreal.org,1,100.0,High,,,
840,840,d3b331BaD2BA2c9,Wesley Delgado,Mark,Case,"Padilla, Walls and Small",4742802369,6993464404,rmatthews@hubbard.biz,stewartadrian@shepherd.biz,dawson.com,Networking Event,Negotiation,Involve under without bit.,True,True,rmatthews@hubbard.biz,hubbard.biz,True,True,4742802369,dawson.com,1,100.0,High,,,
841,841,70c92b6Da2B524F,Tracey Sloan,Raymond,Fernandez,Washington PLC,6626087131 ext 5692,5978644199 ext 110,robyn81@bird.com,freycheryl@choi.com,yu.com,Retargeting Ads,Re-Engagement,Plant establish whom here audience list edge.,True,True,robyn81@bird.com,bird.com,True,True,6626087131 ext 5692,yu.com,1,100.0,High,,,
842,842,7a9FC6F75ee11a1,Nancy Hays,Taylor,Robles,Mclean-Harmon,15428083637 ext 8113,13842529867 ext 29046,wbass@rollins-carlson.org,garretthelen@hahn-gates.com,austin.com,Trade Show,New Lead,Citizen sign fund talk successful economic talk focus.,True,True,wbass@rollins-carlson.org,rollins-carlson.org,True,False,15428083637 ext 8113,austin.com,1,100.0,High,,,
843,843,6BAB6966052a108,Elaine Moss,Kiara,Avery,Knapp-Williamson,0018038465396 ext 20824,9995127977,aweeks@brock-sexton.com,mallorysandoval@estrada.com,rhodes-terry.com,Partner Program,On Hold,Mention western then become toward.,True,True,aweeks@brock-sexton.com,brock-sexton.com,False,True,0018038465396 ext 20824,rhodes-terry.com,1,100.0,Medium,,,
844,844,a5ffDC4cDD798Db,Isabel Wood,Marilyn,Kim,Li Inc,6249253915 ext 53432,0018987430277 ext 573,hooverbrett@holloway.com,guerrerochristie@haley-cervantes.com,buchanan.info,Other,Disqualified,Miss opportunity include any former single.,True,True,hooverbrett@holloway.com,holloway.com,True,False,6249253915 ext 53432,buchanan.info,1,100.0,High,,,
845,845,eAfDDaba0b7FFC5,Erika Santana,Tanya,Acevedo,Owen-Lin,2386320144 ext 7773,4609347099 ext 05250,kerry19@mcconnell.info,richardsjohnathan@wilcox.com,fleming-frank.com,Content Marketing,Closed Lost,Although from benefit.,True,True,kerry19@mcconnell.info,mcconnell.info,True,True,2386320144 ext 7773,fleming-frank.com,1,100.0,High,,,
846,846,42d85eB4FaabAC3,Kelly Riley,Caitlyn,Sawyer,Woodward-Potts,8786719850 ext 97880,5525774335 ext 718,kkennedy@fox-andrade.com,gordon37@morrow.net,horton-mcmillan.com,Purchased List,Qualified,Prepare itself yet vote.,True,True,kkennedy@fox-andrade.com,fox-andrade.com,True,True,8786719850 ext 97880,horton-mcmillan.com,1,100.0,High,,,
847,847,EEc9CabC3b4Eebe,Edward Paul,Henry,Davis,"Farley, Elliott and Macias",0017213411412 ext 67984,3949393075,saunderssarah@figueroa.com,malikmcneil@poole-reed.com,butler-berry.com,Google Ads,Qualified,Sport then trade enough.,True,True,saunderssarah@figueroa.com,figueroa.com,False,True,0017213411412 ext 67984,butler-berry.com,1,100.0,Medium,,,
848,848,Bbad3BdECcFbbAB,Janet Rivera,Timothy,Moon,"Lambert, Mcgee and Choi",7092323648,19865373081 ext 1211,ghawkins@hicks.net,ryanho@craig.com,shah.com,Linkedin Outreach,On Hold,Yet mother result issue guess nation environment.,True,True,ghawkins@hicks.net,hicks.net,True,True,7092323648,shah.com,1,100.0,High,,,
849,849,aE94DBFEee67f7f,Shelley Quinn,Ariana,Gould,Fitzgerald Group,8558625566,13134242961 ext 990,tristan77@galvan.com,bonnie57@blake.biz,bowers.biz,Purchased List,On Hold,Economy believe relate section hotel television social before.,True,True,tristan77@galvan.com,galvan.com,True,True,8558625566,bowers.biz,1,100.0,High,,,
850,850,AB870CAa09cfBBE,Jimmy Winters,Samantha,Allen,Bright Inc,2797476107 ext 99431,15146509913 ext 73519,mmiller@evans.com,mortonstuart@garrison.com,allison.com,Social Media,Closed Lost,Full front cup eye be cell.,True,True,mmiller@evans.com,evans.com,True,False,2797476107 ext 99431,allison.com,1,100.0,High,,,
851,851,5BEb3363480D276,Dean Manning,Dawn,Burnett,Ochoa-Khan,5209613153 ext 5579,6182857234,abriggs@haley-french.biz,mario79@henderson.biz,lowery.com,Purchased List,Closed Lost,Run pretty you memory.,True,True,abriggs@haley-french.biz,haley-french.biz,True,True,5209613153 ext 5579,lowery.com,1,100.0,High,,,
852,852,cf9F6bcB9db54D6,Scott Walls,Jodi,Cordova,Wolf and Sons,8517314778,17342078869,adrianbraun@ballard.org,washingtonjohnathan@orozco.info,bartlett.info,Facebook Ads,On Hold,Upon arrive star rather season pattern authority someone.,True,True,adrianbraun@ballard.org,ballard.org,True,True,8517314778,bartlett.info,1,100.0,High,,,
853,853,6D301e7cAF198f6,Franklin Richard,Haley,Hood,Vasquez-Vang,0018929870602 ext 7515,0015976634394 ext 52927,calebmurphy@arnold.biz,tammie65@house-mcintosh.net,oneal.com,Purchased List,Negotiation,Stock effort run democratic yet later improve expert.,True,True,calebmurphy@arnold.biz,arnold.biz,False,False,0018929870602 ext 7515,oneal.com,1,100.0,Medium,,,
854,854,dDaD0C4cA89DD80,Joanna Yu,Roberta,Padilla,Franco and Sons,3053589230 ext 84810,6682858360 ext 123,jackiemckay@reid.com,ianfranklin@mathews-leach.com,melendez.com,Retargeting Ads,Closed Won,Bed decision activity effect seem focus consumer.,True,True,jackiemckay@reid.com,reid.com,True,True,3053589230 ext 84810,melendez.com,1,100.0,High,,,
855,855,A6Afa9D53BF1bD4,Caitlin Hardy,Shari,Blackburn,Joseph Inc,13487685381 ext 70858,8777988737 ext 1078,raymond21@proctor.com,eileenlester@osborn.info,booker.com,Referral,On Hold,Tree street exist road.,True,True,raymond21@proctor.com,proctor.com,False,True,13487685381 ext 70858,booker.com,1,100.0,Medium,,,
856,856,d45170aECb7FcAf,Jorge Macias,Victoria,Chan,"Cowan, Howe and Horn",3442535079,3649151407,corywoodard@wilkinson-lopez.com,johnathanmatthews@hutchinson-greene.info,hogan.net,Cold Call,Negotiation,Tell cultural word management human top.,True,True,corywoodard@wilkinson-lopez.com,wilkinson-lopez.com,True,True,3442535079,hogan.net,1,100.0,High,,,
857,857,7eE6d0d987d5ABd,Darryl Dean,Diana,Welch,"Strong, Cole and Hanson",5869754870 ext 1307,16603373361 ext 5428,clarkekristie@bruce-foster.com,hodgephyllis@price.com,murray-pacheco.com,Other,Qualified,Answer yourself than daughter shake factor on.,True,True,clarkekristie@bruce-foster.com,bruce-foster.com,True,True,5869754870 ext 1307,murray-pacheco.com,1,100.0,High,,,
858,858,A6Bf49Fe18Bd2Fe,Dan Warren,Christina,Vance,Harding PLC,3934246144 ext 4442,5256946879 ext 6925,dfernandez@burgess.info,jacobsonmelinda@huber-levine.com,carr.com,Linkedin Outreach,Closed Lost,Other feeling international personal wear policy American.,True,True,dfernandez@burgess.info,burgess.info,True,True,3934246144 ext 4442,carr.com,1,100.0,High,,,
859,859,A27aEfA6cAb7ee2,Kim Anthony,Jodi,Holder,Harmon-Hamilton,3883610987 ext 386,3292048151,kylehuerta@cunningham.com,peggymelendez@bartlett.net,house-joyce.org,Other,New Lead,Structure across himself five control consumer eye.,True,True,kylehuerta@cunningham.com,cunningham.com,True,True,3883610987 ext 386,house-joyce.org,1,100.0,High,,,
860,860,5d24DD7a78673da,Diane Nolan,Tricia,Wilkinson,Franklin-Carrillo,9445451932 ext 86623,14507344534,alyssa20@moody-sampson.net,jimmy35@bridges-herrera.org,osborne-thomas.com,Referral,Contacted,For difference building operation such kitchen.,True,True,alyssa20@moody-sampson.net,moody-sampson.net,True,True,9445451932 ext 86623,osborne-thomas.com,1,100.0,High,,,
861,861,6dE8fEd7F8BCC82,Brad Kent,Jessica,Prince,"Gallegos, Fowler and Camacho",6132299622,4376137809 ext 795,jacqueline56@sloan.org,gayjesse@edwards.com,shaffer.com,Podcast,On Hold,Measure play box open enter.,True,True,jacqueline56@sloan.org,sloan.org,True,True,6132299622,shaffer.com,1,100.0,High,,,
862,862,65EAf7eF4f617fd,Wesley Heath,Christopher,Ferguson,Blevins-Savage,3205636498,8165144960,lindsey32@hernandez.com,mejiacolton@davidson.net,stevenson.net,Social Media,Contacted,Drug maybe Mrs must share when there.,True,True,lindsey32@hernandez.com,hernandez.com,True,True,3205636498,stevenson.net,1,100.0,High,,,
863,863,dDD5a7B4Fdca5fa,Melvin Decker,Allison,Ayers,"Scott, Schwartz and Peters",13099793710,2142319667,simstracy@curtis.net,maddoxcaroline@kane.org,boyle.info,Organic Search (Seo),Contacted,Gas speech executive soon bag performance sometimes peace.,True,True,simstracy@curtis.net,curtis.net,True,True,13099793710,boyle.info,1,100.0,High,,,
864,864,eF54AAfBa3cF76e,Charles Fox,Cole,Mcintosh,"Cross, Wilkinson and Mueller",15652603034,3858364503,boyleangel@rose.biz,richard09@ibarra.com,reid-watts.com,Google Ads,Re-Engagement,White peace democratic moment.,True,True,boyleangel@rose.biz,rose.biz,True,True,15652603034,reid-watts.com,1,100.0,High,,,
865,865,dCc61138B08599d,Jerome Murillo,Carmen,Morrow,Mays PLC,8742677451,2992924633,todd13@maddox-pacheco.com,gaychelsey@ho-zuniga.biz,ritter-flynn.org,Cold Email,Closed Won,Represent three various during respond.,True,True,todd13@maddox-pacheco.com,maddox-pacheco.com,True,True,8742677451,ritter-flynn.org,1,100.0,High,,,
866,866,FFCcb4f80EA8aaa,Perry Gay,Roberta,Koch,Marquez Group,14409382135 ext 417,9628035192 ext 364,coltonstark@charles-villegas.com,isaiahjimenez@valencia.com,madden.com,Networking Event,Negotiation,Ask girl center administration.,True,True,coltonstark@charles-villegas.com,charles-villegas.com,True,True,14409382135 ext 417,madden.com,1,100.0,High,,,
867,867,CaddEdD7baBC9B7,Edward Chandler,Aaron,Daugherty,Stafford Ltd,5655859912 ext 03043,6379160282 ext 4565,jaime05@ayers.com,hutchinsonglenn@lewis.com,chavez-meyers.org,Website Form,Qualified,Fall television man goal everybody win gas.,True,True,jaime05@ayers.com,ayers.com,True,True,5655859912 ext 03043,chavez-meyers.org,1,100.0,High,,,
868,868,DceA02Fbc07d27c,Walter Hays,Cheryl,Sims,"Carr, Silva and Cardenas",9193604059 ext 3684,2744054331 ext 84967,ashea@compton.biz,brookevillarreal@atkins.org,hooper.com,Cold Call,Contacted,Local drop where who special produce buy.,True,True,ashea@compton.biz,compton.biz,True,True,9193604059 ext 3684,hooper.com,1,100.0,High,,,
869,869,DdcD77AE58c35F1,Frederick Cantu,Caitlin,Meadows,Silva-Davila,7725098026 ext 2400,2857716517,katelynsalinas@perkins-mitchell.org,wileyshirley@west.com,frank.com,Website Form,On Hold,Send imagine society able month direction radio.,True,True,katelynsalinas@perkins-mitchell.org,perkins-mitchell.org,True,True,7725098026 ext 2400,frank.com,1,100.0,High,,,
870,870,5f6B2d3FE51aCb8,Allen Moran,Austin,Campbell,"Gaines, Cooke and Tanner",13137144253 ext 4404,3484686851,antonio50@daniel-marsh.com,evanjohnston@craig.com,nielsen-rhodes.biz,Cold Email,Re-Engagement,Data central just front.,True,True,antonio50@daniel-marsh.com,daniel-marsh.com,True,True,13137144253 ext 4404,nielsen-rhodes.biz,1,100.0,High,,,
871,871,babBF3b2cecFFde,Bobby Crane,Ethan,Pennington,Doyle-Little,9313348113,3109954844,sophia65@abbott.net,victoria37@bailey-zhang.com,logan-orozco.com,Retargeting Ads,Closed Lost,While computer attention think mind which.,True,True,sophia65@abbott.net,abbott.net,True,True,9313348113,logan-orozco.com,1,100.0,High,,,
872,872,820fCf059c5edFC,Edward Hanna,William,Hickman,"Cooke, Barker and Browning",6064311126 ext 588,7447228074 ext 35578,teresa60@lutz-allison.com,shorttami@webster.net,esparza.net,Cold Email,Re-Engagement,Expert safe audience music mean tonight.,True,True,teresa60@lutz-allison.com,lutz-allison.com,True,True,6064311126 ext 588,esparza.net,1,100.0,High,,,
873,873,DC01b3563B76CcA,Ian Zuniga,Dana,Armstrong,Good LLC,7586767527 ext 8754,4488377519,rothjasmine@hart.biz,oconnordiana@king-garza.org,patrick.net,Chatbot,Proposal Sent,Subject action truth degree town nation.,True,True,rothjasmine@hart.biz,hart.biz,True,True,7586767527 ext 8754,patrick.net,1,100.0,High,,,
874,874,c5BF0Deb2fdCB2d,Kathy Rasmussen,Katherine,Mcgee,"Bean, Welch and Booth",0015223110367 ext 226,2359917150 ext 616,kara75@fletcher.org,yweaver@russell-peters.com,colon.com,Retargeting Ads,Contacted,Plant but wish.,True,True,kara75@fletcher.org,fletcher.org,False,True,0015223110367 ext 226,colon.com,1,100.0,Medium,,,
875,875,dd869f24E4b2b37,Terry Copeland,Carla,Mack,Conway-Hurley,9227362949 ext 9063,5068804268 ext 119,ecalderon@garrison-maxwell.com,rweiss@bates.org,gray.biz,Podcast,Negotiation,Edge owner behind ask.,True,True,ecalderon@garrison-maxwell.com,garrison-maxwell.com,True,True,9227362949 ext 9063,gray.biz,1,100.0,High,,,
876,876,EbDf51a1AAdaF56,Beverly Brock,Adam,Harrington,Walsh-Pratt,7245798150,5428647753 ext 9111,urowland@walter.com,arthurcameron@nolan.biz,rich.com,Google Ads,Re-Engagement,Yet onto pay field worry.,True,True,urowland@walter.com,walter.com,True,True,7245798150,rich.com,1,100.0,High,,,
877,877,4bF651e4dC0f5FF,Zoe Forbes,Laura,Stone,Kemp Inc,0016576178814 ext 09187,4519669282,yodermonique@koch.com,ojimenez@hicks.com,lopez-carter.com,Other,New Lead,Degree popular picture nation wear.,True,True,yodermonique@koch.com,koch.com,False,True,0016576178814 ext 09187,lopez-carter.com,1,100.0,Medium,,,
878,878,cAfd32eBcd9C9FB,Shaun Boyer,Francisco,Noble,Mercado Group,3999335785 ext 401,3227692581 ext 3453,poolewendy@fuentes.net,joannefloyd@mcclain.biz,galvan-austin.com,Other,New Lead,Among beat attack right hard avoid building.,True,True,poolewendy@fuentes.net,fuentes.net,True,True,3999335785 ext 401,galvan-austin.com,1,100.0,High,,,
879,879,1D2476aE73e1fa7,Justin Werner,Jean,Neal,Huynh Ltd,6932197200,16236613913 ext 47399,jimenezwalter@bradley-gibbs.com,dunnbrian@humphrey-pitts.com,villarreal-williams.org,Website Form,New Lead,Citizen call good lead third dinner.,True,True,jimenezwalter@bradley-gibbs.com,bradley-gibbs.com,True,False,6932197200,villarreal-williams.org,1,100.0,High,,,
880,880,95bF8eEa2F1F16F,Dakota Coffey,Lindsay,Cowan,"Bentley, Salazar and Hinton",7684735605 ext 5029,18746849583 ext 527,preston56@haynes.com,irobertson@hughes.info,lane.com,Google Ads,Re-Engagement,Street technology skill claim.,True,True,preston56@haynes.com,haynes.com,True,True,7684735605 ext 5029,lane.com,1,100.0,High,,,
881,881,97Dc0AFa6e8159D,Bianca Juarez,Manuel,Lynch,"Rubio, Hester and Andrews",3378306941,0018573904990,mkramer@flores.com,yugordon@montoya.com,oneal.net,Cold Call,Closed Won,Civil sort girl town nation huge unit theory.,True,True,mkramer@flores.com,flores.com,True,True,3378306941,oneal.net,1,100.0,High,,,
882,882,E640EbDF3bB8DeF,Juan Mayo,Sherry,Walters,Donovan-Gentry,15008391027 ext 8086,4999684808 ext 59992,roachsonya@compton-knapp.com,bcohen@mahoney.com,ward.net,Webinars,Closed Lost,Positive risk about either life use up.,True,True,roachsonya@compton-knapp.com,compton-knapp.com,True,True,15008391027 ext 8086,ward.net,1,100.0,High,,,
883,883,88fce7daf30B5BD,Duane Ayala,Kristi,Acosta,"Wilkinson, Galloway and Harding",4472196736,3315440454,anthonynancy@hurst-burns.com,huberjoshua@gonzalez-skinner.com,hartman.com,Facebook Ads,Closed Won,Movement process official class.,True,True,anthonynancy@hurst-burns.com,hurst-burns.com,True,True,4472196736,hartman.com,1,100.0,High,,,
884,884,b77bF2cd58b9D7D,Laura Peters,Samantha,Weeks,Bates Group,16879406498,9479002030,kwilkinson@knight-gregory.com,riggsrickey@brandt-maddox.org,lutz.com,Partner Program,Closed Lost,Only camera until place table.,True,True,kwilkinson@knight-gregory.com,knight-gregory.com,True,True,16879406498,lutz.com,1,100.0,High,,,
885,885,D5AfDefCB6Bb7cf,Shaun Baird,Cassidy,Owen,Murillo PLC,7966958561,3845977241 ext 56950,jgentry@henderson-lynn.com,tabithasalazar@robbins.com,dalton-ayala.com,Other,Closed Won,Mind check everyone yes mention service.,True,True,jgentry@henderson-lynn.com,henderson-lynn.com,True,True,7966958561,dalton-ayala.com,1,100.0,High,,,
886,886,66b692dD05e6C3b,Mike Benson,Leon,Andrade,Boone Inc,2546543106,7485447546,flynnvalerie@huber.com,tcurry@beard.info,lawson.com,Referral,Closed Won,Wind though low often thousand inside.,True,True,flynnvalerie@huber.com,huber.com,True,True,2546543106,lawson.com,1,100.0,High,,,
887,887,a3c6Cf769868D4E,Jimmy Schmitt,Greg,Delgado,"Mann, Villarreal and Hunt",8984124221 ext 7529,2817422150 ext 022,mhernandez@ryan.net,blakeberger@atkinson.com,farmer-scott.com,Networking Event,Re-Engagement,Part name standard mind end else.,True,True,mhernandez@ryan.net,ryan.net,True,True,8984124221 ext 7529,farmer-scott.com,1,100.0,High,,,
888,888,060dbB0abBDEc84,Kimberly Campbell,Lynn,Mays,"Guzman, Flowers and Neal",3718053687,0013989610713 ext 9503,brianahammond@ramos-reyes.org,bmarshall@watts.com,hawkins.org,Direct Traffic,Negotiation,Born its some.,True,True,brianahammond@ramos-reyes.org,ramos-reyes.org,True,False,3718053687,hawkins.org,1,100.0,High,,,
889,889,f6e4C18E7DF9F71,Destiny Stephenson,Katherine,Kaufman,Shelton-Hurst,6928593783,2925242965,hicksashlee@reese.biz,arthurchapman@nielsen.com,gilbert.org,Webinars,Proposal Sent,Sell Democrat common national laugh.,True,True,hicksashlee@reese.biz,reese.biz,True,True,6928593783,gilbert.org,1,100.0,High,,,
890,890,9fCC59DEE3d0439,Alec Maxwell,Mario,Roth,Young-Webster,4163309451,6389079294 ext 8599,nina40@norris-walsh.com,charles76@spencer-lowe.com,mccarty.com,Trade Show,Disqualified,Style buy can hot cultural husband contain.,True,True,nina40@norris-walsh.com,norris-walsh.com,True,True,4163309451,mccarty.com,1,100.0,High,,,
891,891,38f8Fcc81ADb732,Martha Weeks,Karen,Archer,Herrera Inc,9302266102 ext 18004,4423344053 ext 2620,helencooke@roman.org,bridgeskerri@barnett.org,whitaker.com,Content Marketing,On Hold,Reduce various million always decide.,True,True,helencooke@roman.org,roman.org,True,True,9302266102 ext 18004,whitaker.com,1,100.0,High,,,
892,892,FAABA8ffdDBA9bD,Molly Wagner,Breanna,Pennington,Hatfield Ltd,2479280881 ext 4266,0017908314953 ext 6769,charlotte64@ashley.com,xfrench@mooney.net,copeland-wright.info,Website Form,Closed Won,Especially data world third.,True,True,charlotte64@ashley.com,ashley.com,True,False,2479280881 ext 4266,copeland-wright.info,1,100.0,High,,,
893,893,196526CeAb5B6AE,Wanda Orr,Julia,Lawrence,"Huerta, Downs and Hester",9145881319 ext 9908,5215364803,warrenchristie@atkinson.com,bheath@rivers.biz,peters-obrien.net,Chatbot,Re-Engagement,Society begin me into data theory white.,True,True,warrenchristie@atkinson.com,atkinson.com,True,True,9145881319 ext 9908,peters-obrien.net,1,100.0,High,,,
894,894,afd2609ccae329a,Hayden Rivas,Levi,Shepard,Skinner PLC,7265175234,9854311592,dharrell@buckley.biz,monique41@poole.com,hood.com,Other,Contacted,College feeling how moment.,True,True,dharrell@buckley.biz,buckley.biz,True,True,7265175234,hood.com,1,100.0,High,,,
895,895,acC977feBa68739,Gary Deleon,Kaitlin,Ibarra,Bowers-Jimenez,4892113977 ext 875,0014352463856,newmandevin@wilkins.com,ehorton@chan-kirk.com,weeks.com,Networking Event,Negotiation,Step piece should perhaps.,True,True,newmandevin@wilkins.com,wilkins.com,True,True,4892113977 ext 875,weeks.com,1,100.0,High,,,
896,896,89FD1f216708b8E,Chelsey Richardson,Dwayne,Cuevas,Wells-Strickland,9405563988 ext 612,4159534842 ext 09306,mercedes13@decker-marsh.info,nancy54@hebert.com,gay.biz,Content Marketing,Disqualified,Past ten already sister.,True,True,mercedes13@decker-marsh.info,decker-marsh.info,True,True,9405563988 ext 612,gay.biz,1,100.0,High,,,
897,897,Fc8c5C58857d881,Gwendolyn Nielsen,Laura,Werner,"Rollins, Lucas and Pollard",8562336718,4882339923 ext 0633,pkeith@barrett.com,banksrussell@mathews.com,sawyer-humphrey.com,Website Form,Closed Lost,History common eye forward next.,True,True,pkeith@barrett.com,barrett.com,True,True,8562336718,sawyer-humphrey.com,1,100.0,High,,,
898,898,d6da7e04Fd5DEF5,Erica Browning,Calvin,Logan,Owen PLC,8083000933,19969885545 ext 17422,hendrixvirginia@huerta.com,gailmckee@hartman.com,sutton.com,Facebook Ads,On Hold,Any father strong accept size true.,True,True,hendrixvirginia@huerta.com,huerta.com,True,False,8083000933,sutton.com,1,100.0,High,,,
899,899,9FeAcF8eBAd6971,Jasmine Coleman,Clinton,Ochoa,Cisneros Inc,2034860185,7993565191 ext 9058,lauren48@horne.com,isabel20@mayo-hester.com,sutton-frederick.org,Networking Event,Proposal Sent,Prepare treatment car already.,True,True,lauren48@horne.com,horne.com,True,True,2034860185,sutton-frederick.org,1,100.0,High,,,
900,900,BfB5AaadccD0e9B,Michael Shaw,Melvin,Porter,"Sanders, Baxter and West",2608872755,4847038437 ext 7569,heidi75@peck.com,fieldspaige@harmon.net,russo.com,Direct Traffic,On Hold,Difference hit beyond whom.,True,True,heidi75@peck.com,peck.com,True,True,2608872755,russo.com,1,100.0,High,,,
901,901,1f1BfDE318fdBa2,Chase Shah,Steve,Herrera,Richardson Group,0017856087121,6698483156 ext 6643,ashlee69@mcintosh-beasley.com,mallory48@boone.biz,levine.com,Trade Show,Closed Won,Woman than discuss movement central nice main.,True,True,ashlee69@mcintosh-beasley.com,mcintosh-beasley.com,True,True,0017856087121,levine.com,1,100.0,High,,,
902,902,DF48DFE8E6B91ff,Sherry Ingram,Angela,Bean,Gilmore-Conway,4714676427 ext 05250,12993488672 ext 204,betty78@kemp.com,mcguirecheryl@wade.com,choi-schwartz.com,Google Ads,On Hold,Democratic section improve.,True,True,betty78@kemp.com,kemp.com,True,True,4714676427 ext 05250,choi-schwartz.com,1,100.0,High,,,
903,903,DB7CDd85cC8F8D7,Kenneth English,Ana,Salinas,Stanley-Barnes,8722006830 ext 60875,9395756840 ext 50450,darlene31@fuller-baxter.info,martincaitlin@huber.com,boyle.com,Direct Traffic,Closed Lost,Green attorney always team amount wind position.,True,True,darlene31@fuller-baxter.info,fuller-baxter.info,True,True,8722006830 ext 60875,boyle.com,1,100.0,High,,,
904,904,e8B3204F0eEBeB0,Paula Perez,Hunter,Hurley,Cortez Ltd,7716691174 ext 360,4606206864 ext 62438,cunninghamdylan@willis-allen.com,zunigatonya@petersen.com,perry.info,Organic Search (Seo),On Hold,Political staff front young operation human.,True,True,cunninghamdylan@willis-allen.com,willis-allen.com,True,True,7716691174 ext 360,perry.info,1,100.0,High,,,
905,905,ADBFdcB3Fecd0ec,Theodore Palmer,Selena,Berry,"Hampton, Moses and Rivas",2666335871 ext 8193,19712801742 ext 4036,shaneturner@vance.com,carlacosta@hines.com,luna.com,Referral,Contacted,Since player type always floor again bad.,True,True,shaneturner@vance.com,vance.com,True,True,2666335871 ext 8193,luna.com,1,100.0,High,,,
906,906,36b95dC3B8e8E90,Xavier Cobb,Caleb,Pace,Pratt-Nichols,12867268345,0016954018678 ext 572,foleytodd@miranda.biz,guerreroluis@clay-may.org,spears.com,Social Media,Contacted,Drug bed president second attorney read director keep.,True,True,foleytodd@miranda.biz,miranda.biz,True,False,12867268345,spears.com,1,100.0,High,,,
907,907,3De9D7FCe0aBB63,Manuel Gilmore,Becky,Zavala,"Estes, Frank and Booth",0013147562506 ext 25779,5304832990 ext 4459,nashrebecca@olson-eaton.com,linda52@brennan.com,gonzalez-hart.com,Content Marketing,Contacted,Billion spring support move sell computer.,True,True,nashrebecca@olson-eaton.com,olson-eaton.com,False,True,0013147562506 ext 25779,gonzalez-hart.com,1,100.0,Medium,,,
908,908,c382E885b44B0eA,Ann Noble,Bobby,Marsh,Hale Group,9548312701,6429686036,uwilkinson@price.org,rachelmcpherson@yang.com,roy.org,Direct Traffic,Disqualified,Fast her ten station.,True,True,uwilkinson@price.org,price.org,True,True,9548312701,roy.org,1,100.0,High,,,
909,909,5BAb45F46d2Fbb2,Candace Knight,Jasmine,Craig,"Holden, Ortiz and Vazquez",18439783307 ext 27310,6418845006,ltaylor@arnold.org,geoffreyhorn@warner.org,carney.biz,Networking Event,Disqualified,None would art any beat performance player.,True,True,ltaylor@arnold.org,arnold.org,False,True,18439783307 ext 27310,carney.biz,1,100.0,Medium,,,
910,910,cBF6fda6b7D5f84,Jo Rivera,Melinda,Olson,Ball Group,0019534046652 ext 247,3137826620,stephensontommy@dunlap.com,xyoung@zamora-daniels.com,haley.com,Direct Traffic,Qualified,Enter wall place personal require this.,True,True,stephensontommy@dunlap.com,dunlap.com,False,True,0019534046652 ext 247,haley.com,1,100.0,Medium,,,
911,911,a6acCcB874e27a4,Claudia Frye,Wanda,Douglas,Arias Inc,4715280691,5603231538 ext 7452,beckshelby@navarro.biz,buckleysteve@bridges.com,walls.net,Cold Email,Closed Won,Table carry concern successful exactly really.,True,True,beckshelby@navarro.biz,navarro.biz,True,True,4715280691,walls.net,1,100.0,High,,,
912,912,1ebAeAebEce4CbD,Dakota Franklin,Don,Ryan,Donovan Group,8333346896,8905068229 ext 3298,frenchedgar@douglas.com,bryan44@middleton.com,tucker.com,Organic Search (Seo),On Hold,Event get open often activity radio do occur.,True,True,frenchedgar@douglas.com,douglas.com,True,True,8333346896,tucker.com,1,100.0,High,,,
913,913,86CcdF39Feda741,Gordon Choi,Patty,Kerr,Horne-Taylor,16919239855,8989886887 ext 347,marilyn68@barrett.com,chloe61@macdonald.com,lowery.com,Trade Show,Re-Engagement,Politics recently movement remember Mr it.,True,True,marilyn68@barrett.com,barrett.com,True,True,16919239855,lowery.com,1,100.0,High,,,
914,914,0Fa1307aD590cE7,Stephen Fleming,Evelyn,Mcclure,Duarte Inc,7957051293 ext 450,0016613145192 ext 935,yjarvis@howe.com,lutzlynn@braun-prince.com,moss.info,Facebook Ads,Qualified,College network thought issue sign poor general get.,True,True,yjarvis@howe.com,howe.com,True,False,7957051293 ext 450,moss.info,1,100.0,High,,,
915,915,6dfE09CBBaAfF5F,Danielle Guerrero,Carly,Washington,Hinton-Mosley,7963073681 ext 72947,9396123914 ext 3682,clarkejoyce@avila.com,ypatton@dodson.com,parrish.com,Webinars,Closed Lost,Else little administration rock.,True,True,clarkejoyce@avila.com,avila.com,True,True,7963073681 ext 72947,parrish.com,1,100.0,High,,,
916,916,dE8E9A879e1d1ed,Mikayla Lane,Tim,Benton,"Richard, Kelley and Morgan",4149622999 ext 117,6427019705 ext 779,nicholas24@gilmore-booker.com,wingram@hines.org,hayden-moreno.com,Podcast,Re-Engagement,Lot explain prevent apply.,True,True,nicholas24@gilmore-booker.com,gilmore-booker.com,True,True,4149622999 ext 117,hayden-moreno.com,1,100.0,High,,,
917,917,7835Bbb6b17fb0F,Troy Hodges,Gina,Spears,"Hammond, Lutz and Chavez",5236275229,9309239878 ext 6000,tony84@huff-montgomery.net,normanunderwood@merritt.net,scott.com,Other,Disqualified,Development show senior take.,True,True,tony84@huff-montgomery.net,huff-montgomery.net,True,True,5236275229,scott.com,1,100.0,High,,,
918,918,8FEf3125B055BCd,Michelle Crosby,Lisa,Compton,Gay-Reed,4184976494 ext 582,5345313420,joyceamanda@buchanan.com,hopkinsruth@black-logan.com,salazar-dudley.com,Social Media,Closed Lost,Such book eight decade.,True,True,joyceamanda@buchanan.com,buchanan.com,True,True,4184976494 ext 582,salazar-dudley.com,1,100.0,High,,,
919,919,78998eFc52A1D3D,Lydia Mcbride,Ernest,Dixon,"Hicks, Bonilla and Sellers",12677275215,2647420019 ext 9075,chelsea26@gibbs.com,tim58@vance.info,walton-morgan.org,Partner Program,Negotiation,Check close local use example.,True,True,chelsea26@gibbs.com,gibbs.com,True,True,12677275215,walton-morgan.org,1,100.0,High,,,
920,920,57D5c9dA17d2cD2,Kathryn Mccall,Andrea,Roberts,"Atkinson, Mcfarland and Compton",19949767281 ext 409,19454906918,englishchris@townsend.org,lindsay64@ortiz-molina.com,solomon.com,Partner Program,Qualified,Write scene must involve.,True,True,englishchris@townsend.org,townsend.org,True,True,19949767281 ext 409,solomon.com,1,100.0,High,,,
921,921,430DCFAfba463DC,Derrick Gaines,Cristian,Hogan,"Zavala, Shannon and Carson",14759574903 ext 47615,5939384202,zamoracameron@holland.biz,warren59@everett.biz,hess.org,Referral,Re-Engagement,Daughter research maybe drug coach.,True,True,zamoracameron@holland.biz,holland.biz,False,True,14759574903 ext 47615,hess.org,1,100.0,Medium,,,
922,922,0DAAd4ae2CF8fee,Deanna Vance,Becky,Duran,Perkins LLC,4998576433 ext 4645,0016086697857,glandry@kline.info,roger82@reese.com,gregory.com,Direct Traffic,Re-Engagement,Modern side local something smile standard training.,True,True,glandry@kline.info,kline.info,True,True,4998576433 ext 4645,gregory.com,1,100.0,High,,,
923,923,B11a66EC8eeD415,Roberto Hull,Ernest,Finley,Herring Inc,0019804884886,3792544696,marco18@arnold-mccann.com,tracy82@nixon.org,castro-hardy.com,Cold Email,Closed Lost,Project north voice.,True,True,marco18@arnold-mccann.com,arnold-mccann.com,True,True,0019804884886,castro-hardy.com,1,100.0,High,,,
924,924,CC23bDdDcBa1557,Philip Abbott,Henry,Friedman,"Schaefer, Flynn and Lowe",8076363250 ext 7778,9058300416,jcosta@ryan.biz,dominicbowers@beard.com,friedman.com,Website Form,Disqualified,Fast program mother stand guess blue edge.,True,True,jcosta@ryan.biz,ryan.biz,True,True,8076363250 ext 7778,friedman.com,1,100.0,High,,,
925,925,563151eF7deAC2D,Cory Mills,Bryan,Duffy,Singh Inc,18019988976 ext 418,4377605185,owenskevin@harris-garza.com,jacqueline26@kaiser-randolph.com,salas.net,Retargeting Ads,Closed Lost,Increase ok direction this person wife.,True,True,owenskevin@harris-garza.com,harris-garza.com,True,True,18019988976 ext 418,salas.net,1,100.0,High,,,
926,926,eEE4f68DFBf4F7a,Beverly Bird,Brooke,Haney,Herrera Group,14624371681 ext 821,12689968492,shieldsbethany@flowers-bryant.com,jim72@joseph.info,bruce.org,Facebook Ads,On Hold,West one cover nation inside.,True,True,shieldsbethany@flowers-bryant.com,flowers-bryant.com,True,True,14624371681 ext 821,bruce.org,1,100.0,High,,,
927,927,0eeDFa91b1aceA0,Danny Rodgers,Bryan,Pineda,Rangel-Mcconnell,8316605963,3793739586,javierarias@vincent.net,karifrancis@doyle.com,nash.info,Other,Closed Lost,Of then feeling ready.,True,True,javierarias@vincent.net,vincent.net,True,True,8316605963,nash.info,1,100.0,High,,,
928,928,655cebF5cC9C9aE,Stanley Morris,Nina,Rodriguez,"Conway, Fleming and Mcneil",3026897919,17868295440 ext 083,kathryngomez@vincent-boyle.net,sjenkins@maynard.com,mcdaniel.com,Google Ads,Closed Won,Sort reflect blood instead woman success any.,True,True,kathryngomez@vincent-boyle.net,vincent-boyle.net,True,True,3026897919,mcdaniel.com,1,100.0,High,,,
929,929,61b94B20e4edfcD,Savannah Fletcher,Francisco,Murphy,Sheppard-Woods,0019487975645,3337708862 ext 3437,stanley47@evans-cantu.org,arthurshah@schroeder.org,molina.com,Content Marketing,New Lead,Ball significant data third top military.,True,True,stanley47@evans-cantu.org,evans-cantu.org,True,True,0019487975645,molina.com,1,100.0,High,,,
930,930,e4C3cD22a8b48ae,Caleb Johnson,Mandy,Lara,"Lucero, Mcguire and Burnett",9793093195,0019807959240 ext 3026,stanleykerry@kerr-faulkner.info,damon16@cuevas.com,cobb.com,Referral,Disqualified,Many never then door.,True,True,stanleykerry@kerr-faulkner.info,kerr-faulkner.info,True,False,9793093195,cobb.com,1,100.0,High,,,
931,931,0Cd1b698ccfd781,Ronald Sellers,Daisy,Chan,Owens-Henderson,12816893814,17664780050 ext 20078,pcompton@nash.com,patricklozano@gilmore-adkins.com,gutierrez.com,Cold Call,On Hold,Pay open specific behind soon long too.,True,True,pcompton@nash.com,nash.com,True,False,12816893814,gutierrez.com,1,100.0,High,,,
932,932,62D85d2dAB9FCaf,Jennifer Avila,Scott,Lee,Clay-Briggs,2679104203,2442941000 ext 3311,andrewcantrell@bruce-wolfe.biz,susan38@reynolds.com,nunez.com,Organic Search (Seo),Closed Won,Many along child reveal alone.,True,True,andrewcantrell@bruce-wolfe.biz,bruce-wolfe.biz,True,True,2679104203,nunez.com,1,100.0,High,,,
933,933,C895ce0B6e94Cbe,Kiara Serrano,April,Garner,Hunter-Atkins,9624075311 ext 39232,3124141284,deannalin@powell.com,parkeryu@bass.com,osborne-robertson.com,Content Marketing,On Hold,Republican politics fear wife year.,True,True,deannalin@powell.com,powell.com,True,True,9624075311 ext 39232,osborne-robertson.com,1,100.0,High,,,
934,934,2ccbca8Da8c5666,Austin Spencer,Zoe,Livingston,"Ali, Norman and Duran",14326438752 ext 73025,5807682091 ext 7159,xfrederick@villa.org,neildaugherty@acosta-parsons.com,wyatt.com,Google Ads,Negotiation,Behind life head guess wrong.,True,True,xfrederick@villa.org,villa.org,False,True,14326438752 ext 73025,wyatt.com,1,100.0,Medium,,,
935,935,625dBd02d635BE2,Meagan Simon,Austin,Estrada,"Fitzgerald, Hendrix and Saunders",9857864339 ext 0843,6302292599 ext 73916,ejohnston@snow.com,deannajones@reynolds.com,carpenter.net,Content Marketing,Re-Engagement,Reality let time.,True,True,ejohnston@snow.com,snow.com,True,True,9857864339 ext 0843,carpenter.net,1,100.0,High,,,
936,936,aADC42AEfa9BE75,Gerald Duke,Tommy,Paul,Pennington PLC,19564348379 ext 0767,0019773361028 ext 56725,sheajimmy@mcgrath.com,chambersmarilyn@stark.org,gaines.com,Social Media,Contacted,Lot point story system room.,True,True,sheajimmy@mcgrath.com,mcgrath.com,True,False,19564348379 ext 0767,gaines.com,1,100.0,High,,,
937,937,7c934ace387FDF4,Sue Holt,Michael,Ross,Houston-Fuller,9462909099 ext 4936,6862438970 ext 44551,jayjefferson@chang.com,derek27@thornton.net,ware.com,Trade Show,Re-Engagement,Gun city couple until be each state.,True,True,jayjefferson@chang.com,chang.com,True,True,9462909099 ext 4936,ware.com,1,100.0,High,,,
938,938,6dfe2FD8D3dfdc5,Chase Hansen,Terry,Gardner,"French, Campos and Navarro",0017075142024 ext 71083,4946830239 ext 99194,traciclarke@mueller.info,skinnerrandall@smith.net,ho.biz,Purchased List,Negotiation,Girl sure none up minute later.,True,True,traciclarke@mueller.info,mueller.info,False,True,0017075142024 ext 71083,ho.biz,1,100.0,Medium,,,
939,939,F5B6A5D7292a227,Jesse Nixon,Roberto,Davenport,Moon-Russo,0013007654222,6669590139,joespencer@murillo.com,omcdowell@gallegos.com,everett-calderon.com,Social Media,Closed Won,Artist space security board east vote.,True,True,joespencer@murillo.com,murillo.com,True,True,0013007654222,everett-calderon.com,1,100.0,High,,,
940,940,B5ae424C6EAbcC2,Brendan Adkins,Katrina,Espinoza,Branch-Stein,7968262165,7433140115 ext 916,bushshawn@church.com,lsimon@coffey.net,khan-roberts.net,Purchased List,Qualified,Exist will eat development member five.,True,True,bushshawn@church.com,church.com,True,True,7968262165,khan-roberts.net,1,100.0,High,,,
941,941,1f0D7ea58dcb4aa,Ray Coffey,Dana,Park,Mcclain and Sons,7148830841,4402871801,carrie43@carrillo.com,adriangrant@hodge.net,hull-ballard.org,Cold Call,New Lead,Green again get your purpose either want.,True,True,carrie43@carrillo.com,carrillo.com,True,True,7148830841,hull-ballard.org,1,100.0,High,,,
942,942,A242CAebFACAbea,Tommy Conley,Danielle,Boyer,Hammond LLC,12486622727 ext 976,4848060008,aparrish@blackburn.biz,rmaddox@dawson-rosales.com,rivas-beltran.com,Chatbot,Contacted,End do actually risk power office.,True,True,aparrish@blackburn.biz,blackburn.biz,True,True,12486622727 ext 976,rivas-beltran.com,1,100.0,High,,,
943,943,A16eEB6D2Bac8Fe,Maurice Parks,Kelli,Goodman,Erickson PLC,0017502193183,0014232694544,michaelaayers@woods.com,ugalloway@mccoy.com,romero.org,Networking Event,Qualified,According rock environmental around.,True,True,michaelaayers@woods.com,woods.com,True,True,0017502193183,romero.org,1,100.0,High,,,
944,944,BCC220B0a70fc8E,Micheal Herman,Willie,Wu,"Hebert, Warren and Valencia",2657485299,2989326047,sstephenson@wolf.com,kelsey86@klein.com,li.net,Trade Show,Re-Engagement,Result go service himself trade card.,True,True,sstephenson@wolf.com,wolf.com,True,True,2657485299,li.net,1,100.0,High,,,
945,945,39B117E6E0fb51A,Gary Mcintosh,Russell,Rivera,"Neal, Fletcher and Andersen",13125237710,5055393947,antonioskinner@espinoza.info,bellharry@camacho-lara.com,daniel.org,Retargeting Ads,On Hold,Miss always local prove outside family people.,True,True,antonioskinner@espinoza.info,espinoza.info,True,True,13125237710,daniel.org,1,100.0,High,,,
946,946,7fbCCDF2FAFEaef,Rhonda Nguyen,Meredith,Meadows,Mccarty Inc,7094791742 ext 36188,8632915117 ext 7768,acevedokara@solomon-heath.com,ucarlson@mclean-mckay.com,orozco.info,Content Marketing,On Hold,Cold thing chance.,True,True,acevedokara@solomon-heath.com,solomon-heath.com,True,True,7094791742 ext 36188,orozco.info,1,100.0,High,,,
947,947,BAd64E7EafDDaB8,Albert Trevino,Alexis,Mcfarland,Pham LLC,3368102663 ext 86117,17235116753 ext 753,sdouglas@vasquez-cook.net,sylvialamb@mckinney.info,combs-patel.com,Social Media,On Hold,Step black perhaps fact oil PM.,True,True,sdouglas@vasquez-cook.net,vasquez-cook.net,True,True,3368102663 ext 86117,combs-patel.com,1,100.0,High,,,
948,948,B13424D6e6ED708,Beth Murillo,Oscar,Ball,Bond-Morales,2937956018 ext 45518,14536608325 ext 64691,mezabobby@ballard-zamora.com,ycoleman@warner-lloyd.com,oconnor.biz,Direct Traffic,Contacted,Pull part family.,True,True,mezabobby@ballard-zamora.com,ballard-zamora.com,True,False,2937956018 ext 45518,oconnor.biz,1,100.0,High,,,
949,949,BeeCa8e0e0781bC,Yesenia Farley,Cameron,Fleming,Hester-Mayer,8856725737 ext 65812,5889643611,leonard45@mcintyre.com,nunezjean@garrett.biz,haney.com,Networking Event,Closed Won,Sign ready system about trial.,True,True,leonard45@mcintyre.com,mcintyre.com,True,True,8856725737 ext 65812,haney.com,1,100.0,High,,,
950,950,4F440c6f2dBdDcd,Oscar Beard,Julia,Rocha,"Mcclain, Gibson and Bradley",3662313249 ext 329,9256293836 ext 6079,stewartyolanda@ellis-aguilar.com,hawkinsallen@ford.com,alvarado-francis.com,Google Ads,Closed Won,Account building require spend cut enough.,True,True,stewartyolanda@ellis-aguilar.com,ellis-aguilar.com,True,True,3662313249 ext 329,alvarado-francis.com,1,100.0,High,,,
951,951,a33CC27FfCcE655,Darius Gould,Spencer,Hudson,Galloway-Rogers,3602062108 ext 606,0019324721023 ext 426,ilogan@oliver.org,tbennett@bridges-weber.com,mccann.com,Social Media,On Hold,Happen practice change dog toward.,True,True,ilogan@oliver.org,oliver.org,True,False,3602062108 ext 606,mccann.com,1,100.0,High,,,
952,952,1372ea8ABa0d1CC,Kurt Compton,Alvin,Wolf,Stephenson-Gomez,6886380255,19928629166 ext 1957,richkristina@montgomery-andrade.com,ghampton@figueroa.com,erickson.com,Retargeting Ads,Contacted,Kind loss side little success.,True,True,richkristina@montgomery-andrade.com,montgomery-andrade.com,True,True,6886380255,erickson.com,1,100.0,High,,,
953,953,0e0AF387cC4cFd0,Kiara Mejia,Ashlee,Prince,"Delacruz, Sherman and Warren",6659373426,9414428028,micheal99@hancock.org,miaduarte@mcconnell-valencia.biz,rangel.com,Organic Search (Seo),Negotiation,Face but social close defense several.,True,True,micheal99@hancock.org,hancock.org,True,True,6659373426,rangel.com,1,100.0,High,,,
954,954,4A39D811Aaa6c02,Dana Roth,Janice,Flores,Rosario Group,4498303737,4564988134,joemack@navarro.org,mgates@stephenson-martin.com,mclean-levine.com,Website Form,Closed Lost,Board born that ground however.,True,True,joemack@navarro.org,navarro.org,True,True,4498303737,mclean-levine.com,1,100.0,High,,,
955,955,8b0ccE01e57c1ff,Donna Reese,Sylvia,Jacobs,"Brewer, Buck and Browning",0017915398069,2857506291,richardsanders@holder.com,patrickmccarthy@spence.com,david-page.com,Trade Show,Disqualified,Behavior easy seem individual more size film.,True,True,richardsanders@holder.com,holder.com,True,True,0017915398069,david-page.com,1,100.0,High,,,
956,956,ef4DD9f0aF356bD,Jade Mcintyre,Kathy,Vaughn,"Guerra, Miller and Sheppard",7989718820,2156195593 ext 69904,kimberly74@stafford.com,mirandafitzpatrick@cline.com,ford-nolan.org,Organic Search (Seo),On Hold,Successful herself real situation or.,True,True,kimberly74@stafford.com,stafford.com,True,True,7989718820,ford-nolan.org,1,100.0,High,,,
957,957,8CF3D0982b14CbD,Lacey Neal,Jacob,Chaney,Burton and Sons,9739902676,0018567093031 ext 49657,michealfitzpatrick@mclaughlin-ellison.biz,peter09@le.info,deleon-landry.net,Other,Closed Won,Order audience less consider staff at bag.,True,True,michealfitzpatrick@mclaughlin-ellison.biz,mclaughlin-ellison.biz,True,False,9739902676,deleon-landry.net,1,100.0,High,,,
958,958,8d9D6F9ba4C5B85,Geoffrey Figueroa,Catherine,Mays,Boyer Ltd,0014718934771 ext 855,4079035133 ext 37294,samanthamahoney@mendez-mays.com,latoya36@townsend.org,villa-herman.info,Linkedin Outreach,On Hold,South likely activity stay discuss.,True,True,samanthamahoney@mendez-mays.com,mendez-mays.com,False,True,0014718934771 ext 855,villa-herman.info,1,100.0,Medium,,,
959,959,B9647d2Ae8cc7D8,Jorge Lynn,Evelyn,Ramsey,Newton-Haynes,7717097880,17493046239 ext 1198,scott14@baker.net,lydiabartlett@lawrence.info,escobar.biz,Content Marketing,Re-Engagement,Sort fact eye cut must quality.,True,True,scott14@baker.net,baker.net,True,True,7717097880,escobar.biz,1,100.0,High,,,
960,960,cacD7beDdE84B10,Joe Bates,Shawna,Davila,Best-Carpenter,16964615087 ext 0868,2214939698,amandarocha@mckenzie.net,cdeleon@mitchell.com,mahoney-lucero.com,Cold Email,Closed Won,Help evening fish even.,True,True,amandarocha@mckenzie.net,mckenzie.net,True,True,16964615087 ext 0868,mahoney-lucero.com,1,100.0,High,,,
961,961,5dEF0c27c035D0A,Terri Case,Michael,Hines,Mitchell PLC,3523369702,8815400344 ext 677,kerryhansen@simmons-alexander.com,lisafloyd@dorsey.net,madden.com,Purchased List,New Lead,Early particularly receive.,True,True,kerryhansen@simmons-alexander.com,simmons-alexander.com,True,True,3523369702,madden.com,2,100.0,High,,,
962,962,Aa1F1B6b82F4Fa8,Darrell Pena,Sheena,Savage,Brown Ltd,5488014907,0018927728934,desiree16@glover.com,frankjeffery@love.com,mcdaniel.org,Website Form,On Hold,Identify see development movement while process reality street.,True,True,desiree16@glover.com,glover.com,True,True,5488014907,mcdaniel.org,1,100.0,High,,,
963,963,6cDFbBf443913EC,Christie Acosta,Gerald,Solomon,"Owen, Berry and Robles",17044962417 ext 556,6737879202 ext 8937,sheryl98@lee.com,ihudson@cowan.biz,hanna.net,Networking Event,Disqualified,Along else change.,True,True,sheryl98@lee.com,lee.com,True,True,17044962417 ext 556,hanna.net,1,100.0,High,,,
964,964,8a191E63BDB6eC2,Annette Shah,Nicole,Park,Griffin-Mcintyre,0018794394122 ext 5380,12218791954,kenneth62@freeman.com,frederickholly@kirby.com,page-zamora.net,Webinars,Proposal Sent,Itself rather responsibility stock again activity more chair.,True,True,kenneth62@freeman.com,freeman.com,False,True,0018794394122 ext 5380,page-zamora.net,1,100.0,Medium,,,
965,965,e6eaeF7Cb352F3d,Chloe Wells,Tracie,Caldwell,"Wilson, Dyer and Shaw",6252439055 ext 65115,16323175946,jbender@patel-carrillo.com,watsonalfred@davidson-mooney.net,becker.com,Webinars,Closed Won,Grow strategy create measure grow.,True,True,jbender@patel-carrillo.com,patel-carrillo.com,True,True,6252439055 ext 65115,becker.com,1,100.0,High,,,
966,966,FCda0c3516aF0bC,Charles Douglas,Sheena,Alvarado,"Banks, Hendricks and Glenn",3037158817,16924234036 ext 86778,glasshector@pineda.com,aleon@townsend.com,solis.com,Other,New Lead,Nothing such article television home left around.,True,True,glasshector@pineda.com,pineda.com,True,False,3037158817,solis.com,1,100.0,High,,,
967,967,F9797dbbfbcEAF0,Carlos Bryant,Clifford,Rhodes,"Fry, Hinton and Owen",0016004668519 ext 617,4928155078 ext 3333,yperkins@long-cameron.com,faith15@gray-moon.com,park.net,Chatbot,Re-Engagement,Traditional bit vote.,True,True,yperkins@long-cameron.com,long-cameron.com,False,True,0016004668519 ext 617,park.net,1,100.0,Medium,,,
968,968,2a68e66fad9FdD5,Patty Hawkins,Lydia,Yates,"Townsend, Cervantes and Moss",2285524129,5207703116 ext 233,emily45@fitzgerald.biz,michealroberts@houston.org,michael-hodge.com,Referral,Closed Lost,Your key town western.,True,True,emily45@fitzgerald.biz,fitzgerald.biz,True,True,2285524129,michael-hodge.com,1,100.0,High,,,
969,969,1ddaF5E251FddED,Jacob Donaldson,Connor,Martin,"Drake, Martinez and Byrd",0013389104116 ext 68363,2878657757,bergtamara@elliott.com,yolandaowen@koch-fischer.com,frazier-riddle.net,Content Marketing,On Hold,Put court trial fill.,True,True,bergtamara@elliott.com,elliott.com,False,True,0013389104116 ext 68363,frazier-riddle.net,1,100.0,Medium,,,
970,970,E59F87a11130446,Michele Osborne,Norma,Rojas,Estrada-Cannon,7187903445,9176236152 ext 69131,brady44@gilbert.com,bmontes@parsons.biz,moon.com,Cold Email,New Lead,Somebody debate author must apply.,True,True,brady44@gilbert.com,gilbert.com,True,True,7187903445,moon.com,1,100.0,High,,,
971,971,D23A078ca3Ed30b,Eugene Manning,Maureen,Stuart,"James, Mcfarland and Hurst",19648261538 ext 938,0014596991259 ext 143,duanelittle@duffy-terry.net,dalton00@schultz-pacheco.org,villanueva.com,Cold Email,Contacted,Young end imagine maybe child vote strong.,True,True,duanelittle@duffy-terry.net,duffy-terry.net,True,False,19648261538 ext 938,villanueva.com,1,100.0,High,,,
972,972,1eD6DbD4A44Facd,Evan Barnett,Fernando,Wells,Bowman-Greene,0018314460336 ext 898,4215825907 ext 084,swansondwayne@cain.net,bonnie04@rhodes.com,bautista-molina.com,Cold Call,Negotiation,Certain sound find network.,True,True,swansondwayne@cain.net,cain.net,False,True,0018314460336 ext 898,bautista-molina.com,1,100.0,Medium,,,
973,973,FCFFd19baeC7f11,Francisco Key,Robin,Henderson,Berg LLC,4362798407 ext 83450,0013927734325 ext 0246,crystalhess@stout.com,kristydunlap@reyes.net,marks.info,Chatbot,Contacted,Fine decision agent ground ok heavy.,True,True,crystalhess@stout.com,stout.com,True,False,4362798407 ext 83450,marks.info,1,100.0,High,,,
974,974,a4eA520Dc2BADa4,Christina Lowe,Kirsten,Davidson,"Tucker, Mckee and Roth",0014507307263 ext 6941,9792638636,datkins@phelps.com,vsimpson@jimenez.biz,ballard-riddle.net,Cold Call,Contacted,Much cause control together economy after range case.,True,True,datkins@phelps.com,phelps.com,False,True,0014507307263 ext 6941,ballard-riddle.net,1,100.0,Medium,,,
975,975,71F3dAfA6E61697,Karina Poole,Rodney,Kelly,Larsen Group,9275404483,8739790132,fcamacho@lyons-petty.org,reginald86@medina-george.com,macdonald-schneider.net,Podcast,Re-Engagement,Chair response suffer great feel feel gas.,True,True,fcamacho@lyons-petty.org,lyons-petty.org,True,True,9275404483,macdonald-schneider.net,1,100.0,High,,,
976,976,EfbCbd1dE8Fd1bb,Zoe Berry,Helen,Harvey,Wilkinson and Sons,2352620766 ext 239,9992331514,dakota67@powell.biz,jodi87@duke.info,lucero.com,Organic Search (Seo),Closed Lost,Figure where son.,True,True,dakota67@powell.biz,powell.biz,True,True,2352620766 ext 239,lucero.com,1,100.0,High,,,
977,977,d87e1b6787613bB,Judith Larsen,Jason,Larsen,Burns-Olsen,9709917002,3764403716 ext 930,lburns@daniel.org,lpruitt@walters.biz,guerra.com,Chatbot,Closed Lost,Over others section trouble me west theory.,True,True,lburns@daniel.org,daniel.org,True,True,9709917002,guerra.com,1,100.0,High,,,
978,978,91b22d2c488FbDB,Haley Jacobs,Alexa,Lutz,Wilson-Singleton,4495537194,8574262135 ext 858,hansonangie@mckenzie.biz,oochoa@sampson-elliott.biz,alvarado-jackson.com,Cold Call,Disqualified,Letter include hair very.,True,True,hansonangie@mckenzie.biz,mckenzie.biz,True,True,4495537194,alvarado-jackson.com,1,100.0,High,,,
979,979,BF29e0Ef9f5B3Cc,Melanie Spencer,Ricky,Choi,Beck and Sons,0018459829359,9912782686 ext 825,djohnson@sandoval.com,darleneguzman@little-garza.com,haynes.com,Social Media,Proposal Sent,Mother need also to better.,True,True,djohnson@sandoval.com,sandoval.com,True,True,0018459829359,haynes.com,1,100.0,High,,,
980,980,6c0D076c830fcD4,Joe Christian,Devin,Holmes,Porter LLC,0015557481628 ext 60179,0014866717456,breanna97@yu-wagner.com,pittsbecky@mullins-morrison.com,davis-boone.com,Facebook Ads,Disqualified,Player number necessary hand ability base policy.,True,True,breanna97@yu-wagner.com,yu-wagner.com,False,True,0015557481628 ext 60179,davis-boone.com,1,100.0,Medium,,,
981,981,E5102eFaC59cdcb,Juan Huynh,Zachary,Vance,Pittman Group,5513136217,5719779482,vcrosby@travis-maddox.com,william60@love.biz,chambers-mays.com,Podcast,Qualified,Best claim happy card leave.,True,True,vcrosby@travis-maddox.com,travis-maddox.com,True,True,5513136217,chambers-mays.com,1,100.0,High,,,
982,982,cdCDd6FF4B8e9bE,Kari Robinson,Francis,Dean,"Luna, Acevedo and Chavez",2983530829 ext 961,3092306886 ext 37746,jeremiahsanders@richards-baldwin.com,mistyprince@andrews.org,stout.com,Cold Email,Qualified,Account call cup recent include ball camera.,True,True,jeremiahsanders@richards-baldwin.com,richards-baldwin.com,True,True,2983530829 ext 961,stout.com,1,100.0,High,,,
983,983,d8CE9D7e73FFEAd,Bobby Humphrey,Katelyn,Church,Rivas-Miles,17903584263 ext 6445,7192647886 ext 656,alisonarcher@mckee-blake.com,ryang@browning.net,lindsey.com,Referral,Proposal Sent,Young goal none paper result general wife.,True,True,alisonarcher@mckee-blake.com,mckee-blake.com,True,True,17903584263 ext 6445,lindsey.com,1,100.0,High,,,
984,984,6E7FB65c225E3D9,Adriana Garrison,Travis,Christensen,Petersen-Rowe,4813387139,8192838548 ext 4118,blake36@glenn-dickson.net,francotabitha@massey.com,duarte.info,Podcast,Proposal Sent,Save lead increase from behind standard form.,True,True,blake36@glenn-dickson.net,glenn-dickson.net,True,True,4813387139,duarte.info,1,100.0,High,,,
985,985,E776aFbcd904cc2,Chad Simon,Daryl,Solomon,Dodson PLC,2665419971 ext 532,2963303809,bianca64@crane-davidson.com,cheryl11@chapman.org,robertson-brooks.com,Podcast,New Lead,Thought clear single back.,True,True,bianca64@crane-davidson.com,crane-davidson.com,True,True,2665419971 ext 532,robertson-brooks.com,1,100.0,High,,,
986,986,9F31017ADBeb19F,Kevin Doyle,Andres,Villarreal,"Stephens, Raymond and Ford",0012955555702,7544218944,donnapierce@ponce-mason.com,keyjody@price-watkins.org,lopez-hubbard.com,Networking Event,Contacted,Sense stage actually peace education film different look.,True,True,donnapierce@ponce-mason.com,ponce-mason.com,True,True,0012955555702,lopez-hubbard.com,1,100.0,High,,,
987,987,e3CFb565f58dFeb,Dennis Lawrence,Meredith,Russell,Lucas Ltd,19195287760 ext 55884,7022931509,rubenlindsey@griffith-horne.net,kjackson@carey-crane.com,ali.com,Partner Program,On Hold,Expert top property.,True,True,rubenlindsey@griffith-horne.net,griffith-horne.net,False,True,19195287760 ext 55884,ali.com,1,100.0,Medium,,,
988,988,Ba34cCa6BD3ebAf,Evelyn Hebert,Dylan,Boone,Zamora Group,8014610548 ext 2940,0016919814749 ext 0553,greggberger@hopkins.com,traceypetty@christian.info,massey-hartman.info,Social Media,On Hold,Reduce price course employee once interest lose.,True,True,greggberger@hopkins.com,hopkins.com,True,False,8014610548 ext 2940,massey-hartman.info,1,100.0,High,,,
989,989,b55f0d6cA25A9fb,Eduardo Norton,Shirley,Moses,Strong PLC,9317524203,4323649398 ext 6981,bestjoann@vance.com,carolynvalenzuela@estes.com,randall.net,Cold Email,Closed Lost,Military realize knowledge.,True,True,bestjoann@vance.com,vance.com,True,True,9317524203,randall.net,1,100.0,High,,,
990,990,0Eca9177b1E2A2F,Robyn Pope,Sandra,Cardenas,Madden LLC,2449109505,5524018819 ext 646,tyroneodom@garrison-pope.biz,coltonbuchanan@sanchez.com,hickman.net,Direct Traffic,Qualified,Only throughout close us.,True,True,tyroneodom@garrison-pope.biz,garrison-pope.biz,True,True,2449109505,hickman.net,1,100.0,High,,,
991,991,deF0ADbDAFcf594,Sarah Spence,Hannah,Malone,Zamora LLC,0019546322065 ext 907,5403676591,annayers@andrade-mccullough.com,rickeybrock@vazquez.info,doyle.com,Content Marketing,Contacted,Parent recognize former him.,True,True,annayers@andrade-mccullough.com,andrade-mccullough.com,False,True,0019546322065 ext 907,doyle.com,1,100.0,Medium,,,
992,992,7D9DDA96Beaf8D2,Leon Michael,Chelsey,Cox,"Camacho, Forbes and Burch",0017659312773,8748898852 ext 449,tbenson@charles-gibbs.biz,leon63@caldwell.org,andrade.info,Chatbot,Qualified,Key old election good choose her prepare.,True,True,tbenson@charles-gibbs.biz,charles-gibbs.biz,True,True,0017659312773,andrade.info,1,100.0,High,,,
993,993,DcDF0fAAFB4b516,Evan Tucker,Brittney,Robertson,Salas-Zavala,8649580040 ext 81821,3685757513,monique81@mcconnell.com,mccluregabriela@shelton.com,maxwell.com,Referral,Qualified,Development consumer security vote.,True,True,monique81@mcconnell.com,mcconnell.com,True,True,8649580040 ext 81821,maxwell.com,1,100.0,High,,,
994,994,92D03c9D7941478,Jonathan Petty,Mary,Payne,Chavez LLC,0012393277156 ext 266,4932655197 ext 49486,clintonboyle@sosa.org,luiskane@graham.org,glenn-schmitt.com,Referral,Negotiation,Risk expect unit something out.,True,True,clintonboyle@sosa.org,sosa.org,False,True,0012393277156 ext 266,glenn-schmitt.com,1,100.0,Medium,,,
995,995,B4cef67a6fF4c2F,Shelley Bradshaw,Gabriel,Singh,Garner-Odonnell,14337874359 ext 985,9137619782,claire12@koch-krueger.com,ejefferson@phelps.com,miranda-jensen.com,Podcast,Closed Won,Laugh enjoy form section thank tree agency eat.,True,True,claire12@koch-krueger.com,koch-krueger.com,True,True,14337874359 ext 985,miranda-jensen.com,1,100.0,High,,,
996,996,2b3DF6736afc41B,Karla Solis,Andres,Mack,Chavez Group,6516471699,16827977372,sethlewis@kane.org,deanshannon@rosario-vazquez.info,page.com,Website Form,Closed Won,Total sister church wife action leader.,True,True,sethlewis@kane.org,kane.org,True,True,6516471699,page.com,1,100.0,High,,,
997,997,7DE8876cD9feb06,Jaime Alvarez,Kerry,Williamson,Ewing-Wilkinson,3594589609,0016176354771 ext 21391,bartonmeghan@nolan.info,trivers@erickson.com,kane-willis.com,Linkedin Outreach,Closed Lost,Knowledge capital special operation consumer book ago economic.,True,True,bartonmeghan@nolan.info,nolan.info,True,False,3594589609,kane-willis.com,1,100.0,High,,,
998,998,49e703C20Ebd4d6,Ruth Cordova,Mark,Singh,"Mueller, Mcdonald and Moreno",3412871322 ext 5936,3238635915 ext 212,nolanlindsay@carey.net,bowenanthony@liu-wallace.info,chung.com,Networking Event,Proposal Sent,Indicate result past yet.,True,True,nolanlindsay@carey.net,carey.net,True,True,3412871322 ext 5936,chung.com,1,100.0,High,,,
999,999,e8ABd3EBffA0DD2,Derek Lucero,Drew,Dodson,"Wiggins, Crawford and Lowe",17985805257 ext 2549,8525661123,edgar63@allen.com,patty00@dyer.com,smith-peters.com,Other,Contacted,To seven throughout send article seven.,True,True,edgar63@allen.com,allen.com,True,True,17985805257 ext 2549,smith-peters.com,1,100.0,High,,,
1000,1000,E6a6c633B4AD579,Sonia Christian,Billy,Boyle,Morris Group,18196646670,3283358434,zchase@bishop.com,vargasjudith@marquez.org,king-dougherty.biz,Direct Traffic,New Lead,Especially property consumer ground event.,True,True,zchase@bishop.com,bishop.com,True,True,18196646670,king-dougherty.biz,1,100.0,High,,,
